shipment_id,customer_id,product_category,warehouse_block,mode_of_shipment,route,customer_care_calls,customer_rating,cost_of_product,prior_purchases,discount_offered,weight_in_gms,scheduled_days,actual_days,on_time_delivery,shipment_date
SHIP00001,CUST5012,Fashion,B,Road,Delhi-Mumbai,6,5,526.0,6,2.1,1767,4,3,1,2023-05-21
SHIP00002,CUST1434,Sporting Goods,B,Road,Bangalore-Chennai,6,5,2155.65,7,38.3,1053,6,6,1,2023-09-16
SHIP00003,CUST6574,Home & Garden,B,Ship,Mumbai-Chennai,1,1,1961.64,5,55.1,5945,5,9,0,2023-08-05
SHIP00004,CUST8527,Sporting Goods,A,Flight,Delhi-Mumbai,5,3,4164.08,5,37.5,6771,7,12,0,2023-01-23
SHIP00005,CUST4733,Home & Garden,A,Ship,Delhi-Mumbai,4,3,2321.71,5,10.6,3910,4,3,1,2023-12-05
SHIP00006,CUST2169,Sporting Goods,B,Road,Bangalore-Chennai,2,2,2365.08,4,64.3,6242,6,10,0,2023-05-17
SHIP00007,CUST1916,Fashion,A,Flight,Kolkata-Delhi,3,1,1133.82,5,13.8,5089,6,10,0,2023-06-16
SHIP00008,CUST3340,Home & Garden,B,Ship,Bangalore-Chennai,5,5,1387.43,6,58.4,4271,9,13,0,2023-08-23
SHIP00009,CUST9348,Cosmetics,A,Ship,Delhi-Mumbai,2,2,3981.19,6,38.8,4152,8,8,1,2023-03-12
SHIP00010,CUST9669,Home & Garden,F,Ship,Bangalore-Chennai,6,1,3440.38,8,48.8,6250,9,12,0,2023-08-28
SHIP00011,CUST8123,Fashion,D,Ship,Bangalore-Chennai,6,3,4862.25,2,33.0,1871,8,7,1,2023-05-31
SHIP00012,CUST9317,Sporting Goods,B,Ship,Mumbai-Chennai,7,2,2742.96,8,59.7,5906,7,12,0,2023-11-24
SHIP00013,CUST2832,Home & Garden,C,Ship,Delhi-Mumbai,2,5,4740.05,1,47.6,1566,8,10,0,2023-01-10
SHIP00014,CUST8787,Sporting Goods,B,Flight,Hyderabad-Pune,7,5,2173.38,3,60.4,6979,5,5,1,2023-12-04
SHIP00015,CUST7537,Books,C,Flight,Hyderabad-Pune,4,1,1314.74,1,22.0,5819,6,10,0,2023-06-09
SHIP00016,CUST1117,Electronics,A,Ship,Delhi-Mumbai,1,3,447.2,3,18.1,4976,6,9,0,2023-04-23
SHIP00017,CUST8744,Fashion,D,Flight,Delhi-Bangalore,1,1,3329.02,5,27.5,4825,6,9,0,2023-03-09
SHIP00018,CUST2612,Electronics,D,Road,Mumbai-Chennai,7,1,1318.42,3,34.9,2148,3,7,0,2023-12-01
SHIP00019,CUST8579,Fashion,A,Flight,Hyderabad-Pune,1,1,3295.51,8,54.3,1764,9,9,1,2023-05-23
SHIP00020,CUST8956,Cosmetics,B,Flight,Delhi-Mumbai,2,4,110.56,6,17.2,4727,6,6,1,2023-07-28
SHIP00021,CUST8973,Fashion,B,Flight,Delhi-Bangalore,1,5,3705.11,0,48.6,1468,7,9,0,2023-12-23
SHIP00022,CUST9238,Sporting Goods,B,Ship,Hyderabad-Pune,1,2,435.75,1,43.9,2926,3,6,0,2023-09-02
SHIP00023,CUST5033,Sporting Goods,F,Ship,Hyderabad-Pune,1,4,3321.13,8,20.6,3136,9,8,1,2023-10-19
SHIP00024,CUST4910,Home & Garden,D,Ship,Bangalore-Chennai,6,3,2340.4,1,0.6,6088,6,10,0,2023-06-10
SHIP00025,CUST4492,Sporting Goods,C,Ship,Mumbai-Chennai,1,2,1910.68,2,28.5,5450,4,3,1,2023-10-03
SHIP00026,CUST9666,Electronics,F,Flight,Bangalore-Chennai,1,2,1395.88,1,48.3,2273,7,10,0,2023-12-01
SHIP00027,CUST4450,Books,C,Ship,Bangalore-Chennai,6,3,2576.5,4,58.8,1416,7,8,0,2023-11-06
SHIP00028,CUST5533,Electronics,A,Flight,Delhi-Bangalore,6,3,891.75,7,35.9,4503,4,8,0,2023-08-05
SHIP00029,CUST3442,Sporting Goods,A,Flight,Hyderabad-Pune,5,2,2205.95,0,20.0,1326,3,2,1,2023-02-08
SHIP00030,CUST5088,Books,A,Flight,Hyderabad-Pune,7,4,4871.8,2,60.2,2939,8,8,1,2023-12-16
SHIP00031,CUST7755,Electronics,B,Road,Mumbai-Chennai,7,4,4030.95,3,17.3,6744,5,10,0,2023-04-01
SHIP00032,CUST8711,Fashion,B,Flight,Mumbai-Chennai,3,2,1192.33,3,25.9,3282,4,6,0,2023-01-20
SHIP00033,CUST6753,Books,F,Flight,Bangalore-Chennai,7,5,1722.63,0,7.5,3139,4,9,0,2023-05-23
SHIP00034,CUST1626,Electronics,F,Flight,Mumbai-Chennai,6,3,2238.33,8,7.5,5723,5,8,0,2023-05-16
SHIP00035,CUST8144,Electronics,F,Road,Bangalore-Chennai,6,2,1884.69,1,61.7,3704,6,7,0,2023-01-23
SHIP00036,CUST5920,Sporting Goods,C,Road,Kolkata-Delhi,3,4,3516.32,8,8.3,4444,8,12,0,2023-03-05
SHIP00037,CUST5930,Cosmetics,F,Ship,Mumbai-Chennai,3,2,2206.45,5,30.2,4622,9,13,0,2023-03-31
SHIP00038,CUST3780,Books,A,Flight,Hyderabad-Pune,6,5,1742.42,3,43.7,2840,6,9,0,2023-08-31
SHIP00039,CUST1757,Fashion,D,Road,Delhi-Mumbai,4,4,4442.07,3,46.7,4145,6,6,1,2023-01-13
SHIP00040,CUST3417,Books,A,Ship,Kolkata-Delhi,2,2,4040.14,8,30.2,5566,10,12,0,2023-05-05
SHIP00041,CUST8478,Fashion,D,Road,Hyderabad-Pune,5,5,1654.76,7,39.8,6892,6,11,0,2023-03-04
SHIP00042,CUST8305,Fashion,D,Flight,Mumbai-Chennai,7,2,4215.33,4,49.8,5270,9,14,0,2023-10-08
SHIP00043,CUST5499,Cosmetics,A,Road,Mumbai-Chennai,2,3,1745.65,8,5.2,2235,10,14,0,2023-05-03
SHIP00044,CUST3503,Books,B,Ship,Kolkata-Delhi,4,3,2758.79,6,4.0,4441,6,8,0,2023-12-22
SHIP00045,CUST1320,Sporting Goods,D,Flight,Delhi-Mumbai,3,3,3792.03,6,35.0,5473,9,14,0,2023-10-27
SHIP00046,CUST5471,Cosmetics,D,Ship,Kolkata-Delhi,3,4,3648.49,7,59.8,6097,6,8,0,2023-04-23
SHIP00047,CUST1444,Electronics,D,Ship,Kolkata-Delhi,2,1,1374.77,5,13.8,3677,3,5,0,2023-10-31
SHIP00048,CUST5558,Cosmetics,C,Ship,Kolkata-Delhi,1,5,355.22,5,14.6,1562,8,13,0,2023-07-14
SHIP00049,CUST5051,Fashion,A,Road,Delhi-Bangalore,2,2,2420.45,1,36.7,2785,3,8,0,2023-01-16
SHIP00050,CUST7043,Fashion,F,Road,Bangalore-Chennai,6,1,3911.18,2,62.7,1885,10,14,0,2023-05-12
SHIP00051,CUST7149,Cosmetics,B,Ship,Hyderabad-Pune,6,2,599.32,4,55.3,5918,3,4,0,2023-10-22
SHIP00052,CUST1672,Home & Garden,F,Flight,Bangalore-Chennai,3,1,2579.21,5,0.8,4441,4,9,0,2023-10-17
SHIP00053,CUST6934,Books,D,Road,Delhi-Bangalore,4,2,3695.6,4,40.0,5408,10,9,1,2023-08-10
SHIP00054,CUST5397,Home & Garden,B,Ship,Mumbai-Chennai,4,2,3777.33,6,21.9,5049,10,12,0,2023-08-12
SHIP00055,CUST4475,Home & Garden,C,Flight,Mumbai-Chennai,5,3,2823.38,8,61.6,1701,8,8,1,2023-09-07
SHIP00056,CUST9004,Sporting Goods,B,Road,Kolkata-Delhi,6,4,2296.06,0,6.0,2815,6,10,0,2023-07-28
SHIP00057,CUST6016,Books,F,Flight,Kolkata-Delhi,5,5,1784.41,8,21.5,6757,9,13,0,2023-05-05
SHIP00058,CUST5118,Fashion,A,Road,Delhi-Bangalore,3,1,3740.12,2,12.5,4966,10,11,0,2023-06-06
SHIP00059,CUST9595,Sporting Goods,C,Ship,Delhi-Bangalore,3,2,1868.32,4,0.9,5375,7,11,0,2023-10-29
SHIP00060,CUST1893,Sporting Goods,C,Road,Delhi-Bangalore,6,4,602.68,0,37.3,4845,5,6,0,2023-01-24
SHIP00061,CUST4020,Electronics,C,Flight,Delhi-Mumbai,7,1,2063.47,1,37.5,6623,10,12,0,2023-06-24
SHIP00062,CUST5978,Electronics,B,Ship,Hyderabad-Pune,7,4,3070.96,3,50.4,4116,3,3,1,2023-03-18
SHIP00063,CUST8025,Home & Garden,F,Road,Delhi-Mumbai,5,1,4743.19,3,40.7,3167,10,12,0,2023-06-02
SHIP00064,CUST3847,Sporting Goods,A,Ship,Delhi-Mumbai,4,4,3477.92,7,18.9,2896,4,4,1,2023-05-03
SHIP00065,CUST8438,Electronics,B,Flight,Bangalore-Chennai,5,2,2183.18,8,14.6,2220,7,11,0,2023-05-25
SHIP00066,CUST2169,Electronics,B,Flight,Hyderabad-Pune,6,5,4613.84,7,8.1,6641,7,12,0,2023-03-14
SHIP00067,CUST5460,Sporting Goods,F,Flight,Kolkata-Delhi,1,5,295.32,6,47.7,5945,7,11,0,2023-07-26
SHIP00068,CUST4750,Books,F,Road,Delhi-Mumbai,7,3,2923.61,2,30.6,6337,7,6,1,2023-02-16
SHIP00069,CUST8141,Books,D,Ship,Kolkata-Delhi,3,4,1733.21,1,55.8,3701,10,11,0,2023-04-03
SHIP00070,CUST5722,Books,D,Road,Delhi-Mumbai,4,1,1641.13,5,7.5,4311,9,13,0,2023-09-11
SHIP00071,CUST8569,Cosmetics,A,Ship,Hyderabad-Pune,3,5,3806.57,7,49.4,2667,3,7,0,2023-10-05
SHIP00072,CUST5719,Cosmetics,D,Ship,Delhi-Mumbai,6,5,4016.64,2,20.2,1112,7,10,0,2023-03-09
SHIP00073,CUST2858,Cosmetics,A,Road,Delhi-Bangalore,4,3,2593.47,4,27.0,4952,9,8,1,2023-04-26
SHIP00074,CUST3369,Cosmetics,B,Road,Hyderabad-Pune,6,2,4333.73,4,50.2,4399,10,10,1,2023-08-22
SHIP00075,CUST5377,Electronics,C,Road,Mumbai-Chennai,7,5,2941.62,7,56.2,4658,8,13,0,2023-09-17
SHIP00076,CUST9903,Cosmetics,D,Flight,Delhi-Bangalore,6,2,2901.81,3,55.6,4365,10,11,0,2023-06-20
SHIP00077,CUST7246,Cosmetics,B,Flight,Delhi-Mumbai,2,5,4830.23,5,56.5,4606,3,4,0,2023-08-31
SHIP00078,CUST1251,Books,B,Flight,Bangalore-Chennai,2,1,2400.5,4,22.0,6674,4,7,0,2023-08-22
SHIP00079,CUST6383,Books,F,Flight,Mumbai-Chennai,6,4,4374.68,0,40.1,2923,9,13,0,2023-02-11
SHIP00080,CUST8110,Electronics,A,Flight,Delhi-Bangalore,6,3,4526.78,0,21.1,1459,7,7,1,2023-02-16
SHIP00081,CUST8056,Fashion,B,Road,Kolkata-Delhi,5,2,932.92,1,39.6,4133,7,8,0,2023-07-11
SHIP00082,CUST3344,Fashion,D,Road,Mumbai-Chennai,4,3,3367.52,7,58.6,6550,6,8,0,2023-10-26
SHIP00083,CUST6661,Sporting Goods,C,Road,Kolkata-Delhi,6,3,2338.5,4,12.9,4151,5,4,1,2023-08-15
SHIP00084,CUST7248,Sporting Goods,C,Road,Mumbai-Chennai,6,3,207.5,6,17.8,5636,10,9,1,2023-05-02
SHIP00085,CUST5689,Fashion,F,Flight,Delhi-Bangalore,6,2,3142.37,2,40.8,6140,3,6,0,2023-09-12
SHIP00086,CUST1546,Sporting Goods,C,Road,Delhi-Bangalore,1,3,1700.92,6,11.4,2082,3,4,0,2023-08-14
SHIP00087,CUST5465,Fashion,C,Flight,Mumbai-Chennai,6,3,4040.74,7,62.6,2153,8,11,0,2023-09-14
SHIP00088,CUST7511,Sporting Goods,C,Ship,Kolkata-Delhi,1,3,2729.2,7,24.0,6507,6,11,0,2023-12-13
SHIP00089,CUST7086,Electronics,B,Flight,Delhi-Mumbai,5,5,1707.23,3,42.1,6205,7,10,0,2023-07-15
SHIP00090,CUST7689,Electronics,B,Ship,Delhi-Mumbai,3,4,668.99,3,57.7,2111,10,14,0,2023-06-04
SHIP00091,CUST9850,Cosmetics,F,Road,Bangalore-Chennai,2,4,3309.12,7,40.0,3291,9,11,0,2023-07-09
SHIP00092,CUST4559,Cosmetics,D,Ship,Mumbai-Chennai,1,3,2767.88,5,3.9,3260,3,7,0,2023-07-09
SHIP00093,CUST2501,Books,B,Road,Bangalore-Chennai,5,1,347.83,5,15.8,2031,6,5,1,2023-08-21
SHIP00094,CUST4394,Sporting Goods,B,Ship,Mumbai-Chennai,7,2,3964.35,0,18.0,2185,6,5,1,2023-10-11
SHIP00095,CUST3858,Electronics,A,Ship,Delhi-Mumbai,3,2,2985.38,0,11.3,1429,5,8,0,2023-05-09
SHIP00096,CUST9619,Electronics,A,Flight,Kolkata-Delhi,7,3,2614.87,1,29.4,2814,5,9,0,2023-08-04
SHIP00097,CUST9543,Home & Garden,D,Road,Delhi-Mumbai,1,4,4251.76,6,44.6,5016,3,7,0,2023-12-04
SHIP00098,CUST6277,Sporting Goods,B,Ship,Delhi-Bangalore,3,5,3202.08,8,46.3,4120,10,9,1,2023-02-11
SHIP00099,CUST8048,Electronics,A,Road,Bangalore-Chennai,7,5,3632.12,3,28.0,2871,7,9,0,2023-09-16
SHIP00100,CUST7532,Cosmetics,A,Flight,Kolkata-Delhi,3,3,1934.08,2,44.6,4885,9,10,0,2023-08-21
SHIP00101,CUST2527,Cosmetics,A,Road,Bangalore-Chennai,3,2,2826.22,8,36.5,6488,4,3,1,2023-02-13
SHIP00102,CUST7929,Books,A,Flight,Hyderabad-Pune,3,3,607.64,8,13.8,6379,4,6,0,2023-07-01
SHIP00103,CUST6736,Sporting Goods,C,Ship,Mumbai-Chennai,5,2,4055.38,8,63.3,6093,10,10,1,2023-02-25
SHIP00104,CUST5381,Electronics,B,Flight,Bangalore-Chennai,7,3,4615.53,5,0.4,2173,3,6,0,2023-12-03
SHIP00105,CUST1502,Electronics,F,Ship,Kolkata-Delhi,4,4,1770.39,5,20.3,3657,9,8,1,2023-03-14
SHIP00106,CUST3579,Sporting Goods,A,Road,Delhi-Mumbai,3,4,3343.5,7,39.5,4392,4,3,1,2023-03-21
SHIP00107,CUST2864,Home & Garden,D,Ship,Mumbai-Chennai,6,5,2484.5,4,3.0,4237,7,7,1,2023-09-20
SHIP00108,CUST5938,Fashion,B,Flight,Mumbai-Chennai,3,1,137.88,6,11.4,4114,3,2,1,2023-04-15
SHIP00109,CUST6802,Electronics,D,Road,Delhi-Mumbai,4,1,2352.8,1,56.0,5716,6,9,0,2023-10-14
SHIP00110,CUST7843,Home & Garden,A,Flight,Delhi-Mumbai,3,2,4026.48,7,54.1,3964,9,12,0,2023-07-27
SHIP00111,CUST4986,Cosmetics,F,Flight,Hyderabad-Pune,1,4,4365.57,5,14.4,2377,4,6,0,2023-02-24
SHIP00112,CUST2868,Sporting Goods,F,Ship,Mumbai-Chennai,3,2,1257.72,2,16.6,2421,4,7,0,2023-11-21
SHIP00113,CUST2234,Fashion,D,Flight,Hyderabad-Pune,7,5,2299.64,5,56.2,6138,5,10,0,2023-12-02
SHIP00114,CUST2118,Cosmetics,D,Road,Mumbai-Chennai,7,3,2997.96,5,33.0,3542,8,8,1,2023-08-14
SHIP00115,CUST1932,Home & Garden,C,Ship,Bangalore-Chennai,7,1,3113.54,8,25.0,5754,10,12,0,2023-01-20
SHIP00116,CUST4084,Home & Garden,F,Flight,Hyderabad-Pune,2,1,2307.56,5,63.9,1690,3,5,0,2023-10-20
SHIP00117,CUST8172,Cosmetics,F,Road,Hyderabad-Pune,2,3,1926.97,4,25.2,3771,5,4,1,2023-05-07
SHIP00118,CUST6482,Electronics,C,Ship,Hyderabad-Pune,6,4,1492.32,2,21.7,5773,3,8,0,2023-11-20
SHIP00119,CUST7421,Fashion,F,Road,Delhi-Mumbai,3,5,1945.73,5,52.9,6489,5,6,0,2023-06-08
SHIP00120,CUST7937,Sporting Goods,C,Ship,Mumbai-Chennai,3,2,4760.73,5,61.6,4983,4,8,0,2023-12-10
SHIP00121,CUST3538,Electronics,C,Ship,Hyderabad-Pune,7,5,4192.09,8,2.5,3758,6,6,1,2023-03-12
SHIP00122,CUST3527,Fashion,B,Road,Hyderabad-Pune,7,2,3633.8,0,26.7,6540,5,8,0,2023-07-12
SHIP00123,CUST5668,Books,D,Ship,Hyderabad-Pune,2,3,4831.42,7,58.8,2589,6,8,0,2023-11-09
SHIP00124,CUST8218,Cosmetics,C,Flight,Hyderabad-Pune,5,4,4834.71,3,52.1,2133,8,12,0,2023-10-20
SHIP00125,CUST8873,Home & Garden,F,Ship,Bangalore-Chennai,7,5,4270.71,4,5.5,2313,7,6,1,2023-11-25
SHIP00126,CUST3414,Cosmetics,A,Ship,Kolkata-Delhi,3,1,2132.99,6,32.6,2931,7,9,0,2023-09-20
SHIP00127,CUST4678,Electronics,C,Ship,Bangalore-Chennai,6,3,3977.77,2,2.5,4870,9,8,1,2023-07-11
SHIP00128,CUST8685,Cosmetics,F,Ship,Delhi-Mumbai,1,3,1156.71,2,35.7,6957,5,10,0,2023-12-28
SHIP00129,CUST4893,Home & Garden,A,Ship,Delhi-Bangalore,4,5,2339.86,1,54.4,5094,9,8,1,2023-05-28
SHIP00130,CUST4963,Books,B,Flight,Kolkata-Delhi,1,5,1828.8,6,12.2,6474,3,7,0,2023-09-21
SHIP00131,CUST2108,Sporting Goods,F,Road,Hyderabad-Pune,5,1,2013.22,7,2.8,4169,4,7,0,2023-07-04
SHIP00132,CUST6850,Electronics,C,Ship,Bangalore-Chennai,6,1,3880.36,5,8.7,3886,8,9,0,2023-01-09
SHIP00133,CUST3868,Books,D,Road,Kolkata-Delhi,6,2,4076.34,1,46.5,4749,8,13,0,2023-11-26
SHIP00134,CUST1717,Fashion,A,Flight,Mumbai-Chennai,5,4,4946.7,8,30.8,1299,3,4,0,2023-04-14
SHIP00135,CUST1783,Books,C,Flight,Delhi-Mumbai,7,3,2241.06,6,48.3,4167,6,7,0,2023-07-02
SHIP00136,CUST9151,Home & Garden,F,Flight,Delhi-Mumbai,6,4,486.74,2,35.5,3631,8,8,1,2023-09-12
SHIP00137,CUST5843,Home & Garden,D,Road,Bangalore-Chennai,4,2,3479.85,5,29.1,6954,4,3,1,2023-06-17
SHIP00138,CUST5498,Books,A,Ship,Bangalore-Chennai,6,4,1880.22,2,61.9,2169,8,11,0,2023-08-11
SHIP00139,CUST2101,Fashion,C,Flight,Kolkata-Delhi,5,1,3064.96,7,61.7,4047,10,9,1,2023-03-06
SHIP00140,CUST3255,Sporting Goods,C,Flight,Mumbai-Chennai,6,3,1323.1,1,1.7,2524,10,15,0,2023-02-09
SHIP00141,CUST2929,Home & Garden,C,Road,Kolkata-Delhi,2,5,1499.33,7,13.0,2111,10,13,0,2023-07-18
SHIP00142,CUST8292,Electronics,C,Road,Mumbai-Chennai,6,1,2794.99,4,57.9,2290,4,6,0,2023-03-30
SHIP00143,CUST9335,Fashion,A,Ship,Delhi-Bangalore,2,4,228.79,8,37.2,4828,5,10,0,2023-07-05
SHIP00144,CUST2077,Home & Garden,D,Road,Bangalore-Chennai,4,5,2112.9,6,53.5,1604,5,8,0,2023-02-14
SHIP00145,CUST2215,Cosmetics,D,Road,Hyderabad-Pune,3,2,4402.0,8,41.6,2490,5,6,0,2023-11-25
SHIP00146,CUST1907,Electronics,F,Ship,Mumbai-Chennai,2,2,1681.04,3,22.5,5250,5,7,0,2023-09-15
SHIP00147,CUST5105,Fashion,F,Flight,Delhi-Bangalore,6,3,3110.7,1,32.7,2381,7,12,0,2023-02-10
SHIP00148,CUST6531,Sporting Goods,A,Ship,Delhi-Mumbai,1,5,1396.81,3,49.9,4412,5,5,1,2023-12-04
SHIP00149,CUST9938,Home & Garden,C,Flight,Delhi-Bangalore,7,4,1557.43,1,44.8,2294,3,5,0,2023-11-18
SHIP00150,CUST8609,Fashion,C,Road,Delhi-Bangalore,3,3,3697.58,5,63.4,2071,10,12,0,2023-09-05
SHIP00151,CUST2739,Home & Garden,B,Flight,Delhi-Mumbai,3,4,1314.8,1,3.3,4146,8,11,0,2023-10-15
SHIP00152,CUST6364,Sporting Goods,C,Ship,Delhi-Bangalore,4,5,2387.39,4,32.3,1737,9,9,1,2023-03-23
SHIP00153,CUST4944,Fashion,F,Flight,Delhi-Mumbai,1,3,2524.98,7,18.6,1066,9,12,0,2023-08-23
SHIP00154,CUST5333,Books,C,Flight,Mumbai-Chennai,1,4,350.67,8,12.7,5532,4,6,0,2023-03-10
SHIP00155,CUST9261,Cosmetics,F,Flight,Hyderabad-Pune,6,5,682.17,1,25.6,3777,7,6,1,2023-07-17
SHIP00156,CUST4261,Sporting Goods,F,Flight,Hyderabad-Pune,1,1,290.68,5,52.3,5254,8,13,0,2023-03-15
SHIP00157,CUST9446,Fashion,C,Road,Mumbai-Chennai,2,4,4954.02,4,38.6,5155,10,10,1,2023-11-07
SHIP00158,CUST5911,Cosmetics,A,Flight,Mumbai-Chennai,6,1,4901.5,4,51.8,6941,10,14,0,2023-10-16
SHIP00159,CUST5350,Books,F,Road,Delhi-Bangalore,6,1,2959.26,2,34.1,6907,3,6,0,2023-08-31
SHIP00160,CUST4968,Electronics,F,Road,Delhi-Mumbai,2,1,2261.09,6,9.8,6656,9,9,1,2023-12-15
SHIP00161,CUST8726,Books,A,Road,Delhi-Bangalore,5,2,2848.35,7,34.2,3570,6,8,0,2023-09-14
SHIP00162,CUST6608,Sporting Goods,C,Road,Bangalore-Chennai,6,3,3089.38,3,62.2,3285,5,7,0,2023-09-30
SHIP00163,CUST5735,Books,B,Road,Bangalore-Chennai,4,3,2451.04,8,60.7,6911,7,7,1,2023-06-02
SHIP00164,CUST9899,Cosmetics,D,Flight,Delhi-Bangalore,3,1,1509.39,1,22.5,4623,7,8,0,2023-03-04
SHIP00165,CUST4505,Fashion,F,Flight,Hyderabad-Pune,6,3,772.64,3,15.8,6487,7,11,0,2023-09-03
SHIP00166,CUST1860,Electronics,D,Flight,Bangalore-Chennai,4,1,3437.84,2,0.3,5508,6,10,0,2023-04-30
SHIP00167,CUST8793,Cosmetics,B,Flight,Mumbai-Chennai,3,1,4548.89,1,42.4,2902,5,7,0,2023-12-01
SHIP00168,CUST3880,Electronics,D,Flight,Delhi-Bangalore,6,3,4396.04,0,19.4,5937,3,3,1,2023-08-02
SHIP00169,CUST8444,Books,F,Road,Kolkata-Delhi,2,5,2393.3,3,52.6,3708,4,5,0,2023-05-26
SHIP00170,CUST5215,Books,B,Ship,Bangalore-Chennai,3,3,2882.13,3,11.4,6232,5,9,0,2023-08-23
SHIP00171,CUST9442,Home & Garden,A,Flight,Bangalore-Chennai,1,2,4910.26,7,21.0,3032,9,14,0,2023-08-07
SHIP00172,CUST4858,Cosmetics,C,Flight,Mumbai-Chennai,5,5,156.04,5,45.0,1508,3,4,0,2023-07-16
SHIP00173,CUST3616,Cosmetics,F,Road,Mumbai-Chennai,6,1,3229.69,4,23.9,2809,4,6,0,2023-06-07
SHIP00174,CUST3509,Cosmetics,F,Flight,Kolkata-Delhi,6,5,4572.7,8,52.1,2789,6,6,1,2023-09-02
SHIP00175,CUST2341,Sporting Goods,D,Road,Bangalore-Chennai,3,1,4594.5,1,4.0,5486,6,10,0,2023-11-02
SHIP00176,CUST3455,Fashion,C,Road,Kolkata-Delhi,1,2,3612.9,7,5.9,5180,6,9,0,2023-10-02
SHIP00177,CUST8429,Fashion,F,Flight,Kolkata-Delhi,5,1,2838.11,4,47.0,4243,10,15,0,2023-01-29
SHIP00178,CUST4570,Sporting Goods,A,Ship,Kolkata-Delhi,3,1,2751.7,0,60.7,1565,7,12,0,2023-01-02
SHIP00179,CUST7698,Fashion,B,Road,Bangalore-Chennai,6,4,1934.86,6,29.2,4092,10,9,1,2023-05-27
SHIP00180,CUST9835,Fashion,C,Ship,Delhi-Bangalore,5,4,2691.33,3,54.3,1186,9,8,1,2023-12-16
SHIP00181,CUST9920,Cosmetics,F,Flight,Delhi-Bangalore,2,4,1796.18,4,12.3,6939,7,9,0,2023-12-11
SHIP00182,CUST7868,Sporting Goods,A,Ship,Delhi-Bangalore,1,1,3010.33,7,38.9,6761,4,3,1,2023-12-05
SHIP00183,CUST7590,Cosmetics,B,Road,Delhi-Bangalore,7,1,786.66,4,15.2,6992,3,3,1,2023-01-23
SHIP00184,CUST6253,Fashion,C,Ship,Bangalore-Chennai,5,2,2126.45,4,4.0,5846,8,11,0,2023-11-03
SHIP00185,CUST7999,Sporting Goods,D,Ship,Mumbai-Chennai,6,4,3950.44,5,45.3,4344,5,9,0,2023-12-14
SHIP00186,CUST4012,Sporting Goods,D,Ship,Delhi-Bangalore,3,2,4048.3,0,36.6,4412,5,6,0,2023-07-12
SHIP00187,CUST5177,Fashion,C,Road,Delhi-Mumbai,4,3,553.07,3,3.3,4089,5,7,0,2023-05-05
SHIP00188,CUST4082,Sporting Goods,F,Ship,Kolkata-Delhi,2,3,1585.62,0,13.8,2556,3,8,0,2023-02-07
SHIP00189,CUST4974,Books,F,Road,Delhi-Bangalore,4,2,2805.19,4,24.7,5371,4,8,0,2023-09-03
SHIP00190,CUST6892,Sporting Goods,D,Flight,Delhi-Mumbai,7,4,3831.98,5,59.4,4036,8,9,0,2023-05-14
SHIP00191,CUST4625,Books,B,Ship,Mumbai-Chennai,5,5,2937.8,6,19.2,2607,8,10,0,2023-01-24
SHIP00192,CUST5026,Cosmetics,F,Road,Bangalore-Chennai,3,3,3840.47,7,62.8,6256,8,8,1,2023-07-14
SHIP00193,CUST6770,Fashion,B,Road,Hyderabad-Pune,4,2,4592.81,8,64.4,1481,10,12,0,2023-03-28
SHIP00194,CUST1794,Electronics,D,Ship,Bangalore-Chennai,2,1,3565.13,0,14.2,4735,3,8,0,2023-02-08
SHIP00195,CUST8916,Books,D,Ship,Delhi-Mumbai,5,5,2115.56,0,34.4,3250,8,7,1,2023-11-13
SHIP00196,CUST8054,Fashion,A,Ship,Hyderabad-Pune,2,2,1040.47,8,16.4,3903,7,6,1,2023-09-15
SHIP00197,CUST2294,Home & Garden,D,Flight,Hyderabad-Pune,2,2,1569.88,1,42.5,6323,7,12,0,2023-07-23
SHIP00198,CUST7213,Cosmetics,F,Flight,Delhi-Mumbai,6,1,3543.94,1,32.5,4554,3,2,1,2023-07-27
SHIP00199,CUST9653,Electronics,B,Ship,Bangalore-Chennai,5,4,1428.37,1,44.5,3296,8,11,0,2023-02-18
SHIP00200,CUST1256,Fashion,F,Ship,Bangalore-Chennai,7,4,4651.49,4,10.6,2969,3,3,1,2023-06-11
SHIP00201,CUST6435,Cosmetics,B,Road,Bangalore-Chennai,1,5,3752.74,5,3.5,4580,9,13,0,2023-10-04
SHIP00202,CUST6580,Sporting Goods,F,Road,Kolkata-Delhi,7,3,245.17,4,50.9,4690,6,11,0,2023-02-08
SHIP00203,CUST7150,Cosmetics,B,Road,Hyderabad-Pune,6,4,519.9,4,51.9,6841,10,10,1,2023-07-02
SHIP00204,CUST3526,Cosmetics,B,Road,Kolkata-Delhi,3,3,622.1,0,61.3,4643,4,3,1,2023-05-18
SHIP00205,CUST2674,Fashion,A,Ship,Kolkata-Delhi,4,5,2818.23,6,6.7,1734,8,13,0,2023-05-19
SHIP00206,CUST6315,Cosmetics,A,Flight,Kolkata-Delhi,4,1,3651.73,8,58.8,2988,8,11,0,2023-02-17
SHIP00207,CUST3777,Fashion,C,Flight,Mumbai-Chennai,4,2,410.01,6,17.9,3455,5,9,0,2023-07-14
SHIP00208,CUST6916,Home & Garden,B,Road,Bangalore-Chennai,4,5,3121.68,7,7.0,3495,10,15,0,2023-02-09
SHIP00209,CUST7224,Home & Garden,D,Flight,Kolkata-Delhi,7,5,767.01,5,39.2,6695,3,5,0,2023-06-20
SHIP00210,CUST3910,Cosmetics,C,Flight,Bangalore-Chennai,6,4,4842.04,3,21.2,3296,6,8,0,2023-06-10
SHIP00211,CUST4273,Sporting Goods,F,Ship,Bangalore-Chennai,7,5,231.89,7,61.3,2717,9,10,0,2023-02-28
SHIP00212,CUST2133,Cosmetics,D,Ship,Bangalore-Chennai,3,2,1338.14,2,46.5,4088,10,15,0,2023-05-30
SHIP00213,CUST8851,Sporting Goods,D,Road,Hyderabad-Pune,7,4,2763.86,5,45.6,5398,4,6,0,2023-11-03
SHIP00214,CUST6816,Fashion,F,Ship,Hyderabad-Pune,6,4,4837.37,5,62.8,4526,4,3,1,2023-05-08
SHIP00215,CUST5239,Fashion,F,Road,Hyderabad-Pune,5,5,3469.56,3,29.0,4204,4,3,1,2023-02-20
SHIP00216,CUST9199,Fashion,C,Ship,Kolkata-Delhi,1,3,2138.28,1,7.5,6981,10,15,0,2023-12-14
SHIP00217,CUST6620,Cosmetics,B,Road,Kolkata-Delhi,3,4,578.35,7,20.7,3459,5,6,0,2023-06-09
SHIP00218,CUST2885,Electronics,C,Road,Delhi-Mumbai,6,2,4656.62,3,33.5,5521,3,8,0,2023-12-30
SHIP00219,CUST7985,Cosmetics,B,Flight,Bangalore-Chennai,2,2,3238.35,6,25.7,6030,5,6,0,2023-10-14
SHIP00220,CUST8037,Cosmetics,A,Road,Delhi-Bangalore,2,3,3786.39,1,37.5,5398,6,8,0,2023-10-31
SHIP00221,CUST4228,Cosmetics,A,Flight,Bangalore-Chennai,7,4,2685.8,5,38.8,6007,5,6,0,2023-06-16
SHIP00222,CUST6700,Home & Garden,D,Road,Delhi-Bangalore,7,3,4601.54,1,43.7,3565,9,12,0,2023-02-28
SHIP00223,CUST2916,Fashion,C,Road,Delhi-Bangalore,5,4,2149.37,2,37.4,4465,4,4,1,2023-06-06
SHIP00224,CUST9804,Books,B,Road,Delhi-Bangalore,4,3,787.45,5,54.7,6074,5,7,0,2023-11-22
SHIP00225,CUST1157,Cosmetics,B,Ship,Kolkata-Delhi,5,5,3300.04,6,44.5,4404,3,8,0,2023-07-03
SHIP00226,CUST2354,Sporting Goods,A,Ship,Mumbai-Chennai,1,3,1201.73,4,10.9,4746,10,12,0,2023-03-27
SHIP00227,CUST2854,Sporting Goods,A,Flight,Hyderabad-Pune,7,3,2756.01,0,49.4,4615,10,13,0,2023-09-19
SHIP00228,CUST5055,Home & Garden,A,Flight,Mumbai-Chennai,3,1,2251.44,1,50.4,2941,6,8,0,2023-02-22
SHIP00229,CUST6744,Books,F,Road,Kolkata-Delhi,2,5,782.25,3,52.9,1486,6,11,0,2023-10-29
SHIP00230,CUST9827,Fashion,C,Road,Mumbai-Chennai,3,5,1409.98,8,64.1,6564,8,11,0,2023-05-24
SHIP00231,CUST1971,Home & Garden,B,Road,Delhi-Bangalore,2,2,3585.83,3,49.5,6539,4,4,1,2023-07-30
SHIP00232,CUST5402,Books,D,Flight,Kolkata-Delhi,1,1,2073.97,4,45.2,4023,9,11,0,2023-03-14
SHIP00233,CUST1040,Books,A,Road,Kolkata-Delhi,6,3,4265.52,8,25.9,4519,10,12,0,2023-06-17
SHIP00234,CUST6289,Home & Garden,C,Road,Hyderabad-Pune,2,5,4276.87,5,58.1,1396,6,8,0,2023-05-18
SHIP00235,CUST8529,Electronics,A,Ship,Kolkata-Delhi,4,1,4960.01,6,13.2,6640,3,2,1,2023-11-17
SHIP00236,CUST3604,Home & Garden,A,Road,Mumbai-Chennai,3,1,1922.03,2,3.4,6124,5,9,0,2023-06-04
SHIP00237,CUST4836,Cosmetics,A,Road,Delhi-Mumbai,1,2,2436.35,2,38.6,5255,7,11,0,2023-12-25
SHIP00238,CUST6629,Electronics,D,Road,Delhi-Bangalore,4,1,1221.84,1,47.5,1839,10,9,1,2023-01-05
SHIP00239,CUST5902,Fashion,D,Ship,Bangalore-Chennai,6,2,435.22,0,39.7,2344,4,5,0,2023-07-08
SHIP00240,CUST3480,Cosmetics,F,Road,Kolkata-Delhi,7,2,524.77,1,9.1,2008,10,11,0,2023-04-20
SHIP00241,CUST6152,Fashion,B,Flight,Bangalore-Chennai,1,2,2811.64,4,50.6,6656,9,10,0,2023-08-08
SHIP00242,CUST5942,Fashion,F,Road,Hyderabad-Pune,2,4,1548.16,0,50.9,2960,3,8,0,2023-12-04
SHIP00243,CUST4949,Cosmetics,F,Ship,Hyderabad-Pune,1,3,4676.23,2,25.1,5656,10,12,0,2023-02-27
SHIP00244,CUST3830,Cosmetics,A,Ship,Hyderabad-Pune,1,1,1384.71,0,60.0,4260,9,10,0,2023-10-07
SHIP00245,CUST9209,Cosmetics,D,Road,Kolkata-Delhi,1,5,2734.51,2,18.0,3538,7,11,0,2023-12-31
SHIP00246,CUST3545,Sporting Goods,C,Flight,Hyderabad-Pune,6,1,1619.83,6,47.4,2954,4,7,0,2023-04-15
SHIP00247,CUST8118,Electronics,D,Road,Hyderabad-Pune,1,3,3363.79,2,7.8,6799,3,3,1,2023-02-14
SHIP00248,CUST3684,Cosmetics,C,Road,Hyderabad-Pune,7,3,918.12,2,48.7,3201,5,9,0,2023-01-06
SHIP00249,CUST6488,Cosmetics,C,Road,Delhi-Mumbai,3,5,3174.91,7,29.6,3950,4,9,0,2023-01-16
SHIP00250,CUST3734,Home & Garden,B,Flight,Delhi-Mumbai,5,1,1219.18,8,0.2,1100,3,5,0,2023-10-18
SHIP00251,CUST6963,Cosmetics,B,Ship,Delhi-Mumbai,5,4,1200.13,3,27.1,6900,6,5,1,2023-08-30
SHIP00252,CUST7108,Electronics,F,Road,Delhi-Mumbai,2,2,4041.26,0,62.0,1564,8,9,0,2023-02-09
SHIP00253,CUST6090,Home & Garden,A,Road,Kolkata-Delhi,1,3,1083.29,4,48.1,2987,10,15,0,2023-05-25
SHIP00254,CUST9083,Fashion,F,Ship,Delhi-Bangalore,1,4,217.16,8,22.5,6680,10,11,0,2023-10-30
SHIP00255,CUST7164,Books,C,Ship,Delhi-Bangalore,5,2,2157.1,0,63.2,2166,3,4,0,2023-01-01
SHIP00256,CUST4792,Sporting Goods,D,Road,Mumbai-Chennai,4,1,2945.78,8,8.7,4230,7,6,1,2023-01-23
SHIP00257,CUST2020,Cosmetics,B,Ship,Mumbai-Chennai,3,3,4637.61,6,45.5,3672,4,7,0,2023-10-18
SHIP00258,CUST4827,Electronics,B,Ship,Hyderabad-Pune,1,2,617.72,7,30.3,4330,8,10,0,2023-05-20
SHIP00259,CUST4401,Cosmetics,C,Flight,Mumbai-Chennai,7,1,543.06,4,53.7,6708,4,7,0,2023-07-03
SHIP00260,CUST3430,Electronics,B,Flight,Kolkata-Delhi,5,1,3418.2,4,53.3,2424,3,3,1,2023-06-17
SHIP00261,CUST5093,Electronics,D,Ship,Delhi-Bangalore,1,1,402.18,3,8.5,4281,3,5,0,2023-08-20
SHIP00262,CUST2376,Sporting Goods,F,Flight,Delhi-Mumbai,1,1,1068.98,7,52.6,1753,8,12,0,2023-11-19
SHIP00263,CUST8552,Electronics,B,Road,Kolkata-Delhi,7,4,2531.02,6,44.4,2415,8,7,1,2023-01-22
SHIP00264,CUST5505,Home & Garden,D,Ship,Delhi-Mumbai,5,5,3123.19,4,32.4,5511,8,8,1,2023-04-06
SHIP00265,CUST5583,Cosmetics,B,Flight,Delhi-Bangalore,6,5,1320.82,8,51.7,4133,10,9,1,2023-02-14
SHIP00266,CUST8940,Home & Garden,F,Road,Mumbai-Chennai,4,3,981.1,5,38.8,1240,8,10,0,2023-10-06
SHIP00267,CUST9674,Home & Garden,F,Ship,Delhi-Bangalore,1,2,3318.64,4,34.7,1458,7,6,1,2023-08-30
SHIP00268,CUST6813,Fashion,B,Ship,Hyderabad-Pune,3,3,4578.5,0,45.7,3880,6,9,0,2023-07-18
SHIP00269,CUST9064,Sporting Goods,C,Ship,Kolkata-Delhi,1,1,375.22,3,1.3,4915,5,8,0,2023-04-07
SHIP00270,CUST4300,Fashion,C,Road,Delhi-Bangalore,7,3,391.82,2,38.1,2160,3,4,0,2023-11-11
SHIP00271,CUST6978,Electronics,C,Road,Bangalore-Chennai,4,5,595.06,4,21.0,2290,4,9,0,2023-09-27
SHIP00272,CUST8982,Books,C,Ship,Bangalore-Chennai,5,5,3956.26,3,43.3,2436,9,14,0,2023-11-24
SHIP00273,CUST5825,Fashion,B,Road,Delhi-Mumbai,6,5,2018.85,0,11.8,3606,9,10,0,2023-12-19
SHIP00274,CUST2705,Cosmetics,B,Flight,Bangalore-Chennai,1,2,1799.37,5,10.9,1726,6,10,0,2023-10-17
SHIP00275,CUST5345,Fashion,B,Road,Delhi-Mumbai,3,3,3956.4,0,3.1,4589,8,10,0,2023-01-06
SHIP00276,CUST9078,Cosmetics,C,Road,Kolkata-Delhi,1,4,3964.78,3,10.6,1603,9,9,1,2023-07-31
SHIP00277,CUST6221,Home & Garden,A,Ship,Mumbai-Chennai,2,4,888.43,1,35.6,1762,3,4,0,2023-01-11
SHIP00278,CUST8909,Books,A,Flight,Bangalore-Chennai,2,5,4459.79,2,3.5,3712,8,11,0,2023-11-11
SHIP00279,CUST9849,Home & Garden,C,Flight,Delhi-Bangalore,1,1,2025.22,8,54.6,2258,6,6,1,2023-07-29
SHIP00280,CUST8005,Electronics,C,Road,Bangalore-Chennai,5,4,1078.41,0,13.5,6228,3,4,0,2023-01-02
SHIP00281,CUST2892,Home & Garden,D,Flight,Kolkata-Delhi,6,3,546.57,8,25.2,4039,7,6,1,2023-08-31
SHIP00282,CUST8303,Electronics,C,Flight,Kolkata-Delhi,3,2,4201.69,0,9.8,6705,9,10,0,2023-04-06
SHIP00283,CUST6632,Sporting Goods,D,Road,Delhi-Bangalore,5,1,4219.91,8,27.2,5386,4,3,1,2023-12-09
SHIP00284,CUST8803,Home & Garden,A,Flight,Bangalore-Chennai,1,5,2898.98,8,52.0,6550,10,13,0,2023-05-01
SHIP00285,CUST3832,Fashion,B,Ship,Delhi-Bangalore,1,4,484.01,6,13.1,6138,5,4,1,2023-08-18
SHIP00286,CUST5225,Home & Garden,A,Ship,Kolkata-Delhi,5,4,2805.07,4,33.8,1101,5,10,0,2023-11-01
SHIP00287,CUST3451,Fashion,F,Road,Hyderabad-Pune,7,1,4632.15,1,51.1,5387,9,8,1,2023-08-01
SHIP00288,CUST7275,Books,D,Road,Hyderabad-Pune,4,1,943.78,6,9.4,5986,8,10,0,2023-05-16
SHIP00289,CUST6431,Books,B,Ship,Bangalore-Chennai,4,3,4495.45,0,22.0,3482,9,8,1,2023-07-22
SHIP00290,CUST2609,Fashion,B,Flight,Bangalore-Chennai,4,3,1420.16,6,39.3,1731,7,8,0,2023-09-09
SHIP00291,CUST7671,Books,D,Road,Mumbai-Chennai,7,1,2624.82,2,4.3,6812,6,8,0,2023-04-19
SHIP00292,CUST1474,Fashion,B,Ship,Delhi-Mumbai,2,1,2336.6,5,45.8,3244,9,9,1,2023-09-26
SHIP00293,CUST9275,Cosmetics,A,Road,Delhi-Mumbai,2,3,2495.06,7,11.5,4887,8,13,0,2023-08-26
SHIP00294,CUST5237,Books,A,Flight,Delhi-Mumbai,4,1,898.25,3,55.7,6303,8,9,0,2023-03-25
SHIP00295,CUST5408,Books,D,Road,Delhi-Mumbai,7,1,2423.08,2,42.1,5924,6,10,0,2023-04-16
SHIP00296,CUST6004,Books,C,Flight,Kolkata-Delhi,7,3,2349.09,3,30.3,6547,3,3,1,2023-05-10
SHIP00297,CUST1120,Sporting Goods,C,Road,Bangalore-Chennai,5,5,1485.12,1,31.3,3754,9,12,0,2023-02-22
SHIP00298,CUST5536,Home & Garden,C,Ship,Delhi-Bangalore,5,2,4508.47,6,42.9,6576,7,11,0,2023-06-16
SHIP00299,CUST9148,Home & Garden,C,Flight,Kolkata-Delhi,4,1,2956.82,3,22.3,6843,5,9,0,2023-01-14
SHIP00300,CUST8794,Books,C,Road,Mumbai-Chennai,7,2,4219.13,8,11.8,1799,6,10,0,2023-10-01
SHIP00301,CUST3999,Books,C,Road,Delhi-Mumbai,2,3,1194.31,4,27.3,3714,10,10,1,2023-05-13
SHIP00302,CUST5817,Cosmetics,A,Flight,Delhi-Mumbai,7,5,2943.53,1,30.7,2593,8,9,0,2023-10-27
SHIP00303,CUST7253,Sporting Goods,C,Flight,Delhi-Mumbai,7,2,773.09,3,22.3,5664,4,9,0,2023-12-15
SHIP00304,CUST3954,Electronics,D,Flight,Bangalore-Chennai,2,3,3209.04,0,29.4,2715,10,10,1,2023-06-11
SHIP00305,CUST9021,Electronics,B,Road,Kolkata-Delhi,6,4,2076.63,7,24.9,1309,5,8,0,2023-03-23
SHIP00306,CUST1230,Home & Garden,F,Ship,Delhi-Mumbai,6,1,3170.77,3,14.7,3820,6,10,0,2023-07-11
SHIP00307,CUST7284,Sporting Goods,F,Flight,Delhi-Bangalore,1,1,1561.19,4,29.6,5262,7,7,1,2023-02-22
SHIP00308,CUST3192,Home & Garden,D,Flight,Delhi-Bangalore,2,4,193.71,3,47.3,2074,8,10,0,2023-12-18
SHIP00309,CUST9267,Fashion,A,Flight,Bangalore-Chennai,6,1,1938.44,4,50.1,6104,6,10,0,2023-01-12
SHIP00310,CUST2771,Books,A,Ship,Bangalore-Chennai,1,4,2277.14,1,35.6,4886,3,6,0,2023-01-25
SHIP00311,CUST1152,Home & Garden,D,Road,Delhi-Mumbai,6,5,1422.89,2,27.2,1859,5,5,1,2023-12-22
SHIP00312,CUST2741,Cosmetics,B,Road,Delhi-Bangalore,7,3,4174.34,3,23.3,4356,4,5,0,2023-02-28
SHIP00313,CUST9980,Cosmetics,B,Road,Kolkata-Delhi,3,2,113.42,1,58.9,5703,7,7,1,2023-01-21
SHIP00314,CUST9383,Electronics,A,Flight,Bangalore-Chennai,2,4,4944.46,4,17.2,1410,10,10,1,2023-02-16
SHIP00315,CUST1646,Home & Garden,C,Road,Mumbai-Chennai,4,1,565.49,0,0.6,2133,4,9,0,2023-03-31
SHIP00316,CUST8171,Sporting Goods,C,Road,Delhi-Mumbai,3,3,996.06,6,26.0,4739,5,6,0,2023-07-03
SHIP00317,CUST8835,Cosmetics,B,Ship,Delhi-Bangalore,6,1,4909.69,2,6.7,5839,7,12,0,2023-07-17
SHIP00318,CUST8178,Fashion,F,Flight,Mumbai-Chennai,5,1,4326.62,2,31.4,4998,10,15,0,2023-10-19
SHIP00319,CUST1753,Electronics,C,Road,Mumbai-Chennai,1,5,3860.89,3,63.6,6487,4,6,0,2023-08-14
SHIP00320,CUST2560,Cosmetics,B,Flight,Mumbai-Chennai,6,4,828.41,8,58.0,6020,8,11,0,2023-09-25
SHIP00321,CUST3571,Sporting Goods,D,Flight,Delhi-Bangalore,1,4,1671.11,5,63.1,1412,3,2,1,2023-11-26
SHIP00322,CUST7203,Cosmetics,B,Ship,Kolkata-Delhi,4,5,2295.68,7,29.1,1972,6,9,0,2023-11-26
SHIP00323,CUST1291,Electronics,D,Flight,Delhi-Mumbai,5,5,100.83,1,51.5,6071,10,14,0,2023-12-01
SHIP00324,CUST4389,Books,D,Flight,Mumbai-Chennai,7,1,4101.28,7,21.6,6077,7,10,0,2023-10-15
SHIP00325,CUST6952,Books,D,Ship,Delhi-Mumbai,7,2,110.77,5,53.9,3391,10,14,0,2023-12-03
SHIP00326,CUST1750,Fashion,D,Ship,Bangalore-Chennai,6,4,624.11,3,12.2,4218,8,12,0,2023-02-24
SHIP00327,CUST6536,Electronics,D,Ship,Bangalore-Chennai,7,5,703.77,7,29.7,5827,6,8,0,2023-04-08
SHIP00328,CUST9689,Books,A,Road,Kolkata-Delhi,7,5,2466.37,8,50.8,2451,5,7,0,2023-01-03
SHIP00329,CUST2696,Cosmetics,F,Road,Mumbai-Chennai,5,4,2151.46,3,17.8,3808,5,9,0,2023-03-07
SHIP00330,CUST3263,Cosmetics,F,Road,Bangalore-Chennai,5,3,4231.06,8,55.9,6831,7,9,0,2023-03-10
SHIP00331,CUST5760,Books,C,Road,Delhi-Bangalore,6,2,2569.08,5,46.2,3885,6,6,1,2023-04-18
SHIP00332,CUST7839,Books,F,Flight,Kolkata-Delhi,7,1,2661.38,0,24.8,1434,10,13,0,2023-10-20
SHIP00333,CUST3636,Home & Garden,C,Ship,Delhi-Mumbai,6,3,1099.6,8,2.1,4707,3,3,1,2023-05-17
SHIP00334,CUST4675,Books,F,Flight,Delhi-Bangalore,5,3,3495.39,0,60.2,4174,4,7,0,2023-12-12
SHIP00335,CUST6122,Sporting Goods,A,Ship,Bangalore-Chennai,3,2,3140.75,7,53.9,6191,9,14,0,2023-12-17
SHIP00336,CUST9955,Books,F,Ship,Bangalore-Chennai,2,3,2299.19,1,12.2,2423,8,13,0,2023-10-29
SHIP00337,CUST8020,Home & Garden,F,Flight,Delhi-Bangalore,2,5,4245.47,0,21.5,6813,4,6,0,2023-01-21
SHIP00338,CUST6285,Sporting Goods,A,Road,Hyderabad-Pune,7,3,2503.7,8,23.3,6797,5,4,1,2023-03-20
SHIP00339,CUST4012,Sporting Goods,A,Road,Delhi-Bangalore,4,5,2731.48,1,22.7,2747,8,11,0,2023-04-23
SHIP00340,CUST5809,Fashion,F,Road,Kolkata-Delhi,5,1,662.14,5,29.0,6261,8,9,0,2023-07-04
SHIP00341,CUST6258,Cosmetics,A,Flight,Mumbai-Chennai,5,3,221.06,8,53.4,4071,6,5,1,2023-12-16
SHIP00342,CUST5856,Books,B,Flight,Hyderabad-Pune,1,1,920.23,8,34.7,6135,10,12,0,2023-01-23
SHIP00343,CUST4492,Books,D,Ship,Delhi-Bangalore,5,4,3268.15,1,48.5,2259,4,4,1,2023-12-10
SHIP00344,CUST1620,Electronics,A,Ship,Delhi-Bangalore,7,3,2834.61,3,59.2,4339,3,5,0,2023-06-19
SHIP00345,CUST7626,Cosmetics,C,Ship,Kolkata-Delhi,6,1,2720.69,1,49.1,5797,9,11,0,2023-11-19
SHIP00346,CUST6860,Sporting Goods,A,Flight,Bangalore-Chennai,3,5,523.88,7,24.8,6412,3,7,0,2023-02-07
SHIP00347,CUST9740,Fashion,B,Road,Kolkata-Delhi,7,5,1545.39,2,19.4,6974,3,5,0,2023-03-22
SHIP00348,CUST3316,Electronics,A,Ship,Hyderabad-Pune,5,4,2732.05,1,19.8,6946,8,7,1,2023-10-11
SHIP00349,CUST9397,Fashion,B,Ship,Delhi-Bangalore,5,3,1052.2,2,43.6,5647,8,8,1,2023-07-31
SHIP00350,CUST8557,Books,F,Ship,Mumbai-Chennai,6,1,1328.37,3,47.2,4991,3,8,0,2023-10-09
SHIP00351,CUST4842,Electronics,C,Road,Delhi-Mumbai,2,3,2480.72,5,40.1,3504,8,9,0,2023-03-07
SHIP00352,CUST6971,Home & Garden,D,Ship,Delhi-Mumbai,3,2,3949.73,6,18.0,3944,5,8,0,2023-10-18
SHIP00353,CUST8863,Cosmetics,D,Flight,Mumbai-Chennai,4,5,633.28,1,54.7,2146,5,9,0,2023-06-19
SHIP00354,CUST2252,Books,A,Ship,Hyderabad-Pune,6,1,4081.95,6,50.0,2742,6,7,0,2023-11-17
SHIP00355,CUST9904,Sporting Goods,D,Road,Delhi-Bangalore,3,4,1194.2,4,8.7,5105,3,6,0,2023-05-14
SHIP00356,CUST9227,Electronics,B,Road,Bangalore-Chennai,2,5,787.82,2,11.6,5635,4,6,0,2023-07-06
SHIP00357,CUST6878,Electronics,B,Flight,Delhi-Bangalore,1,3,1910.23,0,43.5,5242,5,9,0,2023-09-05
SHIP00358,CUST8448,Electronics,A,Road,Mumbai-Chennai,1,5,3204.48,4,54.3,3157,8,10,0,2023-08-29
SHIP00359,CUST7201,Home & Garden,F,Road,Delhi-Mumbai,5,3,1944.01,3,33.6,3890,5,7,0,2023-12-01
SHIP00360,CUST1108,Sporting Goods,B,Flight,Delhi-Bangalore,2,1,2621.25,4,13.7,2531,8,10,0,2023-09-04
SHIP00361,CUST2938,Books,B,Flight,Mumbai-Chennai,6,1,2459.43,7,31.1,5839,5,6,0,2023-11-05
SHIP00362,CUST1367,Fashion,A,Ship,Hyderabad-Pune,5,2,760.15,8,2.5,5688,5,9,0,2023-07-30
SHIP00363,CUST5231,Fashion,F,Flight,Hyderabad-Pune,5,1,4404.69,4,61.6,2774,5,4,1,2023-03-27
SHIP00364,CUST8891,Fashion,B,Flight,Hyderabad-Pune,2,5,4120.22,2,40.5,5184,10,13,0,2023-08-30
SHIP00365,CUST6614,Cosmetics,F,Road,Delhi-Mumbai,2,4,1988.76,1,1.1,5282,7,7,1,2023-12-18
SHIP00366,CUST2577,Fashion,D,Road,Hyderabad-Pune,1,5,2566.31,1,6.1,6401,9,14,0,2023-03-18
SHIP00367,CUST1019,Books,D,Road,Kolkata-Delhi,3,1,3518.45,6,14.9,4949,5,8,0,2023-10-04
SHIP00368,CUST2600,Cosmetics,B,Flight,Kolkata-Delhi,7,2,4559.42,1,18.4,5454,9,10,0,2023-10-29
SHIP00369,CUST1089,Books,A,Road,Hyderabad-Pune,1,5,135.25,3,44.7,3587,9,10,0,2023-04-07
SHIP00370,CUST3535,Cosmetics,F,Flight,Mumbai-Chennai,7,5,2175.45,5,39.8,6575,9,10,0,2023-02-24
SHIP00371,CUST7770,Sporting Goods,F,Flight,Delhi-Bangalore,3,5,2819.07,4,64.3,5732,9,14,0,2023-04-15
SHIP00372,CUST7522,Books,B,Road,Delhi-Mumbai,6,2,2288.31,2,6.5,5164,8,13,0,2023-12-28
SHIP00373,CUST1852,Fashion,D,Road,Delhi-Mumbai,7,1,4133.95,7,60.2,4566,9,14,0,2023-06-23
SHIP00374,CUST4633,Home & Garden,A,Road,Delhi-Mumbai,6,4,4660.36,6,39.9,5268,4,3,1,2023-05-15
SHIP00375,CUST1941,Fashion,D,Flight,Delhi-Mumbai,2,5,1501.43,0,51.0,5182,7,11,0,2023-11-02
SHIP00376,CUST1590,Home & Garden,B,Road,Delhi-Mumbai,2,1,4984.4,6,23.0,4237,6,9,0,2023-03-28
SHIP00377,CUST9482,Electronics,A,Ship,Hyderabad-Pune,3,5,4583.54,5,22.6,3265,9,12,0,2023-04-13
SHIP00378,CUST8450,Cosmetics,F,Ship,Mumbai-Chennai,2,4,2580.57,8,4.7,3410,6,9,0,2023-04-10
SHIP00379,CUST5222,Sporting Goods,F,Flight,Bangalore-Chennai,4,4,2859.53,3,49.2,4758,8,7,1,2023-09-20
SHIP00380,CUST8896,Electronics,C,Ship,Kolkata-Delhi,6,2,3416.87,3,52.0,4378,10,13,0,2023-01-15
SHIP00381,CUST1159,Books,C,Ship,Mumbai-Chennai,1,4,3401.12,5,4.9,2462,8,11,0,2023-10-02
SHIP00382,CUST4580,Sporting Goods,C,Ship,Bangalore-Chennai,6,2,2545.1,3,15.3,2982,10,11,0,2023-07-01
SHIP00383,CUST4322,Fashion,F,Flight,Delhi-Bangalore,7,1,687.4,1,43.9,6434,7,7,1,2023-04-28
SHIP00384,CUST9871,Electronics,D,Flight,Hyderabad-Pune,3,4,4500.79,4,31.9,5187,10,13,0,2023-01-04
SHIP00385,CUST3101,Electronics,F,Flight,Kolkata-Delhi,5,1,2562.13,6,55.9,2431,7,9,0,2023-04-24
SHIP00386,CUST9490,Cosmetics,C,Road,Delhi-Mumbai,1,2,1959.2,1,21.2,6019,10,9,1,2023-12-24
SHIP00387,CUST5306,Fashion,C,Flight,Hyderabad-Pune,3,3,1001.18,6,13.7,6740,7,7,1,2023-10-08
SHIP00388,CUST5581,Cosmetics,B,Road,Delhi-Bangalore,5,2,4089.53,4,52.3,5549,8,9,0,2023-07-25
SHIP00389,CUST4212,Fashion,B,Flight,Delhi-Mumbai,2,4,2548.03,8,34.7,3586,9,14,0,2023-07-15
SHIP00390,CUST1781,Cosmetics,A,Road,Delhi-Bangalore,1,2,4087.71,7,54.5,1788,10,11,0,2023-05-09
SHIP00391,CUST5256,Home & Garden,C,Road,Hyderabad-Pune,7,3,1786.29,6,7.9,6567,10,14,0,2023-06-21
SHIP00392,CUST9821,Fashion,C,Flight,Mumbai-Chennai,6,5,2488.72,7,57.8,4121,6,9,0,2023-10-22
SHIP00393,CUST3373,Fashion,C,Flight,Bangalore-Chennai,5,5,2083.39,1,5.1,3814,7,9,0,2023-11-20
SHIP00394,CUST5773,Books,C,Road,Bangalore-Chennai,4,3,4449.69,5,48.6,5267,6,7,0,2023-06-12
SHIP00395,CUST4012,Electronics,B,Road,Delhi-Bangalore,6,3,4708.14,1,13.7,4252,10,12,0,2023-03-27
SHIP00396,CUST8752,Sporting Goods,A,Ship,Kolkata-Delhi,5,1,609.25,2,5.5,4193,4,3,1,2023-02-02
SHIP00397,CUST5655,Cosmetics,B,Ship,Hyderabad-Pune,7,2,240.0,5,55.9,3664,7,7,1,2023-05-07
SHIP00398,CUST5463,Sporting Goods,D,Ship,Bangalore-Chennai,5,2,2995.07,7,41.0,6208,10,12,0,2023-10-04
SHIP00399,CUST9745,Home & Garden,C,Flight,Hyderabad-Pune,2,1,2265.12,5,26.8,2275,9,12,0,2023-11-24
SHIP00400,CUST9574,Fashion,C,Flight,Kolkata-Delhi,5,1,3470.07,7,61.6,4908,7,6,1,2023-01-01
SHIP00401,CUST5799,Sporting Goods,B,Ship,Hyderabad-Pune,3,2,2117.51,8,28.4,3047,7,6,1,2023-08-09
SHIP00402,CUST7385,Cosmetics,B,Flight,Delhi-Mumbai,4,2,2631.39,4,18.5,5357,5,9,0,2023-11-27
SHIP00403,CUST2121,Fashion,B,Flight,Delhi-Mumbai,6,4,3126.87,4,45.5,5030,7,9,0,2023-04-07
SHIP00404,CUST3492,Electronics,F,Ship,Delhi-Bangalore,1,3,1419.06,7,47.3,2907,6,7,0,2023-01-10
SHIP00405,CUST9086,Fashion,C,Flight,Mumbai-Chennai,7,4,4990.02,7,45.3,1259,4,4,1,2023-01-08
SHIP00406,CUST1918,Home & Garden,D,Ship,Hyderabad-Pune,4,2,1041.74,4,53.1,1103,8,7,1,2023-03-16
SHIP00407,CUST5078,Cosmetics,D,Ship,Bangalore-Chennai,1,2,2358.09,1,33.9,2707,4,9,0,2024-01-01
SHIP00408,CUST6113,Home & Garden,B,Road,Bangalore-Chennai,1,5,2652.54,4,31.3,3447,10,12,0,2023-12-15
SHIP00409,CUST4568,Electronics,B,Road,Kolkata-Delhi,3,1,920.07,4,38.0,4242,6,7,0,2023-01-27
SHIP00410,CUST8786,Books,F,Ship,Mumbai-Chennai,7,1,1318.74,7,5.9,6067,6,5,1,2023-01-22
SHIP00411,CUST1983,Electronics,C,Road,Delhi-Bangalore,6,5,3978.18,2,31.7,3594,8,13,0,2023-11-17
SHIP00412,CUST4161,Electronics,D,Flight,Bangalore-Chennai,2,3,4503.45,7,45.9,5579,8,13,0,2023-08-13
SHIP00413,CUST9029,Fashion,F,Ship,Hyderabad-Pune,3,3,3688.77,4,56.4,5904,7,10,0,2023-12-23
SHIP00414,CUST3539,Cosmetics,C,Flight,Hyderabad-Pune,3,4,103.53,8,24.6,2519,5,4,1,2023-09-29
SHIP00415,CUST4912,Home & Garden,A,Road,Hyderabad-Pune,7,4,1030.36,7,49.8,2262,3,6,0,2023-07-06
SHIP00416,CUST6276,Electronics,A,Road,Bangalore-Chennai,1,1,4192.45,2,11.6,1256,7,8,0,2023-07-29
SHIP00417,CUST4139,Electronics,A,Road,Bangalore-Chennai,7,4,3323.81,8,40.6,5835,6,5,1,2023-09-06
SHIP00418,CUST4616,Sporting Goods,A,Ship,Delhi-Bangalore,6,4,4649.18,1,30.4,6234,7,6,1,2023-07-07
SHIP00419,CUST7814,Home & Garden,A,Road,Mumbai-Chennai,5,1,3698.07,4,5.1,2768,3,4,0,2023-10-13
SHIP00420,CUST9710,Cosmetics,B,Ship,Hyderabad-Pune,6,2,2893.14,2,36.3,5572,4,3,1,2023-04-29
SHIP00421,CUST6864,Books,D,Road,Bangalore-Chennai,4,1,917.37,2,35.7,5134,9,13,0,2023-02-24
SHIP00422,CUST9747,Sporting Goods,D,Flight,Mumbai-Chennai,5,3,4239.78,6,49.7,4527,8,12,0,2023-03-22
SHIP00423,CUST9939,Fashion,D,Road,Bangalore-Chennai,3,3,4812.09,7,62.4,1001,8,11,0,2023-05-04
SHIP00424,CUST1267,Sporting Goods,B,Flight,Delhi-Mumbai,3,2,1152.63,5,1.4,6650,3,4,0,2023-11-02
SHIP00425,CUST3534,Electronics,A,Flight,Mumbai-Chennai,2,2,1398.44,3,15.1,3460,7,10,0,2023-09-19
SHIP00426,CUST4562,Books,A,Road,Mumbai-Chennai,7,4,947.22,1,38.7,3460,4,7,0,2023-07-24
SHIP00427,CUST7251,Electronics,A,Flight,Mumbai-Chennai,7,4,2140.96,1,56.5,2857,3,7,0,2023-10-23
SHIP00428,CUST7266,Electronics,C,Road,Delhi-Mumbai,3,5,2868.07,5,32.7,2808,3,7,0,2023-11-20
SHIP00429,CUST7436,Cosmetics,F,Road,Hyderabad-Pune,1,2,2216.48,6,9.6,3753,5,4,1,2023-12-11
SHIP00430,CUST1807,Sporting Goods,D,Flight,Delhi-Mumbai,4,5,2229.01,2,49.5,4939,4,6,0,2023-10-20
SHIP00431,CUST4212,Sporting Goods,F,Road,Hyderabad-Pune,2,2,451.06,6,21.0,5718,6,8,0,2023-07-22
SHIP00432,CUST7776,Cosmetics,C,Flight,Delhi-Bangalore,3,3,3010.0,0,50.0,2386,4,3,1,2023-12-10
SHIP00433,CUST3389,Cosmetics,A,Ship,Delhi-Bangalore,6,3,864.36,1,7.3,1446,8,11,0,2023-08-15
SHIP00434,CUST5713,Electronics,C,Road,Delhi-Mumbai,3,4,2408.83,5,13.6,5407,6,9,0,2023-03-17
SHIP00435,CUST9573,Home & Garden,F,Flight,Hyderabad-Pune,6,2,3505.85,0,24.5,6435,6,6,1,2023-10-07
SHIP00436,CUST1984,Home & Garden,B,Road,Hyderabad-Pune,3,1,2378.31,0,4.3,6409,3,4,0,2023-03-29
SHIP00437,CUST6901,Electronics,A,Flight,Bangalore-Chennai,4,2,4900.98,8,63.5,1815,7,11,0,2023-12-04
SHIP00438,CUST9709,Electronics,B,Ship,Hyderabad-Pune,4,5,4639.11,0,2.6,5336,8,10,0,2023-11-02
SHIP00439,CUST7445,Books,B,Ship,Mumbai-Chennai,6,3,1841.35,4,15.4,5106,7,8,0,2023-09-08
SHIP00440,CUST5221,Cosmetics,A,Road,Mumbai-Chennai,2,2,1774.75,6,42.7,1719,7,12,0,2023-02-01
SHIP00441,CUST4726,Cosmetics,B,Road,Delhi-Bangalore,4,3,4557.7,5,29.2,2079,9,12,0,2023-12-14
SHIP00442,CUST9869,Books,B,Ship,Mumbai-Chennai,6,5,4556.86,6,64.7,2189,6,10,0,2023-03-12
SHIP00443,CUST9732,Books,A,Ship,Mumbai-Chennai,7,2,3662.69,5,57.2,4391,5,6,0,2023-02-04
SHIP00444,CUST5485,Fashion,B,Ship,Delhi-Bangalore,2,1,3835.99,4,39.4,6016,9,10,0,2023-08-15
SHIP00445,CUST4783,Books,A,Flight,Delhi-Mumbai,6,4,757.02,7,46.3,4063,6,9,0,2023-04-29
SHIP00446,CUST9051,Cosmetics,B,Ship,Delhi-Bangalore,2,1,2102.09,0,60.2,4383,5,10,0,2023-07-18
SHIP00447,CUST4323,Fashion,A,Ship,Kolkata-Delhi,7,5,2500.72,5,56.3,3021,6,10,0,2023-12-10
SHIP00448,CUST7232,Books,C,Flight,Hyderabad-Pune,6,5,3009.65,8,41.7,6768,9,11,0,2023-01-22
SHIP00449,CUST8399,Cosmetics,A,Ship,Hyderabad-Pune,5,4,4920.77,0,36.3,5228,3,6,0,2023-02-25
SHIP00450,CUST8201,Cosmetics,C,Flight,Kolkata-Delhi,2,4,1542.66,0,44.8,2165,3,3,1,2023-05-30
SHIP00451,CUST8400,Electronics,F,Ship,Delhi-Bangalore,7,5,4695.43,8,8.8,4387,10,15,0,2023-11-27
SHIP00452,CUST3930,Cosmetics,F,Road,Delhi-Bangalore,4,1,1325.4,2,46.7,2012,8,10,0,2023-01-13
SHIP00453,CUST8362,Books,C,Ship,Hyderabad-Pune,6,4,3661.68,8,39.8,2309,4,3,1,2023-12-28
SHIP00454,CUST1719,Fashion,C,Road,Bangalore-Chennai,7,2,894.41,2,11.6,6833,9,12,0,2023-07-14
SHIP00455,CUST6071,Books,D,Flight,Bangalore-Chennai,2,1,4502.86,3,0.2,3073,3,5,0,2023-06-07
SHIP00456,CUST9169,Sporting Goods,A,Road,Kolkata-Delhi,2,2,2985.43,7,29.5,4619,3,5,0,2023-09-12
SHIP00457,CUST1107,Fashion,F,Flight,Hyderabad-Pune,6,5,4118.59,3,3.2,2214,4,7,0,2023-11-04
SHIP00458,CUST1601,Fashion,A,Road,Hyderabad-Pune,7,5,1562.36,1,3.2,4415,3,7,0,2023-06-28
SHIP00459,CUST5659,Sporting Goods,F,Road,Hyderabad-Pune,2,4,3771.74,5,60.5,1762,5,5,1,2023-12-11
SHIP00460,CUST7208,Electronics,D,Road,Delhi-Mumbai,3,4,759.27,4,21.4,4389,7,8,0,2023-07-08
SHIP00461,CUST1953,Electronics,F,Road,Bangalore-Chennai,5,1,2469.95,4,27.8,3592,6,10,0,2023-04-18
SHIP00462,CUST6797,Fashion,F,Road,Kolkata-Delhi,5,4,2513.27,2,57.4,2906,7,10,0,2023-10-22
SHIP00463,CUST2936,Electronics,D,Road,Delhi-Mumbai,6,2,4017.87,6,26.9,3734,7,7,1,2023-01-01
SHIP00464,CUST4478,Electronics,B,Road,Mumbai-Chennai,3,1,1608.09,8,35.7,1050,8,11,0,2023-11-23
SHIP00465,CUST6592,Cosmetics,F,Road,Delhi-Mumbai,7,2,1050.68,5,59.9,4924,4,8,0,2023-06-20
SHIP00466,CUST3224,Cosmetics,B,Road,Kolkata-Delhi,7,5,4490.05,7,51.0,4391,10,15,0,2023-01-19
SHIP00467,CUST5904,Sporting Goods,C,Road,Hyderabad-Pune,1,2,2929.25,5,52.0,3896,3,8,0,2023-09-24
SHIP00468,CUST1510,Home & Garden,D,Road,Hyderabad-Pune,7,2,2897.81,6,12.2,1957,4,4,1,2023-05-24
SHIP00469,CUST1518,Home & Garden,D,Ship,Kolkata-Delhi,2,3,2314.34,4,14.0,3476,7,11,0,2023-06-11
SHIP00470,CUST1612,Fashion,A,Flight,Hyderabad-Pune,1,4,4534.28,2,12.4,4960,5,4,1,2023-07-11
SHIP00471,CUST3347,Electronics,F,Road,Delhi-Bangalore,2,1,2350.91,8,7.5,3547,7,12,0,2023-06-17
SHIP00472,CUST2426,Home & Garden,D,Ship,Delhi-Mumbai,5,3,210.15,4,41.5,2719,3,7,0,2023-11-01
SHIP00473,CUST5695,Home & Garden,F,Flight,Kolkata-Delhi,6,1,1436.01,2,17.8,1124,8,8,1,2023-04-09
SHIP00474,CUST6739,Sporting Goods,C,Flight,Delhi-Bangalore,6,3,2913.01,2,4.6,6023,4,4,1,2023-10-05
SHIP00475,CUST1831,Fashion,A,Flight,Bangalore-Chennai,1,1,1979.64,1,27.7,2466,8,11,0,2023-08-16
SHIP00476,CUST6119,Home & Garden,B,Road,Bangalore-Chennai,7,5,484.87,7,36.9,1761,10,13,0,2023-07-02
SHIP00477,CUST6085,Books,D,Flight,Delhi-Bangalore,2,2,4319.37,4,59.3,4211,10,9,1,2023-08-22
SHIP00478,CUST6412,Home & Garden,D,Flight,Delhi-Mumbai,1,4,653.15,7,30.0,2399,5,9,0,2023-12-07
SHIP00479,CUST3087,Sporting Goods,A,Flight,Bangalore-Chennai,7,1,1696.76,1,51.5,5364,7,12,0,2023-06-28
SHIP00480,CUST7773,Fashion,F,Ship,Hyderabad-Pune,2,4,1980.7,5,13.5,6685,10,12,0,2023-10-30
SHIP00481,CUST6606,Sporting Goods,B,Ship,Bangalore-Chennai,6,1,3722.9,7,7.4,5883,9,14,0,2023-08-11
SHIP00482,CUST2599,Cosmetics,B,Flight,Kolkata-Delhi,1,5,632.85,6,21.3,6283,10,11,0,2023-10-12
SHIP00483,CUST3276,Sporting Goods,A,Ship,Bangalore-Chennai,2,4,2703.15,6,40.0,4663,3,2,1,2023-04-22
SHIP00484,CUST6187,Home & Garden,F,Road,Mumbai-Chennai,4,3,4952.42,0,39.7,5181,6,6,1,2023-12-15
SHIP00485,CUST5819,Electronics,C,Road,Delhi-Mumbai,1,5,4121.69,5,7.1,3311,9,14,0,2023-03-07
SHIP00486,CUST7459,Books,C,Road,Kolkata-Delhi,4,4,2232.43,3,43.1,4890,3,3,1,2023-08-10
SHIP00487,CUST7301,Home & Garden,D,Ship,Mumbai-Chennai,7,2,757.96,1,42.1,2179,5,5,1,2023-10-12
SHIP00488,CUST3224,Electronics,B,Road,Kolkata-Delhi,7,4,4478.55,6,40.5,4722,10,14,0,2023-08-12
SHIP00489,CUST7303,Home & Garden,B,Ship,Kolkata-Delhi,5,1,2931.9,3,46.3,3205,9,12,0,2023-08-19
SHIP00490,CUST7012,Electronics,A,Road,Kolkata-Delhi,6,3,654.51,7,62.5,1655,9,12,0,2023-10-23
SHIP00491,CUST5578,Cosmetics,F,Ship,Hyderabad-Pune,5,1,1301.63,1,44.5,5417,5,9,0,2023-09-27
SHIP00492,CUST6628,Sporting Goods,A,Flight,Kolkata-Delhi,5,4,2912.43,5,27.4,3413,7,10,0,2023-01-28
SHIP00493,CUST5981,Books,F,Flight,Delhi-Mumbai,6,4,2932.89,0,42.7,3390,7,7,1,2023-01-19
SHIP00494,CUST2351,Fashion,F,Ship,Mumbai-Chennai,3,2,3117.41,4,55.8,1116,3,4,0,2023-09-06
SHIP00495,CUST3476,Books,D,Flight,Delhi-Bangalore,3,2,2476.1,8,56.0,3808,4,7,0,2023-03-31
SHIP00496,CUST3525,Cosmetics,D,Flight,Delhi-Bangalore,6,4,3657.4,2,13.7,3826,4,4,1,2023-11-01
SHIP00497,CUST2900,Electronics,B,Flight,Kolkata-Delhi,4,3,2433.7,8,15.2,6599,3,7,0,2023-05-16
SHIP00498,CUST3378,Sporting Goods,D,Ship,Mumbai-Chennai,7,4,1971.82,5,62.5,6594,9,11,0,2023-05-15
SHIP00499,CUST6797,Cosmetics,F,Road,Mumbai-Chennai,3,3,1408.73,1,16.6,5785,3,2,1,2023-09-30
SHIP00500,CUST4961,Books,F,Ship,Hyderabad-Pune,3,2,1635.02,0,43.7,1556,9,11,0,2023-12-12
SHIP00501,CUST9605,Electronics,D,Flight,Delhi-Bangalore,6,3,1334.29,0,1.5,1753,3,5,0,2023-02-20
SHIP00502,CUST4552,Sporting Goods,A,Road,Delhi-Mumbai,1,5,736.55,2,58.2,6698,3,6,0,2023-12-03
SHIP00503,CUST8650,Books,A,Road,Kolkata-Delhi,3,4,3491.89,5,16.7,1606,5,6,0,2023-05-31
SHIP00504,CUST7271,Cosmetics,C,Ship,Mumbai-Chennai,7,3,971.85,1,32.0,2643,7,12,0,2023-02-01
SHIP00505,CUST9061,Electronics,B,Road,Kolkata-Delhi,2,5,3252.36,7,46.5,1846,9,9,1,2023-11-27
SHIP00506,CUST5105,Cosmetics,A,Flight,Delhi-Bangalore,6,1,4671.18,6,17.3,6734,3,2,1,2023-02-06
SHIP00507,CUST1060,Sporting Goods,D,Flight,Kolkata-Delhi,4,1,2746.63,0,25.0,6646,8,10,0,2023-10-22
SHIP00508,CUST9770,Home & Garden,C,Road,Mumbai-Chennai,4,1,3198.14,1,23.7,3785,10,9,1,2023-10-18
SHIP00509,CUST5750,Books,B,Ship,Hyderabad-Pune,1,4,3337.6,4,45.2,1874,4,9,0,2023-08-24
SHIP00510,CUST8175,Books,B,Ship,Delhi-Mumbai,2,1,3626.72,3,31.8,1516,8,10,0,2023-02-13
SHIP00511,CUST8361,Electronics,A,Flight,Delhi-Mumbai,3,1,2086.99,3,52.5,6466,7,9,0,2023-10-01
SHIP00512,CUST3440,Books,F,Ship,Delhi-Mumbai,1,2,2495.58,0,30.6,6065,10,14,0,2023-10-02
SHIP00513,CUST3138,Electronics,B,Road,Delhi-Mumbai,3,1,2335.3,2,54.3,1523,3,3,1,2023-12-26
SHIP00514,CUST4613,Electronics,B,Flight,Mumbai-Chennai,7,4,1688.75,8,8.9,2746,4,3,1,2023-09-12
SHIP00515,CUST6496,Electronics,A,Flight,Delhi-Bangalore,7,4,923.45,5,36.0,4593,3,6,0,2023-03-30
SHIP00516,CUST3185,Electronics,F,Flight,Delhi-Bangalore,1,4,495.54,0,11.7,1730,6,9,0,2023-01-21
SHIP00517,CUST8798,Books,B,Ship,Delhi-Bangalore,6,3,2663.13,6,15.6,2429,7,9,0,2023-12-22
SHIP00518,CUST9190,Sporting Goods,A,Road,Mumbai-Chennai,3,4,122.39,3,12.5,5343,3,6,0,2023-04-03
SHIP00519,CUST9842,Sporting Goods,B,Flight,Bangalore-Chennai,6,2,1454.49,3,7.3,2222,4,7,0,2023-07-05
SHIP00520,CUST3617,Books,A,Ship,Bangalore-Chennai,3,3,1126.99,4,21.7,4712,10,12,0,2023-04-01
SHIP00521,CUST9804,Fashion,B,Ship,Kolkata-Delhi,5,1,447.21,3,46.9,5855,3,2,1,2023-01-27
SHIP00522,CUST6336,Fashion,A,Flight,Delhi-Bangalore,1,2,3714.96,3,24.4,2807,8,10,0,2023-04-12
SHIP00523,CUST8936,Electronics,D,Ship,Delhi-Bangalore,5,4,972.5,5,8.9,6896,4,6,0,2023-10-27
SHIP00524,CUST5418,Fashion,C,Ship,Delhi-Mumbai,6,5,392.29,2,7.2,4813,6,10,0,2023-07-03
SHIP00525,CUST6629,Fashion,C,Road,Delhi-Bangalore,7,5,4537.33,8,55.6,1708,10,12,0,2023-03-29
SHIP00526,CUST9015,Fashion,F,Flight,Kolkata-Delhi,3,1,3677.09,3,16.1,4557,9,14,0,2023-09-25
SHIP00527,CUST1083,Cosmetics,A,Ship,Kolkata-Delhi,6,5,264.74,8,25.6,6706,6,9,0,2023-03-18
SHIP00528,CUST4940,Electronics,F,Ship,Bangalore-Chennai,6,4,4754.68,2,23.3,2958,4,6,0,2023-09-11
SHIP00529,CUST5994,Fashion,D,Road,Bangalore-Chennai,5,1,4884.46,7,50.2,6760,4,3,1,2023-09-03
SHIP00530,CUST8607,Books,A,Road,Delhi-Mumbai,4,3,2701.51,4,27.7,3210,9,9,1,2023-07-09
SHIP00531,CUST2326,Sporting Goods,C,Road,Delhi-Mumbai,5,3,4451.09,1,24.9,4812,6,11,0,2023-12-17
SHIP00532,CUST3871,Books,F,Road,Delhi-Mumbai,5,2,778.19,5,15.5,1930,3,4,0,2023-07-07
SHIP00533,CUST4437,Books,B,Flight,Mumbai-Chennai,3,5,3433.11,4,3.5,4054,10,14,0,2023-10-25
SHIP00534,CUST9215,Sporting Goods,A,Flight,Bangalore-Chennai,5,5,4507.31,7,40.4,6515,8,10,0,2023-09-06
SHIP00535,CUST2430,Electronics,D,Ship,Mumbai-Chennai,1,1,907.35,1,45.3,5065,4,4,1,2023-08-23
SHIP00536,CUST9530,Books,A,Flight,Kolkata-Delhi,6,5,4665.44,7,22.5,4636,5,10,0,2023-04-15
SHIP00537,CUST2031,Electronics,B,Road,Bangalore-Chennai,3,4,2935.65,5,31.6,6454,3,4,0,2023-04-07
SHIP00538,CUST3161,Home & Garden,B,Flight,Delhi-Bangalore,4,3,4856.55,0,9.6,3329,10,12,0,2023-06-05
SHIP00539,CUST3634,Books,F,Flight,Delhi-Bangalore,2,2,890.15,1,2.7,3593,10,10,1,2023-11-13
SHIP00540,CUST7056,Fashion,B,Road,Bangalore-Chennai,1,3,4892.31,2,24.2,5422,5,7,0,2023-05-14
SHIP00541,CUST2990,Electronics,D,Flight,Delhi-Bangalore,4,3,864.66,8,63.4,3713,5,8,0,2023-06-04
SHIP00542,CUST3409,Sporting Goods,D,Flight,Bangalore-Chennai,1,4,4510.85,2,44.1,1957,7,9,0,2023-05-29
SHIP00543,CUST4610,Cosmetics,C,Ship,Mumbai-Chennai,1,5,3242.43,8,14.4,3276,7,6,1,2023-07-25
SHIP00544,CUST9821,Cosmetics,A,Road,Kolkata-Delhi,2,4,1657.01,8,61.3,6462,6,5,1,2023-02-12
SHIP00545,CUST8006,Home & Garden,D,Flight,Delhi-Mumbai,3,3,1821.64,7,56.8,1717,8,10,0,2023-03-17
SHIP00546,CUST7809,Cosmetics,C,Ship,Bangalore-Chennai,4,4,783.88,1,9.3,3484,6,10,0,2023-08-16
SHIP00547,CUST6495,Electronics,F,Flight,Delhi-Mumbai,1,4,3230.15,4,26.9,5553,10,15,0,2023-09-26
SHIP00548,CUST3243,Fashion,B,Flight,Mumbai-Chennai,5,4,306.94,4,54.2,3489,10,14,0,2023-10-18
SHIP00549,CUST4678,Electronics,A,Ship,Mumbai-Chennai,3,4,708.47,4,27.1,5029,10,13,0,2023-08-26
SHIP00550,CUST5541,Cosmetics,A,Road,Bangalore-Chennai,3,5,2454.38,6,56.4,6144,6,5,1,2023-03-03
SHIP00551,CUST7114,Sporting Goods,F,Ship,Mumbai-Chennai,2,5,386.7,5,30.0,6679,10,14,0,2023-03-03
SHIP00552,CUST1866,Home & Garden,C,Flight,Bangalore-Chennai,3,1,1520.3,8,41.5,1629,5,6,0,2023-03-25
SHIP00553,CUST4002,Electronics,F,Ship,Hyderabad-Pune,3,3,4151.43,4,17.6,6717,6,11,0,2023-11-18
SHIP00554,CUST6761,Fashion,A,Ship,Hyderabad-Pune,3,3,3916.16,6,22.1,2335,8,7,1,2023-10-01
SHIP00555,CUST9247,Fashion,B,Road,Hyderabad-Pune,6,5,4245.74,8,45.6,1933,4,4,1,2023-03-21
SHIP00556,CUST2909,Fashion,A,Flight,Mumbai-Chennai,3,3,781.17,7,57.8,5895,9,11,0,2023-02-09
SHIP00557,CUST5991,Electronics,A,Ship,Delhi-Bangalore,7,2,3471.43,4,8.1,2066,8,8,1,2023-12-30
SHIP00558,CUST2830,Electronics,A,Flight,Kolkata-Delhi,1,2,628.31,8,38.6,4842,4,6,0,2023-12-20
SHIP00559,CUST2085,Home & Garden,A,Ship,Delhi-Mumbai,5,2,2979.25,3,12.0,3879,4,5,0,2023-01-23
SHIP00560,CUST5544,Sporting Goods,C,Flight,Delhi-Bangalore,7,5,3925.93,3,32.8,1559,3,2,1,2023-03-16
SHIP00561,CUST1229,Sporting Goods,B,Road,Delhi-Bangalore,3,2,4518.14,8,0.3,6942,4,9,0,2023-10-24
SHIP00562,CUST8777,Home & Garden,F,Ship,Kolkata-Delhi,6,1,986.16,5,63.8,4474,4,4,1,2023-09-16
SHIP00563,CUST7677,Electronics,C,Ship,Kolkata-Delhi,1,5,765.97,5,45.8,5564,6,9,0,2023-04-27
SHIP00564,CUST9088,Electronics,D,Flight,Kolkata-Delhi,5,3,3466.53,7,14.7,4336,3,2,1,2023-06-17
SHIP00565,CUST4093,Electronics,D,Road,Mumbai-Chennai,2,1,4993.74,7,43.7,4247,7,12,0,2023-08-08
SHIP00566,CUST2392,Electronics,B,Flight,Kolkata-Delhi,6,5,4890.1,2,4.2,2630,10,13,0,2023-12-04
SHIP00567,CUST7623,Electronics,B,Flight,Bangalore-Chennai,4,3,3847.6,4,49.2,6274,8,8,1,2023-11-01
SHIP00568,CUST7626,Cosmetics,F,Flight,Delhi-Bangalore,7,4,629.38,4,31.8,2890,9,10,0,2023-09-01
SHIP00569,CUST1865,Electronics,D,Road,Delhi-Mumbai,2,4,3062.46,5,9.9,6095,5,4,1,2023-02-20
SHIP00570,CUST9518,Cosmetics,D,Ship,Mumbai-Chennai,6,4,2502.23,4,35.3,5428,4,9,0,2023-02-09
SHIP00571,CUST8051,Electronics,D,Flight,Mumbai-Chennai,7,4,2268.53,0,2.1,5560,3,8,0,2023-01-17
SHIP00572,CUST9052,Cosmetics,B,Flight,Bangalore-Chennai,4,4,3843.65,7,42.9,6614,7,11,0,2023-03-26
SHIP00573,CUST3560,Sporting Goods,A,Flight,Mumbai-Chennai,4,5,4857.27,5,49.8,3330,10,12,0,2023-10-15
SHIP00574,CUST1739,Fashion,C,Flight,Bangalore-Chennai,5,1,3849.45,5,24.7,4507,8,7,1,2023-01-15
SHIP00575,CUST6755,Electronics,B,Ship,Delhi-Bangalore,6,3,3003.41,1,56.5,1937,8,9,0,2023-07-30
SHIP00576,CUST9821,Home & Garden,A,Flight,Bangalore-Chennai,7,4,2883.44,6,17.3,6701,8,8,1,2023-01-11
SHIP00577,CUST6185,Cosmetics,F,Flight,Mumbai-Chennai,5,1,4060.8,1,44.9,2686,10,13,0,2023-01-12
SHIP00578,CUST6563,Fashion,F,Flight,Mumbai-Chennai,4,2,2535.06,1,54.6,5389,8,10,0,2023-09-15
SHIP00579,CUST1778,Home & Garden,F,Flight,Delhi-Bangalore,5,1,3616.76,1,38.5,3239,6,7,0,2023-05-16
SHIP00580,CUST8786,Cosmetics,B,Flight,Delhi-Mumbai,6,3,2572.73,4,28.1,5423,4,7,0,2023-09-29
SHIP00581,CUST7591,Home & Garden,F,Road,Kolkata-Delhi,6,5,984.94,0,40.8,5228,8,8,1,2023-08-01
SHIP00582,CUST4489,Books,D,Flight,Bangalore-Chennai,5,5,4278.6,6,60.8,6952,5,8,0,2023-09-13
SHIP00583,CUST6968,Cosmetics,B,Ship,Delhi-Bangalore,6,3,4236.2,6,20.7,1527,3,6,0,2023-04-13
SHIP00584,CUST5373,Home & Garden,B,Flight,Bangalore-Chennai,5,2,2088.74,1,9.7,1226,6,11,0,2023-07-31
SHIP00585,CUST8604,Cosmetics,F,Flight,Kolkata-Delhi,6,1,1089.75,4,8.9,3116,6,11,0,2023-06-08
SHIP00586,CUST3883,Books,A,Road,Kolkata-Delhi,7,1,371.1,1,20.4,3441,7,11,0,2023-10-09
SHIP00587,CUST2479,Cosmetics,B,Ship,Delhi-Mumbai,5,5,4671.38,8,43.2,5754,4,6,0,2023-07-06
SHIP00588,CUST4900,Sporting Goods,A,Flight,Mumbai-Chennai,7,5,3712.46,3,60.8,2785,7,9,0,2023-02-16
SHIP00589,CUST4507,Home & Garden,D,Flight,Mumbai-Chennai,7,5,374.03,8,24.4,1925,5,4,1,2023-03-31
SHIP00590,CUST8780,Books,B,Flight,Delhi-Bangalore,3,4,3606.79,4,1.4,5962,8,11,0,2023-08-05
SHIP00591,CUST1895,Books,B,Flight,Hyderabad-Pune,4,3,3230.85,5,58.7,6613,3,8,0,2023-12-06
SHIP00592,CUST8248,Cosmetics,A,Flight,Mumbai-Chennai,3,1,4687.98,3,19.3,2312,4,7,0,2023-05-02
SHIP00593,CUST7656,Electronics,C,Ship,Kolkata-Delhi,4,4,4639.84,5,46.6,1822,10,14,0,2023-06-12
SHIP00594,CUST9295,Electronics,C,Flight,Hyderabad-Pune,6,5,3715.15,7,45.2,1426,5,9,0,2023-05-14
SHIP00595,CUST3229,Electronics,D,Ship,Bangalore-Chennai,3,3,2921.47,1,10.3,5230,5,9,0,2023-08-16
SHIP00596,CUST7722,Home & Garden,D,Flight,Bangalore-Chennai,2,3,950.05,5,52.0,2627,5,10,0,2023-11-01
SHIP00597,CUST3980,Cosmetics,D,Road,Delhi-Bangalore,1,1,4623.25,3,58.9,4788,4,6,0,2023-07-08
SHIP00598,CUST3764,Electronics,D,Road,Kolkata-Delhi,5,3,831.33,5,11.1,5646,6,7,0,2023-12-26
SHIP00599,CUST8129,Cosmetics,D,Ship,Delhi-Bangalore,6,2,1033.67,4,18.7,5048,4,3,1,2023-09-27
SHIP00600,CUST4385,Sporting Goods,B,Flight,Bangalore-Chennai,6,2,2149.82,6,51.5,1235,9,9,1,2023-08-09
SHIP00601,CUST8388,Fashion,C,Road,Bangalore-Chennai,6,4,520.12,7,8.7,3648,7,8,0,2023-05-01
SHIP00602,CUST7283,Books,D,Road,Hyderabad-Pune,3,1,566.87,0,3.4,2923,9,13,0,2023-04-19
SHIP00603,CUST1745,Electronics,C,Road,Hyderabad-Pune,4,3,4889.87,5,8.6,5583,10,11,0,2023-11-07
SHIP00604,CUST5264,Fashion,F,Flight,Mumbai-Chennai,4,2,539.28,8,28.1,3133,3,6,0,2023-04-02
SHIP00605,CUST3095,Cosmetics,C,Road,Mumbai-Chennai,4,3,4523.68,4,39.8,3160,4,5,0,2023-01-23
SHIP00606,CUST6169,Books,D,Ship,Hyderabad-Pune,7,4,360.79,2,3.5,2500,8,10,0,2023-03-26
SHIP00607,CUST3679,Books,D,Flight,Delhi-Mumbai,4,1,2263.45,8,31.5,5038,3,5,0,2023-05-14
SHIP00608,CUST3025,Home & Garden,A,Ship,Mumbai-Chennai,2,2,3774.69,4,36.6,6432,4,9,0,2023-03-17
SHIP00609,CUST9618,Sporting Goods,B,Flight,Delhi-Mumbai,2,4,3416.85,5,1.7,6581,6,9,0,2023-01-03
SHIP00610,CUST2737,Home & Garden,B,Ship,Delhi-Mumbai,4,4,2324.87,4,38.6,1047,4,6,0,2023-07-11
SHIP00611,CUST8423,Home & Garden,F,Ship,Delhi-Bangalore,7,1,4027.63,4,21.0,1454,8,7,1,2023-12-02
SHIP00612,CUST7248,Electronics,D,Flight,Delhi-Bangalore,2,4,537.02,3,10.6,4296,4,7,0,2023-11-05
SHIP00613,CUST3525,Electronics,C,Flight,Kolkata-Delhi,6,3,4528.3,2,23.3,1787,7,11,0,2023-12-01
SHIP00614,CUST9021,Cosmetics,D,Flight,Mumbai-Chennai,5,5,2173.05,6,52.7,6028,8,11,0,2023-04-13
SHIP00615,CUST7979,Electronics,A,Road,Mumbai-Chennai,4,2,3273.29,2,60.5,5319,5,7,0,2023-11-19
SHIP00616,CUST8165,Electronics,D,Flight,Delhi-Bangalore,2,3,4223.54,8,27.8,5657,4,5,0,2023-08-28
SHIP00617,CUST1738,Sporting Goods,A,Road,Kolkata-Delhi,4,1,2376.82,4,23.1,5796,3,6,0,2023-02-09
SHIP00618,CUST1266,Electronics,D,Ship,Delhi-Bangalore,7,4,321.77,6,57.0,3438,4,9,0,2023-09-15
SHIP00619,CUST8371,Sporting Goods,C,Flight,Delhi-Bangalore,2,2,483.28,4,56.7,1871,8,11,0,2023-08-21
SHIP00620,CUST1095,Cosmetics,A,Ship,Delhi-Bangalore,6,4,2354.8,6,56.5,5930,9,12,0,2023-01-10
SHIP00621,CUST6910,Books,D,Flight,Delhi-Mumbai,2,2,167.99,1,53.0,6701,10,11,0,2023-11-13
SHIP00622,CUST4428,Cosmetics,B,Road,Delhi-Bangalore,4,5,1035.48,4,50.0,2213,6,11,0,2023-01-14
SHIP00623,CUST2908,Fashion,B,Road,Bangalore-Chennai,4,4,2410.3,7,38.0,2649,10,12,0,2023-01-12
SHIP00624,CUST1834,Home & Garden,A,Ship,Bangalore-Chennai,7,4,4899.49,7,47.9,5881,7,10,0,2023-07-20
SHIP00625,CUST7548,Cosmetics,F,Road,Bangalore-Chennai,5,4,1236.34,0,34.3,4457,7,6,1,2023-09-07
SHIP00626,CUST5388,Books,D,Flight,Delhi-Mumbai,4,5,4700.93,5,29.1,4573,8,11,0,2023-02-02
SHIP00627,CUST4149,Cosmetics,C,Flight,Delhi-Bangalore,5,2,2979.53,5,59.9,6858,3,3,1,2023-05-28
SHIP00628,CUST7395,Cosmetics,C,Flight,Delhi-Bangalore,5,2,1484.04,1,43.4,2057,10,10,1,2023-05-31
SHIP00629,CUST9063,Electronics,D,Flight,Mumbai-Chennai,2,2,2828.47,0,23.3,3136,5,5,1,2023-03-22
SHIP00630,CUST3862,Sporting Goods,A,Ship,Mumbai-Chennai,4,1,3126.06,1,36.5,4984,8,12,0,2023-03-23
SHIP00631,CUST1764,Sporting Goods,C,Ship,Bangalore-Chennai,7,5,3061.02,1,45.9,4586,7,8,0,2023-07-01
SHIP00632,CUST2734,Sporting Goods,F,Ship,Hyderabad-Pune,1,5,616.51,1,56.6,3962,10,15,0,2023-02-26
SHIP00633,CUST8233,Sporting Goods,D,Road,Delhi-Mumbai,2,3,1739.58,2,8.0,2653,5,9,0,2023-05-30
SHIP00634,CUST5019,Cosmetics,C,Flight,Hyderabad-Pune,2,1,1403.48,6,23.4,6447,10,12,0,2023-01-04
SHIP00635,CUST7909,Fashion,B,Flight,Kolkata-Delhi,4,4,4764.02,8,51.6,3963,6,6,1,2023-09-29
SHIP00636,CUST1162,Books,F,Ship,Delhi-Mumbai,3,3,2068.09,2,28.2,4221,3,5,0,2023-03-16
SHIP00637,CUST3473,Sporting Goods,A,Road,Bangalore-Chennai,7,5,4866.04,6,26.1,6577,3,7,0,2023-11-25
SHIP00638,CUST6638,Electronics,C,Road,Hyderabad-Pune,2,4,2286.33,3,57.7,6114,7,11,0,2023-06-10
SHIP00639,CUST7627,Fashion,C,Ship,Delhi-Mumbai,5,3,2010.97,2,33.8,5430,10,14,0,2023-06-26
SHIP00640,CUST9383,Sporting Goods,C,Road,Mumbai-Chennai,7,2,214.77,8,38.5,2977,7,7,1,2023-02-17
SHIP00641,CUST9278,Electronics,A,Flight,Mumbai-Chennai,6,5,1836.92,0,49.2,2021,7,11,0,2023-08-05
SHIP00642,CUST1085,Cosmetics,C,Ship,Bangalore-Chennai,5,5,3601.77,8,54.9,2915,10,11,0,2023-10-21
SHIP00643,CUST3293,Books,D,Road,Bangalore-Chennai,2,1,1706.45,3,53.5,3959,8,9,0,2023-05-26
SHIP00644,CUST7974,Cosmetics,A,Ship,Delhi-Mumbai,4,2,2433.64,7,5.1,6544,10,9,1,2023-03-17
SHIP00645,CUST9502,Cosmetics,C,Road,Kolkata-Delhi,6,4,4982.91,7,47.6,4415,9,12,0,2023-10-14
SHIP00646,CUST3082,Cosmetics,D,Ship,Bangalore-Chennai,5,5,678.48,3,29.6,1267,5,5,1,2023-09-16
SHIP00647,CUST2945,Sporting Goods,D,Ship,Delhi-Mumbai,3,5,1518.99,8,10.0,4043,5,8,0,2023-07-09
SHIP00648,CUST5816,Cosmetics,A,Ship,Delhi-Bangalore,7,5,2166.61,4,57.8,2766,7,8,0,2023-06-05
SHIP00649,CUST1034,Electronics,F,Flight,Delhi-Mumbai,7,1,2146.12,4,36.8,3767,5,10,0,2023-09-08
SHIP00650,CUST3175,Fashion,F,Road,Kolkata-Delhi,7,4,3369.38,2,56.3,3664,9,11,0,2023-11-07
SHIP00651,CUST7711,Cosmetics,B,Flight,Mumbai-Chennai,5,1,4794.59,7,47.8,6291,4,9,0,2023-11-16
SHIP00652,CUST1406,Sporting Goods,C,Road,Bangalore-Chennai,1,5,517.24,8,37.5,1433,4,9,0,2023-03-26
SHIP00653,CUST9235,Electronics,A,Road,Hyderabad-Pune,2,1,1447.32,3,15.9,6780,6,11,0,2023-09-01
SHIP00654,CUST6249,Cosmetics,F,Ship,Kolkata-Delhi,7,1,1765.79,2,27.0,5324,10,9,1,2023-10-01
SHIP00655,CUST2491,Electronics,A,Road,Delhi-Bangalore,3,2,995.08,1,10.0,4336,8,10,0,2023-05-12
SHIP00656,CUST6329,Fashion,A,Road,Delhi-Mumbai,3,4,583.85,2,26.8,3655,5,4,1,2023-11-11
SHIP00657,CUST1849,Fashion,B,Road,Hyderabad-Pune,2,4,2592.24,8,25.0,1942,7,9,0,2023-03-03
SHIP00658,CUST8615,Sporting Goods,D,Ship,Kolkata-Delhi,1,4,3204.35,0,17.5,5801,7,6,1,2023-06-12
SHIP00659,CUST3057,Home & Garden,F,Flight,Kolkata-Delhi,1,5,1096.94,2,24.3,2377,4,4,1,2023-10-12
SHIP00660,CUST8401,Electronics,A,Flight,Hyderabad-Pune,3,2,102.66,7,17.8,3055,6,9,0,2023-08-05
SHIP00661,CUST4485,Sporting Goods,F,Flight,Delhi-Mumbai,2,5,2859.1,4,5.8,6721,9,10,0,2023-11-20
SHIP00662,CUST5578,Cosmetics,B,Road,Hyderabad-Pune,7,3,4431.26,5,41.3,6797,4,9,0,2023-03-13
SHIP00663,CUST6269,Home & Garden,B,Flight,Hyderabad-Pune,3,1,4578.69,2,42.0,1016,10,11,0,2023-05-06
SHIP00664,CUST3843,Cosmetics,F,Road,Bangalore-Chennai,4,4,2736.84,1,35.0,6501,10,9,1,2023-01-05
SHIP00665,CUST6783,Cosmetics,F,Flight,Kolkata-Delhi,2,1,711.34,5,60.9,4641,10,14,0,2023-03-05
SHIP00666,CUST5606,Books,C,Ship,Delhi-Mumbai,7,5,3163.66,3,15.2,5045,3,3,1,2023-01-11
SHIP00667,CUST9074,Books,F,Ship,Delhi-Mumbai,2,4,643.64,4,37.0,5046,8,7,1,2023-05-24
SHIP00668,CUST3875,Electronics,F,Ship,Bangalore-Chennai,1,2,1372.16,3,57.3,6971,5,8,0,2023-04-10
SHIP00669,CUST1378,Books,F,Road,Mumbai-Chennai,6,5,4427.2,0,61.0,6250,7,7,1,2023-12-14
SHIP00670,CUST8086,Cosmetics,C,Ship,Bangalore-Chennai,5,4,2528.32,8,49.3,6908,3,8,0,2023-06-15
SHIP00671,CUST7882,Sporting Goods,D,Flight,Delhi-Mumbai,4,2,1740.06,0,64.4,2848,6,5,1,2023-05-23
SHIP00672,CUST4225,Fashion,C,Flight,Delhi-Mumbai,6,1,236.58,6,52.5,5854,9,8,1,2023-05-08
SHIP00673,CUST5049,Electronics,D,Ship,Mumbai-Chennai,7,1,4126.01,8,51.6,1597,8,13,0,2023-05-09
SHIP00674,CUST8314,Sporting Goods,A,Ship,Delhi-Mumbai,1,4,1635.07,1,50.9,1507,10,15,0,2023-02-18
SHIP00675,CUST8075,Electronics,A,Road,Delhi-Mumbai,5,1,1545.09,6,26.1,6056,10,9,1,2023-06-04
SHIP00676,CUST1173,Cosmetics,D,Flight,Kolkata-Delhi,5,5,596.26,0,29.5,3688,9,9,1,2023-11-03
SHIP00677,CUST1201,Sporting Goods,A,Road,Delhi-Bangalore,5,2,3223.08,4,23.1,4943,6,5,1,2023-02-22
SHIP00678,CUST3255,Electronics,A,Ship,Mumbai-Chennai,5,4,2614.32,5,20.2,5433,10,10,1,2023-05-05
SHIP00679,CUST6057,Sporting Goods,C,Flight,Mumbai-Chennai,1,5,2973.56,2,3.7,5154,5,5,1,2023-08-29
SHIP00680,CUST4201,Fashion,B,Ship,Mumbai-Chennai,2,4,3504.43,7,39.0,3712,3,5,0,2023-06-26
SHIP00681,CUST7859,Home & Garden,B,Ship,Kolkata-Delhi,7,1,2530.06,0,41.5,6678,8,11,0,2023-06-03
SHIP00682,CUST4492,Fashion,D,Road,Mumbai-Chennai,7,4,1106.05,2,53.7,1055,6,8,0,2023-11-16
SHIP00683,CUST6863,Electronics,F,Ship,Delhi-Bangalore,3,4,1052.58,5,2.9,1243,8,7,1,2023-02-07
SHIP00684,CUST3853,Fashion,C,Road,Delhi-Bangalore,3,5,1305.22,3,1.4,3144,6,6,1,2023-05-26
SHIP00685,CUST3248,Cosmetics,A,Flight,Delhi-Bangalore,3,4,1276.73,5,43.0,5316,4,3,1,2023-12-13
SHIP00686,CUST2941,Fashion,B,Ship,Delhi-Bangalore,5,4,3502.33,5,39.0,6211,9,13,0,2023-02-03
SHIP00687,CUST4098,Sporting Goods,C,Ship,Mumbai-Chennai,2,1,3184.35,4,56.7,5163,6,5,1,2023-11-12
SHIP00688,CUST8711,Books,F,Ship,Delhi-Bangalore,5,4,3781.41,8,24.3,5250,10,10,1,2023-02-11
SHIP00689,CUST7125,Sporting Goods,D,Road,Kolkata-Delhi,4,3,2947.81,0,13.5,2662,10,10,1,2023-06-14
SHIP00690,CUST7486,Fashion,C,Flight,Kolkata-Delhi,5,2,4683.94,5,16.5,1694,10,15,0,2023-05-01
SHIP00691,CUST5834,Cosmetics,F,Flight,Delhi-Bangalore,5,1,2379.74,5,27.7,4830,5,10,0,2023-02-13
SHIP00692,CUST9151,Home & Garden,C,Flight,Delhi-Mumbai,2,4,1245.57,1,23.3,1675,9,11,0,2023-07-08
SHIP00693,CUST9401,Sporting Goods,A,Flight,Delhi-Bangalore,1,1,449.61,0,35.5,3734,7,12,0,2023-09-14
SHIP00694,CUST5096,Home & Garden,C,Ship,Bangalore-Chennai,5,2,4992.18,8,59.3,1069,6,10,0,2023-06-18
SHIP00695,CUST7616,Cosmetics,F,Road,Delhi-Mumbai,4,5,4947.45,2,56.3,2864,7,8,0,2023-06-27
SHIP00696,CUST8773,Fashion,F,Road,Hyderabad-Pune,7,4,3640.3,7,22.1,1703,6,10,0,2023-04-18
SHIP00697,CUST8025,Books,D,Ship,Kolkata-Delhi,4,5,247.51,2,37.5,2051,8,13,0,2023-04-07
SHIP00698,CUST9188,Books,C,Flight,Delhi-Bangalore,4,4,3460.24,6,49.6,6656,7,11,0,2023-01-05
SHIP00699,CUST1380,Sporting Goods,A,Ship,Delhi-Bangalore,3,5,3186.21,6,63.7,2672,7,8,0,2023-10-28
SHIP00700,CUST7331,Fashion,D,Ship,Mumbai-Chennai,5,4,3231.12,4,6.1,1854,9,8,1,2023-10-01
SHIP00701,CUST9005,Electronics,B,Ship,Delhi-Mumbai,4,3,1108.87,4,42.9,1573,5,4,1,2023-12-19
SHIP00702,CUST9495,Electronics,B,Flight,Kolkata-Delhi,4,2,4949.02,2,34.9,4917,10,9,1,2023-07-08
SHIP00703,CUST3128,Fashion,C,Flight,Bangalore-Chennai,6,4,878.03,4,38.2,5116,4,6,0,2023-04-16
SHIP00704,CUST1121,Fashion,D,Ship,Kolkata-Delhi,5,2,2676.7,7,29.9,5719,10,11,0,2023-04-14
SHIP00705,CUST5717,Books,D,Flight,Bangalore-Chennai,7,3,2016.34,2,27.0,2471,3,7,0,2023-02-16
SHIP00706,CUST4005,Books,F,Ship,Kolkata-Delhi,6,1,1274.51,2,17.8,6145,9,11,0,2023-07-16
SHIP00707,CUST4559,Cosmetics,D,Road,Delhi-Mumbai,3,1,3801.44,8,49.8,3670,7,11,0,2023-02-04
SHIP00708,CUST5141,Fashion,F,Ship,Kolkata-Delhi,1,1,3230.45,7,24.8,4271,9,11,0,2023-03-26
SHIP00709,CUST1175,Home & Garden,A,Road,Delhi-Bangalore,3,4,2475.32,1,5.4,6382,6,8,0,2023-01-20
SHIP00710,CUST3297,Cosmetics,C,Ship,Delhi-Bangalore,7,1,3074.24,2,19.1,5379,6,10,0,2023-08-13
SHIP00711,CUST1183,Books,C,Ship,Kolkata-Delhi,3,2,1161.69,0,58.0,5360,9,9,1,2023-02-09
SHIP00712,CUST1782,Books,F,Road,Bangalore-Chennai,6,1,2014.03,4,28.9,5900,6,8,0,2023-12-23
SHIP00713,CUST4305,Fashion,C,Ship,Delhi-Bangalore,1,1,2166.25,0,21.9,2574,3,2,1,2023-07-13
SHIP00714,CUST3750,Books,B,Ship,Kolkata-Delhi,5,1,4096.56,5,36.5,2552,4,4,1,2023-02-19
SHIP00715,CUST8010,Electronics,B,Ship,Delhi-Mumbai,3,3,950.75,6,42.5,1098,6,9,0,2023-07-22
SHIP00716,CUST4606,Electronics,C,Road,Hyderabad-Pune,3,1,429.92,3,26.7,5905,9,9,1,2023-08-23
SHIP00717,CUST9784,Sporting Goods,B,Flight,Delhi-Mumbai,5,3,4908.94,6,44.1,6682,10,9,1,2023-12-31
SHIP00718,CUST6209,Books,D,Ship,Mumbai-Chennai,1,5,4569.31,7,24.9,6247,5,6,0,2023-03-31
SHIP00719,CUST1217,Fashion,A,Road,Delhi-Mumbai,3,2,3715.78,3,40.3,1490,6,9,0,2023-10-28
SHIP00720,CUST5859,Fashion,B,Flight,Delhi-Bangalore,6,1,1266.51,7,48.1,3692,5,6,0,2023-09-13
SHIP00721,CUST1648,Sporting Goods,D,Road,Mumbai-Chennai,7,1,1222.15,5,22.3,2686,5,6,0,2023-06-12
SHIP00722,CUST4644,Sporting Goods,D,Road,Mumbai-Chennai,2,4,3185.93,1,56.5,1573,3,7,0,2023-05-08
SHIP00723,CUST3318,Fashion,B,Ship,Delhi-Bangalore,5,5,4172.98,3,15.4,1640,6,5,1,2023-11-21
SHIP00724,CUST6103,Fashion,B,Ship,Kolkata-Delhi,2,5,1319.95,4,37.5,6206,9,13,0,2023-08-28
SHIP00725,CUST2310,Home & Garden,D,Flight,Delhi-Bangalore,4,4,2171.22,6,49.4,4948,6,7,0,2023-09-04
SHIP00726,CUST8002,Electronics,C,Road,Hyderabad-Pune,2,5,3660.58,4,24.7,3505,3,8,0,2023-07-15
SHIP00727,CUST8878,Electronics,C,Ship,Bangalore-Chennai,4,2,858.15,3,0.3,5101,10,11,0,2023-07-12
SHIP00728,CUST7812,Cosmetics,C,Flight,Kolkata-Delhi,3,5,449.05,0,64.5,2019,8,10,0,2023-07-27
SHIP00729,CUST4182,Cosmetics,C,Road,Mumbai-Chennai,5,4,3211.4,5,45.3,6332,9,12,0,2023-03-25
SHIP00730,CUST4970,Cosmetics,A,Flight,Bangalore-Chennai,6,1,3517.61,2,17.0,4731,9,11,0,2023-05-07
SHIP00731,CUST3644,Electronics,A,Ship,Bangalore-Chennai,6,4,2048.57,1,33.7,2546,5,6,0,2023-05-07
SHIP00732,CUST5143,Books,C,Road,Hyderabad-Pune,6,4,2971.79,6,48.9,6960,9,9,1,2023-08-07
SHIP00733,CUST6642,Fashion,C,Road,Delhi-Bangalore,6,4,3525.14,0,64.2,5028,4,3,1,2023-11-22
SHIP00734,CUST7845,Sporting Goods,D,Road,Mumbai-Chennai,6,4,936.11,5,12.1,2100,3,2,1,2023-02-05
SHIP00735,CUST9234,Electronics,D,Road,Delhi-Bangalore,2,2,389.01,2,52.6,2571,6,8,0,2023-04-04
SHIP00736,CUST8220,Books,F,Ship,Bangalore-Chennai,2,1,1536.32,6,8.1,1526,7,12,0,2023-07-29
SHIP00737,CUST4846,Cosmetics,D,Road,Delhi-Mumbai,1,1,1403.8,0,43.2,1342,8,7,1,2023-10-27
SHIP00738,CUST1118,Cosmetics,F,Road,Mumbai-Chennai,4,4,3808.87,6,21.9,6585,4,4,1,2023-09-25
SHIP00739,CUST6918,Books,D,Flight,Hyderabad-Pune,1,3,4378.08,1,0.2,6720,8,9,0,2023-05-03
SHIP00740,CUST1420,Sporting Goods,A,Road,Mumbai-Chennai,6,2,1905.31,7,33.5,6408,9,13,0,2023-03-13
SHIP00741,CUST6278,Electronics,C,Ship,Bangalore-Chennai,3,4,1244.44,7,26.0,6018,6,5,1,2023-11-23
SHIP00742,CUST8800,Books,A,Road,Kolkata-Delhi,3,5,1055.88,2,56.5,5684,4,5,0,2023-08-08
SHIP00743,CUST2426,Home & Garden,F,Flight,Delhi-Bangalore,4,1,2462.63,8,15.7,2733,3,3,1,2023-09-12
SHIP00744,CUST2465,Electronics,D,Road,Delhi-Mumbai,2,3,4522.98,4,14.3,3110,5,10,0,2023-12-04
SHIP00745,CUST3224,Sporting Goods,D,Ship,Bangalore-Chennai,3,2,4665.72,1,41.9,4088,10,14,0,2023-03-05
SHIP00746,CUST8159,Fashion,B,Flight,Delhi-Mumbai,3,1,645.77,5,48.1,2541,9,13,0,2023-11-25
SHIP00747,CUST3087,Home & Garden,D,Road,Bangalore-Chennai,1,3,403.24,8,12.3,4179,4,7,0,2023-07-08
SHIP00748,CUST3069,Sporting Goods,F,Road,Delhi-Bangalore,1,4,145.02,7,20.5,3431,9,10,0,2023-07-06
SHIP00749,CUST8467,Fashion,F,Flight,Delhi-Bangalore,6,1,3034.51,4,32.7,6641,6,8,0,2023-12-15
SHIP00750,CUST8836,Books,B,Flight,Mumbai-Chennai,6,4,388.18,5,9.9,6871,4,5,0,2023-12-28
SHIP00751,CUST1861,Fashion,D,Road,Kolkata-Delhi,3,2,4956.21,8,25.5,4460,6,11,0,2023-04-26
SHIP00752,CUST7407,Electronics,F,Road,Mumbai-Chennai,3,2,3535.43,8,25.6,2072,10,11,0,2023-07-20
SHIP00753,CUST1886,Books,C,Flight,Bangalore-Chennai,2,5,774.05,7,18.9,2186,8,13,0,2023-10-25
SHIP00754,CUST1149,Home & Garden,F,Ship,Bangalore-Chennai,7,2,1945.12,6,44.2,2378,6,6,1,2023-04-11
SHIP00755,CUST8763,Fashion,A,Ship,Hyderabad-Pune,6,3,3007.62,2,40.8,4309,3,2,1,2023-07-02
SHIP00756,CUST4946,Cosmetics,D,Flight,Bangalore-Chennai,5,2,3298.71,6,50.4,6494,6,5,1,2023-03-02
SHIP00757,CUST7260,Home & Garden,D,Flight,Delhi-Mumbai,1,1,504.92,7,41.7,5175,4,9,0,2023-08-26
SHIP00758,CUST8856,Home & Garden,A,Road,Delhi-Bangalore,4,4,4999.78,6,19.4,2025,6,5,1,2023-10-28
SHIP00759,CUST9806,Fashion,D,Road,Delhi-Mumbai,4,5,4105.57,8,31.8,5250,4,5,0,2023-02-02
SHIP00760,CUST2922,Fashion,F,Road,Delhi-Bangalore,1,5,2291.44,5,8.0,2055,4,9,0,2023-04-17
SHIP00761,CUST2438,Sporting Goods,C,Ship,Delhi-Mumbai,1,5,1563.03,8,11.2,6391,6,10,0,2023-03-24
SHIP00762,CUST1756,Sporting Goods,C,Road,Hyderabad-Pune,4,2,2927.65,5,34.0,3884,3,3,1,2023-06-03
SHIP00763,CUST1732,Fashion,A,Ship,Delhi-Bangalore,3,2,4791.37,8,14.0,3941,6,10,0,2023-02-20
SHIP00764,CUST7914,Electronics,F,Flight,Mumbai-Chennai,4,2,2060.29,1,61.4,6542,7,7,1,2023-11-15
SHIP00765,CUST9780,Fashion,A,Road,Bangalore-Chennai,3,2,3600.78,8,39.3,4438,9,13,0,2023-03-15
SHIP00766,CUST7208,Electronics,F,Ship,Delhi-Mumbai,3,1,2704.2,8,26.4,3698,5,6,0,2023-08-11
SHIP00767,CUST5476,Fashion,B,Flight,Delhi-Mumbai,1,4,4899.48,3,24.6,1860,4,5,0,2023-06-20
SHIP00768,CUST6022,Sporting Goods,D,Ship,Hyderabad-Pune,3,5,4340.45,8,17.6,1811,4,4,1,2023-09-27
SHIP00769,CUST7382,Fashion,C,Road,Bangalore-Chennai,7,5,2803.19,6,31.0,2045,3,3,1,2023-06-12
SHIP00770,CUST9414,Books,B,Road,Delhi-Bangalore,2,4,2881.05,4,3.4,6942,7,6,1,2023-12-18
SHIP00771,CUST7852,Books,D,Ship,Kolkata-Delhi,3,4,2560.92,4,61.9,5264,8,12,0,2023-05-08
SHIP00772,CUST2424,Home & Garden,D,Flight,Delhi-Mumbai,6,1,475.8,3,61.4,2352,6,7,0,2023-11-22
SHIP00773,CUST9074,Electronics,D,Road,Hyderabad-Pune,6,2,2450.31,8,44.5,6544,3,2,1,2023-05-27
SHIP00774,CUST4115,Books,A,Road,Kolkata-Delhi,6,5,3773.37,3,64.6,6416,4,6,0,2023-01-08
SHIP00775,CUST3761,Books,F,Ship,Delhi-Bangalore,1,3,4213.1,8,23.0,1417,3,6,0,2023-08-18
SHIP00776,CUST3793,Home & Garden,A,Flight,Bangalore-Chennai,2,5,4268.81,1,18.9,4957,9,11,0,2023-07-14
SHIP00777,CUST1036,Books,F,Flight,Delhi-Bangalore,3,5,4146.06,0,60.8,6060,7,8,0,2023-04-20
SHIP00778,CUST1096,Sporting Goods,D,Flight,Mumbai-Chennai,3,1,125.26,2,26.1,1072,10,9,1,2023-07-02
SHIP00779,CUST4236,Electronics,F,Road,Delhi-Bangalore,4,1,4574.23,0,10.1,6379,4,6,0,2023-09-09
SHIP00780,CUST7477,Home & Garden,C,Flight,Kolkata-Delhi,2,5,4076.56,1,64.3,6376,7,7,1,2023-08-29
SHIP00781,CUST6795,Books,D,Ship,Mumbai-Chennai,7,2,642.26,4,2.6,4232,10,10,1,2023-03-13
SHIP00782,CUST1517,Fashion,B,Flight,Bangalore-Chennai,3,1,2163.37,8,32.2,6584,9,13,0,2023-06-19
SHIP00783,CUST9222,Books,D,Ship,Delhi-Mumbai,1,1,718.01,5,32.5,6606,5,6,0,2023-07-24
SHIP00784,CUST6605,Cosmetics,F,Road,Delhi-Mumbai,4,4,1518.39,7,5.4,4513,6,5,1,2023-12-14
SHIP00785,CUST9376,Fashion,B,Flight,Delhi-Mumbai,7,3,4971.86,3,43.3,4515,6,9,0,2023-03-20
SHIP00786,CUST2688,Books,F,Road,Delhi-Bangalore,2,5,3181.65,2,14.9,2083,6,8,0,2023-12-28
SHIP00787,CUST4148,Fashion,D,Ship,Hyderabad-Pune,2,1,4335.32,6,26.5,3510,9,8,1,2023-05-21
SHIP00788,CUST7980,Cosmetics,A,Road,Kolkata-Delhi,6,1,1591.02,4,23.6,3875,6,6,1,2023-06-22
SHIP00789,CUST1779,Fashion,A,Ship,Delhi-Mumbai,6,3,1138.69,7,18.2,5968,9,9,1,2023-06-13
SHIP00790,CUST5133,Cosmetics,C,Flight,Mumbai-Chennai,1,1,3377.84,8,50.1,2067,4,6,0,2023-04-05
SHIP00791,CUST9664,Sporting Goods,C,Ship,Bangalore-Chennai,3,2,2963.2,1,57.7,2068,8,9,0,2023-07-05
SHIP00792,CUST4120,Fashion,D,Ship,Delhi-Mumbai,5,5,1780.2,7,64.3,2654,4,3,1,2023-10-28
SHIP00793,CUST4140,Cosmetics,F,Road,Mumbai-Chennai,7,5,4878.12,5,29.2,6876,5,4,1,2023-03-07
SHIP00794,CUST8910,Cosmetics,F,Road,Delhi-Mumbai,2,5,1443.33,2,18.8,5638,4,6,0,2023-02-04
SHIP00795,CUST4116,Books,D,Flight,Bangalore-Chennai,5,5,4860.54,2,28.5,5172,3,8,0,2023-12-22
SHIP00796,CUST7567,Sporting Goods,C,Ship,Delhi-Bangalore,1,2,2902.3,0,57.1,5200,9,12,0,2023-07-19
SHIP00797,CUST9602,Home & Garden,C,Ship,Mumbai-Chennai,6,3,2805.54,2,14.6,5370,10,13,0,2023-12-29
SHIP00798,CUST3427,Home & Garden,B,Flight,Delhi-Mumbai,6,2,4948.73,3,34.7,1011,6,7,0,2023-01-21
SHIP00799,CUST7047,Home & Garden,A,Road,Hyderabad-Pune,3,2,2100.88,4,21.1,1469,8,12,0,2023-11-06
SHIP00800,CUST4592,Books,C,Ship,Mumbai-Chennai,1,5,3320.86,1,47.0,6637,3,8,0,2023-07-02
SHIP00801,CUST4377,Cosmetics,B,Flight,Mumbai-Chennai,2,5,3186.02,6,10.1,2898,9,13,0,2023-05-12
SHIP00802,CUST8848,Electronics,D,Ship,Kolkata-Delhi,2,2,1025.41,7,61.3,2477,9,10,0,2023-03-17
SHIP00803,CUST3669,Fashion,D,Road,Hyderabad-Pune,2,1,803.26,6,15.9,6284,7,6,1,2023-06-08
SHIP00804,CUST3249,Books,A,Road,Delhi-Mumbai,4,4,201.51,0,49.6,6279,9,8,1,2023-09-27
SHIP00805,CUST2369,Home & Garden,B,Road,Hyderabad-Pune,1,1,4792.33,1,35.3,3772,3,3,1,2023-05-08
SHIP00806,CUST8871,Sporting Goods,D,Ship,Mumbai-Chennai,3,4,857.12,0,35.3,3191,4,4,1,2023-03-13
SHIP00807,CUST2684,Sporting Goods,C,Ship,Hyderabad-Pune,7,4,794.99,3,1.6,4499,4,3,1,2023-01-23
SHIP00808,CUST5699,Fashion,D,Road,Bangalore-Chennai,7,1,2509.92,1,14.6,3308,9,9,1,2023-06-30
SHIP00809,CUST6467,Electronics,C,Ship,Delhi-Mumbai,5,2,972.53,8,21.8,2485,8,7,1,2023-11-12
SHIP00810,CUST5940,Sporting Goods,C,Flight,Delhi-Mumbai,3,4,3342.49,4,52.7,6827,9,9,1,2023-12-08
SHIP00811,CUST3435,Books,B,Flight,Delhi-Bangalore,4,4,3634.58,7,53.0,1927,4,9,0,2023-01-02
SHIP00812,CUST3370,Electronics,C,Ship,Delhi-Bangalore,7,4,1827.78,7,27.5,6680,9,13,0,2023-05-23
SHIP00813,CUST6463,Fashion,B,Flight,Kolkata-Delhi,5,4,2739.86,7,34.6,2885,9,12,0,2023-11-22
SHIP00814,CUST7911,Sporting Goods,F,Road,Bangalore-Chennai,2,1,1252.45,0,13.2,1140,9,8,1,2023-10-25
SHIP00815,CUST3188,Electronics,A,Flight,Mumbai-Chennai,7,2,1544.02,2,54.3,5517,8,11,0,2023-08-31
SHIP00816,CUST4679,Electronics,B,Ship,Bangalore-Chennai,6,2,1949.56,0,45.2,4479,9,9,1,2023-04-18
SHIP00817,CUST2736,Books,F,Ship,Kolkata-Delhi,7,5,4365.34,0,9.5,2157,8,7,1,2023-12-26
SHIP00818,CUST1204,Sporting Goods,D,Ship,Delhi-Bangalore,4,2,3765.72,4,30.6,6919,4,4,1,2023-02-09
SHIP00819,CUST1216,Home & Garden,A,Ship,Delhi-Mumbai,6,1,3060.45,2,32.7,1089,8,10,0,2023-11-27
SHIP00820,CUST8443,Sporting Goods,C,Road,Hyderabad-Pune,3,2,2175.98,2,17.7,1753,9,14,0,2023-08-05
SHIP00821,CUST7560,Sporting Goods,A,Ship,Kolkata-Delhi,2,5,3064.91,1,53.1,4837,9,9,1,2023-04-19
SHIP00822,CUST7637,Cosmetics,B,Ship,Mumbai-Chennai,6,4,1054.18,1,6.8,3971,10,11,0,2023-12-01
SHIP00823,CUST5623,Fashion,F,Ship,Delhi-Mumbai,2,5,153.79,4,12.2,2652,8,7,1,2023-05-03
SHIP00824,CUST2393,Sporting Goods,F,Ship,Hyderabad-Pune,7,4,323.84,5,6.1,3528,3,3,1,2023-05-18
SHIP00825,CUST7523,Sporting Goods,B,Flight,Kolkata-Delhi,6,3,4871.87,1,21.5,5125,3,4,0,2023-05-25
SHIP00826,CUST1388,Sporting Goods,D,Flight,Hyderabad-Pune,7,1,1521.58,2,44.4,1645,4,7,0,2023-03-18
SHIP00827,CUST4533,Books,B,Road,Delhi-Bangalore,5,5,4962.17,8,60.5,3796,4,8,0,2023-04-29
SHIP00828,CUST6554,Home & Garden,C,Road,Kolkata-Delhi,1,4,1271.64,1,62.3,5644,10,15,0,2023-03-09
SHIP00829,CUST3336,Home & Garden,F,Ship,Kolkata-Delhi,1,4,1637.22,4,10.5,3294,10,9,1,2023-01-08
SHIP00830,CUST2165,Fashion,D,Flight,Kolkata-Delhi,3,4,3286.43,2,61.1,5659,8,9,0,2023-02-15
SHIP00831,CUST5696,Cosmetics,D,Road,Bangalore-Chennai,2,4,1896.99,5,24.3,6588,10,9,1,2023-07-06
SHIP00832,CUST5306,Books,A,Road,Bangalore-Chennai,1,2,3528.75,8,0.5,1862,9,12,0,2023-08-19
SHIP00833,CUST7541,Electronics,B,Flight,Kolkata-Delhi,6,1,1809.8,7,41.8,4808,7,9,0,2023-03-23
SHIP00834,CUST2775,Cosmetics,D,Ship,Kolkata-Delhi,3,1,1654.7,7,13.8,4901,4,3,1,2023-04-03
SHIP00835,CUST1627,Sporting Goods,B,Flight,Delhi-Bangalore,6,2,1668.91,0,64.2,4115,4,5,0,2023-08-21
SHIP00836,CUST8046,Cosmetics,B,Ship,Delhi-Bangalore,7,1,4767.96,6,17.5,6207,3,8,0,2023-07-05
SHIP00837,CUST2134,Home & Garden,D,Ship,Mumbai-Chennai,7,4,4369.32,8,13.9,3125,5,4,1,2023-03-14
SHIP00838,CUST2514,Cosmetics,C,Flight,Delhi-Bangalore,2,3,4715.51,7,30.9,6642,5,10,0,2023-01-28
SHIP00839,CUST6811,Books,F,Flight,Delhi-Mumbai,5,5,1072.94,2,21.0,3592,5,9,0,2023-08-12
SHIP00840,CUST3416,Cosmetics,C,Ship,Bangalore-Chennai,4,3,2651.39,0,64.2,2029,3,3,1,2023-08-23
SHIP00841,CUST2596,Electronics,B,Road,Delhi-Bangalore,4,5,3894.48,6,14.0,2718,10,14,0,2023-10-24
SHIP00842,CUST1235,Home & Garden,C,Ship,Mumbai-Chennai,3,5,4113.35,1,45.5,6315,6,10,0,2023-10-23
SHIP00843,CUST6762,Home & Garden,F,Flight,Hyderabad-Pune,7,3,655.56,2,29.8,4056,10,12,0,2023-07-30
SHIP00844,CUST3664,Sporting Goods,D,Flight,Mumbai-Chennai,7,4,3207.13,1,64.7,1850,5,8,0,2023-11-01
SHIP00845,CUST7738,Electronics,D,Road,Hyderabad-Pune,5,1,3204.27,8,37.8,1267,4,8,0,2023-01-09
SHIP00846,CUST4471,Fashion,D,Road,Kolkata-Delhi,1,2,4296.08,1,22.8,4800,7,12,0,2023-08-04
SHIP00847,CUST7484,Electronics,C,Ship,Hyderabad-Pune,3,3,4410.08,4,20.0,4397,9,14,0,2023-11-27
SHIP00848,CUST1535,Electronics,A,Ship,Mumbai-Chennai,7,5,4118.17,5,21.8,5687,6,5,1,2023-08-01
SHIP00849,CUST7412,Fashion,F,Road,Kolkata-Delhi,7,1,4026.53,6,8.4,6212,9,9,1,2023-10-12
SHIP00850,CUST7604,Home & Garden,F,Ship,Kolkata-Delhi,2,1,3579.12,2,32.8,6172,9,13,0,2023-03-30
SHIP00851,CUST5263,Sporting Goods,B,Flight,Delhi-Bangalore,1,1,225.64,0,40.9,5860,9,14,0,2023-11-18
SHIP00852,CUST9907,Electronics,F,Flight,Delhi-Mumbai,6,2,4918.73,5,12.1,6345,5,4,1,2023-11-13
SHIP00853,CUST9772,Fashion,D,Flight,Bangalore-Chennai,1,3,506.52,2,40.8,6229,6,7,0,2023-04-10
SHIP00854,CUST3010,Electronics,B,Flight,Mumbai-Chennai,2,1,479.17,5,59.3,2703,4,3,1,2023-08-24
SHIP00855,CUST1359,Cosmetics,A,Flight,Bangalore-Chennai,1,2,3467.95,6,57.8,6190,9,8,1,2023-09-09
SHIP00856,CUST3945,Home & Garden,A,Ship,Bangalore-Chennai,5,5,4288.56,1,63.4,3840,10,15,0,2023-03-24
SHIP00857,CUST9953,Electronics,B,Road,Bangalore-Chennai,3,1,1044.94,0,34.8,5243,10,13,0,2023-11-04
SHIP00858,CUST2880,Fashion,A,Flight,Delhi-Bangalore,2,1,3665.95,2,17.4,4945,5,5,1,2023-07-06
SHIP00859,CUST5822,Cosmetics,D,Flight,Hyderabad-Pune,4,2,1325.46,3,44.7,6876,6,5,1,2023-06-28
SHIP00860,CUST6105,Fashion,B,Road,Kolkata-Delhi,4,4,2176.31,4,53.0,6102,7,9,0,2023-02-22
SHIP00861,CUST8033,Fashion,F,Flight,Mumbai-Chennai,6,1,2302.08,0,62.3,3073,4,7,0,2023-07-16
SHIP00862,CUST9691,Home & Garden,D,Ship,Delhi-Mumbai,2,3,2204.0,2,23.3,1595,9,10,0,2023-11-06
SHIP00863,CUST7094,Fashion,C,Ship,Delhi-Mumbai,3,1,3612.33,3,30.2,3634,6,10,0,2023-07-10
SHIP00864,CUST7317,Home & Garden,F,Ship,Hyderabad-Pune,2,1,2848.7,1,37.3,6294,6,9,0,2023-02-03
SHIP00865,CUST6206,Home & Garden,B,Ship,Delhi-Mumbai,7,4,2543.39,4,27.4,2016,9,13,0,2023-08-11
SHIP00866,CUST6355,Sporting Goods,D,Ship,Hyderabad-Pune,1,3,187.4,0,59.3,3329,10,10,1,2023-11-04
SHIP00867,CUST1606,Sporting Goods,F,Ship,Mumbai-Chennai,6,1,440.33,1,53.9,4400,5,10,0,2023-07-26
SHIP00868,CUST6665,Cosmetics,A,Road,Mumbai-Chennai,4,5,330.66,4,45.3,4723,7,8,0,2023-06-12
SHIP00869,CUST2989,Home & Garden,F,Ship,Delhi-Mumbai,2,1,4144.74,2,6.8,3644,10,15,0,2023-11-25
SHIP00870,CUST2442,Fashion,C,Road,Delhi-Mumbai,6,1,1372.47,0,7.2,3492,9,9,1,2023-03-29
SHIP00871,CUST7218,Home & Garden,B,Ship,Hyderabad-Pune,4,1,718.81,2,48.9,4385,4,5,0,2023-06-18
SHIP00872,CUST9548,Sporting Goods,B,Road,Kolkata-Delhi,6,4,4884.11,5,50.2,4954,10,14,0,2023-03-04
SHIP00873,CUST5853,Books,A,Flight,Hyderabad-Pune,7,2,3331.46,3,45.2,1615,6,5,1,2023-05-16
SHIP00874,CUST1215,Books,B,Flight,Kolkata-Delhi,2,4,612.22,3,52.9,5322,10,9,1,2023-04-19
SHIP00875,CUST8438,Books,B,Road,Delhi-Mumbai,2,2,4591.82,6,63.4,6082,8,13,0,2023-06-09
SHIP00876,CUST4079,Electronics,C,Flight,Delhi-Bangalore,6,3,4762.32,1,9.6,1877,6,11,0,2023-07-24
SHIP00877,CUST8550,Fashion,C,Ship,Kolkata-Delhi,6,5,2317.94,4,7.7,5508,4,4,1,2023-01-09
SHIP00878,CUST4474,Fashion,D,Road,Kolkata-Delhi,5,3,360.47,4,24.0,1402,4,5,0,2023-08-09
SHIP00879,CUST4177,Home & Garden,B,Flight,Delhi-Bangalore,5,3,2694.86,7,33.7,1894,9,13,0,2023-08-05
SHIP00880,CUST2819,Fashion,A,Ship,Delhi-Mumbai,5,3,1269.96,8,6.6,2855,3,7,0,2023-05-08
SHIP00881,CUST2659,Fashion,C,Flight,Delhi-Bangalore,2,2,1803.4,4,45.9,3359,9,11,0,2023-07-21
SHIP00882,CUST9245,Books,F,Flight,Bangalore-Chennai,3,2,934.14,1,10.8,3721,3,2,1,2023-04-05
SHIP00883,CUST8775,Cosmetics,C,Ship,Delhi-Bangalore,3,1,936.55,0,38.6,4881,10,10,1,2023-01-07
SHIP00884,CUST8742,Electronics,A,Ship,Hyderabad-Pune,6,3,4193.26,8,32.7,2200,3,5,0,2023-05-07
SHIP00885,CUST6499,Cosmetics,D,Road,Mumbai-Chennai,5,3,3350.7,4,23.7,1111,4,3,1,2023-06-05
SHIP00886,CUST6467,Sporting Goods,F,Flight,Delhi-Mumbai,3,5,3668.26,0,9.6,4361,8,9,0,2023-12-30
SHIP00887,CUST6852,Cosmetics,A,Ship,Hyderabad-Pune,6,4,1861.16,1,12.6,4094,6,10,0,2023-03-14
SHIP00888,CUST9927,Cosmetics,F,Ship,Mumbai-Chennai,6,3,4451.18,6,38.3,3263,4,5,0,2023-11-17
SHIP00889,CUST9520,Books,C,Road,Delhi-Mumbai,4,4,2876.65,5,18.7,1068,7,7,1,2023-01-22
SHIP00890,CUST8640,Books,B,Road,Mumbai-Chennai,5,5,3355.17,4,31.6,1529,10,14,0,2023-03-17
SHIP00891,CUST1670,Fashion,C,Road,Delhi-Mumbai,1,4,1598.53,6,22.9,1005,7,6,1,2023-08-21
SHIP00892,CUST6737,Home & Garden,F,Road,Hyderabad-Pune,2,1,3594.67,2,64.7,2611,3,4,0,2023-03-12
SHIP00893,CUST5764,Fashion,A,Flight,Mumbai-Chennai,2,4,2170.56,1,58.0,3474,9,12,0,2023-02-11
SHIP00894,CUST8140,Books,C,Road,Delhi-Bangalore,6,2,1325.1,6,36.0,3466,7,7,1,2023-10-16
SHIP00895,CUST8555,Sporting Goods,B,Flight,Kolkata-Delhi,1,2,2680.2,5,32.7,6612,7,6,1,2023-06-02
SHIP00896,CUST8006,Cosmetics,D,Flight,Kolkata-Delhi,1,5,229.47,6,5.7,2151,8,10,0,2023-07-01
SHIP00897,CUST9391,Home & Garden,B,Road,Hyderabad-Pune,5,3,362.33,6,8.2,6489,7,12,0,2023-05-05
SHIP00898,CUST8540,Electronics,A,Ship,Mumbai-Chennai,7,1,1734.07,1,53.4,5632,3,5,0,2023-09-23
SHIP00899,CUST1997,Electronics,F,Road,Hyderabad-Pune,6,1,3537.71,8,9.4,5057,10,14,0,2023-06-19
SHIP00900,CUST3535,Home & Garden,C,Road,Delhi-Mumbai,7,4,3155.95,3,7.5,1000,5,5,1,2023-12-12
SHIP00901,CUST9516,Electronics,B,Ship,Delhi-Mumbai,4,1,4180.36,7,25.4,1997,5,8,0,2023-03-03
SHIP00902,CUST4015,Fashion,F,Flight,Hyderabad-Pune,6,4,4310.64,1,28.1,6211,7,9,0,2023-09-05
SHIP00903,CUST4943,Fashion,F,Road,Bangalore-Chennai,5,2,2433.18,4,18.8,1819,3,3,1,2023-03-14
SHIP00904,CUST5508,Cosmetics,D,Road,Delhi-Mumbai,4,4,4086.12,2,1.8,4744,10,11,0,2023-12-08
SHIP00905,CUST1180,Sporting Goods,C,Ship,Bangalore-Chennai,6,5,2277.95,5,62.6,4833,4,7,0,2023-07-19
SHIP00906,CUST3593,Home & Garden,F,Road,Delhi-Bangalore,3,5,2014.06,1,11.3,2240,10,11,0,2023-01-05
SHIP00907,CUST6558,Cosmetics,B,Flight,Bangalore-Chennai,3,4,434.23,7,24.5,4864,8,12,0,2023-10-16
SHIP00908,CUST9306,Books,F,Flight,Delhi-Bangalore,6,3,2985.38,5,38.0,4307,5,8,0,2023-12-29
SHIP00909,CUST3607,Fashion,A,Road,Delhi-Mumbai,4,4,1685.93,3,63.8,2938,4,3,1,2023-01-16
SHIP00910,CUST7882,Electronics,A,Road,Mumbai-Chennai,1,1,4249.33,1,28.7,4066,4,4,1,2023-07-16
SHIP00911,CUST2763,Books,D,Flight,Delhi-Bangalore,6,5,2826.69,3,16.4,4584,3,3,1,2023-06-14
SHIP00912,CUST3655,Cosmetics,F,Ship,Delhi-Mumbai,5,1,3182.67,1,13.2,2151,7,7,1,2023-04-14
SHIP00913,CUST9955,Electronics,C,Ship,Bangalore-Chennai,6,5,2531.26,3,37.1,4880,3,4,0,2023-07-28
SHIP00914,CUST3258,Electronics,D,Flight,Bangalore-Chennai,4,1,2888.85,2,50.9,3443,8,9,0,2023-11-13
SHIP00915,CUST4777,Electronics,F,Road,Mumbai-Chennai,1,2,4124.51,4,59.9,3059,4,3,1,2023-09-13
SHIP00916,CUST2113,Fashion,C,Ship,Hyderabad-Pune,5,2,4280.66,8,20.3,6067,9,13,0,2023-07-03
SHIP00917,CUST2816,Sporting Goods,D,Flight,Bangalore-Chennai,1,1,1756.42,4,13.0,1486,3,6,0,2023-12-24
SHIP00918,CUST6400,Books,A,Ship,Kolkata-Delhi,1,5,4531.19,0,22.5,1579,5,5,1,2023-10-08
SHIP00919,CUST2320,Sporting Goods,D,Ship,Mumbai-Chennai,6,1,609.9,7,33.0,6327,9,12,0,2023-11-10
SHIP00920,CUST5971,Fashion,A,Ship,Delhi-Mumbai,7,2,2717.51,6,44.3,1148,8,10,0,2023-09-02
SHIP00921,CUST7180,Books,B,Flight,Bangalore-Chennai,4,5,775.08,7,7.7,6043,10,9,1,2023-07-18
SHIP00922,CUST6621,Cosmetics,A,Ship,Delhi-Bangalore,1,5,149.24,6,48.6,5392,8,9,0,2023-04-10
SHIP00923,CUST5094,Electronics,A,Ship,Delhi-Bangalore,4,2,1484.72,5,22.7,6367,3,8,0,2023-01-08
SHIP00924,CUST7517,Cosmetics,A,Road,Delhi-Mumbai,1,3,4698.01,3,32.2,3924,6,7,0,2023-03-08
SHIP00925,CUST5959,Home & Garden,F,Flight,Bangalore-Chennai,2,5,4475.59,5,45.4,5124,6,8,0,2024-01-01
SHIP00926,CUST7731,Books,F,Flight,Mumbai-Chennai,1,2,4569.04,8,15.0,5529,4,3,1,2023-06-27
SHIP00927,CUST3325,Electronics,B,Road,Kolkata-Delhi,6,4,4769.92,0,32.4,1276,6,5,1,2023-07-10
SHIP00928,CUST7294,Home & Garden,A,Ship,Mumbai-Chennai,7,5,1981.29,0,56.1,4151,7,8,0,2023-10-29
SHIP00929,CUST4370,Cosmetics,B,Road,Kolkata-Delhi,5,1,3335.97,0,35.2,3849,10,9,1,2023-04-25
SHIP00930,CUST5301,Sporting Goods,B,Ship,Mumbai-Chennai,6,5,2226.97,6,50.9,1467,3,6,0,2023-06-22
SHIP00931,CUST5709,Sporting Goods,D,Flight,Hyderabad-Pune,6,5,3868.16,4,10.6,4123,4,7,0,2023-07-18
SHIP00932,CUST3160,Electronics,C,Road,Mumbai-Chennai,1,2,3879.56,4,21.9,4232,10,14,0,2023-05-02
SHIP00933,CUST6926,Home & Garden,C,Road,Hyderabad-Pune,1,1,1603.79,5,54.3,2464,3,6,0,2023-05-21
SHIP00934,CUST8207,Electronics,D,Ship,Mumbai-Chennai,4,5,1167.43,0,37.7,1651,10,12,0,2023-01-09
SHIP00935,CUST6145,Electronics,D,Ship,Mumbai-Chennai,7,3,1371.75,7,8.3,6163,7,10,0,2023-10-10
SHIP00936,CUST1812,Fashion,A,Road,Delhi-Mumbai,2,5,4316.79,5,2.7,6876,5,5,1,2023-11-13
SHIP00937,CUST5244,Home & Garden,A,Road,Mumbai-Chennai,5,1,3042.84,5,7.1,5152,6,5,1,2024-01-01
SHIP00938,CUST2268,Fashion,B,Flight,Hyderabad-Pune,3,4,449.83,6,56.9,2172,10,9,1,2023-09-19
SHIP00939,CUST6902,Home & Garden,D,Road,Mumbai-Chennai,4,3,3147.39,2,23.9,3382,3,4,0,2023-11-07
SHIP00940,CUST2740,Sporting Goods,B,Flight,Hyderabad-Pune,6,5,3938.99,5,61.1,4103,5,8,0,2023-01-14
SHIP00941,CUST7243,Books,A,Ship,Delhi-Bangalore,5,5,4989.28,8,47.7,5415,3,7,0,2023-03-18
SHIP00942,CUST1842,Sporting Goods,D,Road,Hyderabad-Pune,5,4,1653.0,3,54.3,3400,4,9,0,2023-09-28
SHIP00943,CUST6930,Fashion,D,Flight,Bangalore-Chennai,1,2,2280.54,6,23.5,3883,6,7,0,2023-05-05
SHIP00944,CUST8932,Sporting Goods,B,Flight,Kolkata-Delhi,2,5,4156.32,2,60.2,3006,4,5,0,2023-12-01
SHIP00945,CUST3263,Sporting Goods,C,Flight,Mumbai-Chennai,3,1,499.38,6,32.8,2215,9,13,0,2023-10-27
SHIP00946,CUST3947,Cosmetics,A,Ship,Delhi-Mumbai,4,3,3851.0,7,48.3,2035,10,14,0,2023-04-12
SHIP00947,CUST1392,Books,B,Ship,Delhi-Bangalore,5,5,4601.25,6,23.0,4295,3,8,0,2023-08-09
SHIP00948,CUST2950,Home & Garden,C,Road,Hyderabad-Pune,5,1,4971.26,0,4.8,3907,6,10,0,2023-05-31
SHIP00949,CUST8368,Books,D,Flight,Kolkata-Delhi,6,2,3693.87,8,5.4,1063,10,12,0,2023-11-19
SHIP00950,CUST8430,Cosmetics,C,Flight,Delhi-Bangalore,5,5,1468.57,1,15.1,5041,8,12,0,2023-11-29
SHIP00951,CUST9481,Sporting Goods,F,Road,Kolkata-Delhi,3,3,1981.93,2,62.0,1343,8,7,1,2023-10-16
SHIP00952,CUST5558,Sporting Goods,F,Flight,Delhi-Mumbai,3,3,911.4,4,17.8,4595,6,8,0,2023-09-23
SHIP00953,CUST5250,Sporting Goods,A,Ship,Bangalore-Chennai,3,2,570.28,8,54.5,2383,6,6,1,2023-05-28
SHIP00954,CUST9844,Sporting Goods,B,Ship,Kolkata-Delhi,7,1,1910.75,4,61.2,5678,3,6,0,2023-01-21
SHIP00955,CUST9534,Fashion,D,Flight,Delhi-Mumbai,6,1,2277.58,6,32.1,1711,9,13,0,2023-08-16
SHIP00956,CUST2908,Home & Garden,A,Road,Delhi-Bangalore,6,1,1702.87,8,21.8,4714,5,6,0,2023-12-09
SHIP00957,CUST6157,Electronics,D,Ship,Bangalore-Chennai,7,5,1655.88,8,43.0,6128,4,8,0,2023-12-19
SHIP00958,CUST1130,Fashion,B,Road,Kolkata-Delhi,7,2,3399.4,4,30.6,4969,3,7,0,2023-11-18
SHIP00959,CUST5630,Fashion,B,Road,Delhi-Mumbai,5,2,115.67,1,31.9,6007,5,9,0,2023-09-12
SHIP00960,CUST1635,Cosmetics,C,Road,Kolkata-Delhi,6,5,1250.11,5,31.5,6381,6,10,0,2023-04-02
SHIP00961,CUST5786,Books,D,Flight,Bangalore-Chennai,4,5,1849.93,7,19.2,2793,5,6,0,2023-04-29
SHIP00962,CUST7874,Cosmetics,C,Ship,Bangalore-Chennai,4,1,963.35,5,42.9,3847,4,9,0,2023-05-28
SHIP00963,CUST8925,Cosmetics,F,Flight,Bangalore-Chennai,2,1,1525.56,8,14.0,4350,9,13,0,2023-03-07
SHIP00964,CUST5286,Books,C,Flight,Kolkata-Delhi,7,4,2183.48,4,59.3,3198,3,6,0,2023-06-15
SHIP00965,CUST6567,Books,A,Flight,Kolkata-Delhi,4,2,2905.28,2,34.8,6122,10,14,0,2023-04-23
SHIP00966,CUST6401,Fashion,F,Road,Delhi-Mumbai,6,1,4031.82,1,50.7,3730,4,7,0,2023-11-09
SHIP00967,CUST2039,Books,A,Road,Delhi-Bangalore,3,5,1072.36,2,54.5,4240,8,13,0,2023-10-11
SHIP00968,CUST7125,Home & Garden,D,Ship,Hyderabad-Pune,6,2,4706.07,0,55.0,5313,6,7,0,2023-03-24
SHIP00969,CUST8944,Electronics,B,Flight,Mumbai-Chennai,1,2,3194.62,3,2.2,2012,4,7,0,2023-07-23
SHIP00970,CUST3149,Books,C,Ship,Delhi-Mumbai,1,5,3638.35,6,1.3,5437,9,13,0,2023-07-25
SHIP00971,CUST7408,Fashion,F,Flight,Mumbai-Chennai,4,5,3743.07,4,17.8,2660,5,4,1,2023-10-29
SHIP00972,CUST8723,Cosmetics,C,Flight,Delhi-Mumbai,2,4,2848.88,7,18.5,6757,4,5,0,2023-12-02
SHIP00973,CUST9143,Books,D,Flight,Hyderabad-Pune,6,1,2316.12,0,25.8,2901,6,8,0,2023-01-09
SHIP00974,CUST2785,Books,C,Flight,Delhi-Bangalore,7,1,567.41,2,13.5,5012,10,11,0,2023-09-02
SHIP00975,CUST7605,Sporting Goods,D,Road,Bangalore-Chennai,7,5,3826.85,0,49.9,3064,6,5,1,2023-03-14
SHIP00976,CUST3467,Electronics,C,Road,Hyderabad-Pune,5,4,4370.0,4,44.9,5607,9,10,0,2023-06-22
SHIP00977,CUST6128,Books,B,Flight,Kolkata-Delhi,6,4,2620.71,1,59.9,4487,10,13,0,2023-09-13
SHIP00978,CUST1223,Fashion,F,Road,Delhi-Mumbai,2,2,2244.25,1,2.5,4474,4,6,0,2023-03-07
SHIP00979,CUST9594,Cosmetics,B,Road,Hyderabad-Pune,4,4,145.37,1,28.3,3410,10,10,1,2023-11-17
SHIP00980,CUST7088,Sporting Goods,B,Ship,Mumbai-Chennai,5,2,4033.79,5,33.8,3058,7,10,0,2023-06-15
SHIP00981,CUST6409,Books,B,Ship,Hyderabad-Pune,6,4,148.12,6,11.6,4854,10,12,0,2023-04-18
SHIP00982,CUST4074,Fashion,A,Road,Kolkata-Delhi,3,1,399.43,7,38.6,1546,4,3,1,2023-06-09
SHIP00983,CUST4703,Home & Garden,A,Ship,Mumbai-Chennai,3,4,2963.9,4,23.9,4303,8,12,0,2023-10-14
SHIP00984,CUST4319,Electronics,F,Ship,Delhi-Mumbai,6,2,1471.93,4,36.6,2037,7,10,0,2023-10-05
SHIP00985,CUST5542,Books,F,Road,Kolkata-Delhi,2,2,113.09,3,64.3,1748,9,10,0,2023-10-22
SHIP00986,CUST8790,Electronics,C,Ship,Delhi-Mumbai,2,5,4055.45,6,43.2,3679,5,5,1,2023-03-26
SHIP00987,CUST4944,Sporting Goods,D,Flight,Kolkata-Delhi,6,4,1839.46,8,20.6,1640,7,10,0,2023-03-02
SHIP00988,CUST5550,Books,B,Flight,Hyderabad-Pune,4,4,3505.99,4,44.5,5570,6,6,1,2023-11-21
SHIP00989,CUST3916,Electronics,C,Flight,Bangalore-Chennai,3,4,1147.52,8,57.0,2564,9,13,0,2023-06-28
SHIP00990,CUST1174,Fashion,D,Flight,Hyderabad-Pune,2,1,2972.32,5,6.1,4021,9,10,0,2023-04-02
SHIP00991,CUST5473,Electronics,C,Road,Kolkata-Delhi,4,1,4979.12,4,17.8,1468,7,10,0,2023-01-07
SHIP00992,CUST8446,Cosmetics,B,Flight,Bangalore-Chennai,7,5,4056.41,0,24.0,6021,3,8,0,2023-08-30
SHIP00993,CUST3156,Electronics,D,Ship,Delhi-Mumbai,4,1,1639.76,8,18.0,2590,5,9,0,2023-04-01
SHIP00994,CUST6185,Books,B,Road,Bangalore-Chennai,3,5,169.44,6,27.1,6469,3,4,0,2023-12-11
SHIP00995,CUST9216,Fashion,C,Ship,Delhi-Bangalore,4,1,1450.07,3,44.8,4352,3,2,1,2023-04-09
SHIP00996,CUST6098,Home & Garden,F,Flight,Delhi-Mumbai,3,4,2884.05,1,36.8,4792,5,9,0,2023-01-02
SHIP00997,CUST3990,Books,A,Ship,Mumbai-Chennai,5,1,3856.94,0,14.1,4068,4,3,1,2023-02-16
SHIP00998,CUST6042,Books,B,Road,Bangalore-Chennai,2,3,361.34,4,11.6,2150,10,9,1,2023-05-07
SHIP00999,CUST4084,Home & Garden,B,Ship,Mumbai-Chennai,3,4,1396.27,7,23.1,3978,8,10,0,2023-04-26
SHIP01000,CUST9569,Cosmetics,B,Ship,Hyderabad-Pune,4,2,2735.95,3,64.6,4554,8,13,0,2023-11-25
SHIP01001,CUST5729,Fashion,C,Road,Hyderabad-Pune,5,3,544.71,3,16.8,4831,8,12,0,2023-12-16
SHIP01002,CUST9471,Books,B,Flight,Delhi-Bangalore,4,5,1682.66,6,42.8,1277,7,6,1,2023-03-01
SHIP01003,CUST6879,Electronics,B,Flight,Kolkata-Delhi,3,3,3274.62,1,12.2,3932,8,12,0,2023-02-23
SHIP01004,CUST9958,Fashion,A,Flight,Hyderabad-Pune,4,5,2922.23,6,47.5,4879,7,7,1,2023-08-28
SHIP01005,CUST6535,Cosmetics,D,Flight,Delhi-Mumbai,2,5,628.49,6,50.3,5730,6,7,0,2023-07-11
SHIP01006,CUST3687,Sporting Goods,B,Flight,Hyderabad-Pune,6,5,1072.46,2,8.4,3729,9,12,0,2023-01-15
SHIP01007,CUST3317,Home & Garden,D,Flight,Delhi-Bangalore,4,1,3327.18,3,57.4,3468,3,2,1,2023-06-08
SHIP01008,CUST4869,Fashion,D,Ship,Bangalore-Chennai,2,2,3455.1,5,0.3,2305,7,6,1,2023-04-05
SHIP01009,CUST7456,Books,B,Flight,Bangalore-Chennai,4,4,3560.5,1,25.2,3607,8,7,1,2023-08-30
SHIP01010,CUST5639,Books,D,Road,Kolkata-Delhi,5,1,1799.65,0,14.4,5985,5,7,0,2023-06-17
SHIP01011,CUST7047,Home & Garden,C,Road,Delhi-Mumbai,5,5,3783.25,1,42.0,2131,5,10,0,2023-05-01
SHIP01012,CUST4460,Home & Garden,D,Ship,Mumbai-Chennai,4,2,2185.99,4,20.2,6531,10,10,1,2023-01-23
SHIP01013,CUST7909,Fashion,B,Flight,Bangalore-Chennai,5,1,2378.12,1,22.5,1830,10,9,1,2023-05-14
SHIP01014,CUST3635,Home & Garden,B,Road,Hyderabad-Pune,4,4,156.78,6,27.5,1446,9,14,0,2023-01-07
SHIP01015,CUST2899,Sporting Goods,D,Road,Mumbai-Chennai,7,4,3588.92,8,63.2,1914,7,9,0,2023-05-13
SHIP01016,CUST7282,Books,A,Ship,Delhi-Mumbai,3,5,1363.4,8,52.8,6960,5,7,0,2023-09-30
SHIP01017,CUST8614,Home & Garden,A,Ship,Kolkata-Delhi,4,3,345.36,5,16.4,3764,10,12,0,2023-01-25
SHIP01018,CUST9892,Home & Garden,B,Flight,Mumbai-Chennai,4,1,2289.17,4,41.3,5880,7,12,0,2023-01-13
SHIP01019,CUST9704,Books,D,Ship,Delhi-Bangalore,1,5,563.41,2,41.1,4531,4,5,0,2023-01-19
SHIP01020,CUST4999,Books,F,Road,Kolkata-Delhi,1,1,1700.28,0,9.5,6929,7,8,0,2023-08-23
SHIP01021,CUST2290,Home & Garden,C,Flight,Kolkata-Delhi,1,2,4756.76,4,46.9,1649,4,6,0,2023-09-20
SHIP01022,CUST5275,Home & Garden,F,Road,Hyderabad-Pune,7,2,3501.86,0,24.3,4874,9,8,1,2023-04-09
SHIP01023,CUST5502,Books,B,Flight,Hyderabad-Pune,6,1,3062.65,2,44.1,3233,6,11,0,2023-08-12
SHIP01024,CUST1306,Cosmetics,B,Flight,Mumbai-Chennai,4,5,3972.27,5,6.3,2841,3,5,0,2023-04-17
SHIP01025,CUST4621,Electronics,F,Flight,Bangalore-Chennai,6,5,4152.18,6,41.3,3693,3,7,0,2023-06-16
SHIP01026,CUST1205,Home & Garden,C,Flight,Mumbai-Chennai,7,4,843.72,7,13.7,6715,9,11,0,2023-10-13
SHIP01027,CUST5189,Cosmetics,A,Road,Hyderabad-Pune,1,4,2850.5,5,5.4,5338,5,9,0,2023-07-19
SHIP01028,CUST6166,Cosmetics,D,Ship,Delhi-Bangalore,5,5,917.0,5,36.7,4402,8,9,0,2023-05-30
SHIP01029,CUST9040,Fashion,D,Road,Delhi-Bangalore,4,5,4749.21,1,6.3,2788,3,8,0,2023-05-26
SHIP01030,CUST5740,Fashion,B,Road,Kolkata-Delhi,5,4,1824.92,3,27.2,5909,6,5,1,2023-10-20
SHIP01031,CUST2730,Books,C,Road,Hyderabad-Pune,5,4,1202.99,6,32.2,4800,7,8,0,2023-07-05
SHIP01032,CUST3571,Fashion,D,Flight,Delhi-Mumbai,5,3,3838.38,2,44.4,1805,7,12,0,2023-08-19
SHIP01033,CUST7850,Cosmetics,D,Ship,Bangalore-Chennai,1,5,1198.54,8,64.9,5911,9,12,0,2023-12-01
SHIP01034,CUST5095,Fashion,F,Road,Kolkata-Delhi,6,1,4764.05,0,48.3,6358,9,8,1,2023-06-16
SHIP01035,CUST4162,Fashion,D,Flight,Bangalore-Chennai,7,2,958.53,3,21.0,3400,9,12,0,2023-09-19
SHIP01036,CUST8555,Cosmetics,B,Road,Hyderabad-Pune,4,2,4004.09,7,32.5,1910,4,3,1,2023-04-16
SHIP01037,CUST5011,Cosmetics,A,Ship,Bangalore-Chennai,1,4,4348.61,7,56.0,1576,8,13,0,2023-03-23
SHIP01038,CUST2982,Books,F,Road,Hyderabad-Pune,6,1,2248.75,0,19.0,4263,9,10,0,2023-10-03
SHIP01039,CUST9381,Books,D,Flight,Delhi-Mumbai,1,2,4250.64,1,46.9,4002,3,4,0,2023-07-24
SHIP01040,CUST3325,Fashion,D,Ship,Mumbai-Chennai,1,3,3245.97,1,29.8,6808,9,13,0,2023-06-23
SHIP01041,CUST5259,Home & Garden,C,Road,Kolkata-Delhi,3,4,3527.85,4,38.6,2147,10,15,0,2023-05-06
SHIP01042,CUST1425,Fashion,C,Road,Mumbai-Chennai,6,3,1602.65,2,36.9,3496,5,8,0,2023-05-28
SHIP01043,CUST5831,Fashion,B,Ship,Hyderabad-Pune,3,4,1360.8,3,1.8,2733,10,14,0,2023-08-14
SHIP01044,CUST1197,Home & Garden,C,Road,Hyderabad-Pune,6,5,2088.64,2,63.2,6274,7,7,1,2023-10-27
SHIP01045,CUST6149,Sporting Goods,C,Flight,Kolkata-Delhi,6,2,4366.83,7,11.4,4111,5,8,0,2023-09-14
SHIP01046,CUST6609,Fashion,C,Ship,Delhi-Bangalore,2,3,3082.34,1,42.2,3920,3,7,0,2023-02-03
SHIP01047,CUST1199,Books,F,Ship,Bangalore-Chennai,2,3,3354.8,6,40.7,3699,10,12,0,2023-10-19
SHIP01048,CUST9761,Books,F,Ship,Delhi-Mumbai,4,5,2662.45,3,16.6,2496,4,5,0,2023-10-11
SHIP01049,CUST8472,Fashion,A,Road,Mumbai-Chennai,5,3,547.66,3,47.7,1521,6,6,1,2023-12-20
SHIP01050,CUST1997,Fashion,B,Ship,Hyderabad-Pune,7,5,2438.68,1,34.9,1418,5,8,0,2023-06-05
SHIP01051,CUST2196,Fashion,D,Ship,Kolkata-Delhi,1,4,1067.24,8,38.3,5901,8,13,0,2023-11-21
SHIP01052,CUST1157,Sporting Goods,D,Ship,Bangalore-Chennai,4,2,2985.79,7,64.5,3062,10,11,0,2023-10-19
SHIP01053,CUST9070,Books,B,Flight,Hyderabad-Pune,4,5,1490.4,4,17.2,5359,9,12,0,2023-05-19
SHIP01054,CUST9242,Home & Garden,D,Ship,Delhi-Bangalore,4,1,1664.12,8,30.6,2336,6,7,0,2023-05-21
SHIP01055,CUST5991,Electronics,D,Flight,Bangalore-Chennai,6,5,4130.53,3,50.6,2898,5,4,1,2023-08-10
SHIP01056,CUST6003,Home & Garden,F,Flight,Delhi-Mumbai,6,3,4645.0,3,37.1,2266,6,7,0,2023-09-14
SHIP01057,CUST7491,Fashion,B,Road,Bangalore-Chennai,2,3,4787.86,7,42.5,4415,8,8,1,2023-04-09
SHIP01058,CUST8732,Home & Garden,C,Ship,Mumbai-Chennai,3,3,4163.23,5,29.2,4484,7,7,1,2023-05-15
SHIP01059,CUST1092,Cosmetics,A,Flight,Mumbai-Chennai,6,2,4877.43,4,1.3,6769,9,14,0,2023-08-02
SHIP01060,CUST5193,Home & Garden,C,Ship,Mumbai-Chennai,4,4,1695.86,8,48.0,2761,6,6,1,2023-12-05
SHIP01061,CUST2750,Electronics,B,Ship,Mumbai-Chennai,6,4,4713.32,7,61.9,1376,10,15,0,2023-05-21
SHIP01062,CUST8979,Fashion,C,Road,Hyderabad-Pune,4,1,597.06,5,17.9,4026,9,13,0,2023-12-28
SHIP01063,CUST8730,Fashion,A,Flight,Bangalore-Chennai,4,2,4382.36,4,37.3,5602,10,11,0,2023-02-26
SHIP01064,CUST6371,Sporting Goods,F,Road,Mumbai-Chennai,5,5,4104.82,0,9.1,1557,4,6,0,2023-05-06
SHIP01065,CUST8304,Books,B,Ship,Mumbai-Chennai,4,2,2357.94,5,12.9,6767,8,13,0,2023-07-04
SHIP01066,CUST1379,Fashion,A,Road,Kolkata-Delhi,4,4,4049.72,0,54.1,1493,7,8,0,2023-11-06
SHIP01067,CUST8163,Electronics,F,Flight,Hyderabad-Pune,4,3,2916.6,1,47.7,5630,8,7,1,2023-10-17
SHIP01068,CUST9712,Fashion,F,Ship,Hyderabad-Pune,4,5,3285.85,3,48.9,6602,4,7,0,2023-02-27
SHIP01069,CUST8630,Cosmetics,B,Road,Mumbai-Chennai,1,2,3274.42,5,29.5,6673,9,14,0,2023-05-22
SHIP01070,CUST5813,Electronics,F,Flight,Delhi-Mumbai,1,2,1679.68,2,16.8,2825,9,8,1,2023-07-25
SHIP01071,CUST4282,Sporting Goods,C,Road,Hyderabad-Pune,2,2,3887.66,3,20.1,1826,8,11,0,2023-08-23
SHIP01072,CUST1646,Fashion,F,Flight,Delhi-Mumbai,3,3,4649.48,3,13.1,2337,3,6,0,2023-11-05
SHIP01073,CUST4559,Home & Garden,A,Ship,Kolkata-Delhi,1,4,224.58,3,24.7,4660,9,10,0,2023-04-30
SHIP01074,CUST4369,Cosmetics,F,Ship,Delhi-Mumbai,2,5,4575.09,8,7.9,2717,10,12,0,2023-04-12
SHIP01075,CUST6871,Books,C,Flight,Delhi-Bangalore,2,1,4018.98,5,31.1,5167,4,6,0,2023-11-06
SHIP01076,CUST1118,Cosmetics,D,Flight,Delhi-Mumbai,3,3,4734.09,1,28.2,6341,4,6,0,2023-01-09
SHIP01077,CUST2383,Books,D,Flight,Delhi-Mumbai,3,3,322.31,3,11.5,1075,7,7,1,2023-12-26
SHIP01078,CUST3297,Books,D,Ship,Delhi-Mumbai,5,2,4345.09,4,24.2,4398,5,8,0,2023-03-21
SHIP01079,CUST3861,Sporting Goods,B,Road,Bangalore-Chennai,2,3,4407.48,1,51.1,1245,5,7,0,2023-03-30
SHIP01080,CUST7613,Books,C,Flight,Hyderabad-Pune,3,1,3938.02,5,1.9,4854,10,10,1,2023-06-06
SHIP01081,CUST7679,Electronics,F,Flight,Hyderabad-Pune,6,5,931.73,1,1.0,2824,3,7,0,2023-03-15
SHIP01082,CUST2841,Cosmetics,D,Flight,Hyderabad-Pune,4,2,4298.89,0,20.2,4846,4,6,0,2023-02-03
SHIP01083,CUST9847,Home & Garden,F,Road,Bangalore-Chennai,1,4,2514.73,3,8.2,5216,7,7,1,2023-06-15
SHIP01084,CUST4695,Books,A,Road,Delhi-Mumbai,6,4,1483.27,1,16.2,3053,5,10,0,2023-03-15
SHIP01085,CUST5933,Home & Garden,D,Road,Hyderabad-Pune,5,5,2928.12,4,49.4,2078,5,9,0,2023-12-04
SHIP01086,CUST3379,Sporting Goods,A,Road,Kolkata-Delhi,6,1,3991.55,2,0.9,6198,8,10,0,2023-07-11
SHIP01087,CUST3652,Cosmetics,C,Ship,Hyderabad-Pune,4,4,4302.63,3,40.9,5728,3,8,0,2023-05-02
SHIP01088,CUST8425,Sporting Goods,C,Road,Kolkata-Delhi,1,3,3311.76,8,60.1,3762,9,11,0,2023-04-20
SHIP01089,CUST8984,Sporting Goods,D,Road,Delhi-Mumbai,6,3,3840.02,4,4.1,3993,5,6,0,2023-06-24
SHIP01090,CUST9901,Fashion,A,Ship,Kolkata-Delhi,7,1,689.36,4,8.2,3847,9,13,0,2023-01-14
SHIP01091,CUST2359,Sporting Goods,B,Flight,Hyderabad-Pune,2,2,4216.06,3,50.4,2627,7,9,0,2023-08-12
SHIP01092,CUST3486,Sporting Goods,F,Road,Delhi-Mumbai,7,5,1877.02,3,45.1,5348,8,11,0,2023-11-04
SHIP01093,CUST2640,Books,B,Road,Bangalore-Chennai,7,5,1208.66,2,35.2,5994,5,6,0,2023-03-23
SHIP01094,CUST5561,Electronics,D,Flight,Kolkata-Delhi,5,4,4479.35,7,20.9,6910,9,14,0,2023-04-14
SHIP01095,CUST5117,Books,F,Road,Mumbai-Chennai,2,5,3010.53,1,3.8,4361,7,6,1,2023-02-08
SHIP01096,CUST3625,Fashion,D,Ship,Bangalore-Chennai,4,4,2997.94,3,54.2,1577,5,5,1,2023-09-04
SHIP01097,CUST7577,Electronics,F,Road,Delhi-Bangalore,2,4,797.8,4,49.4,1088,6,7,0,2023-03-13
SHIP01098,CUST9589,Electronics,F,Flight,Delhi-Bangalore,6,4,1564.23,1,35.2,5997,4,7,0,2023-06-09
SHIP01099,CUST6593,Home & Garden,A,Flight,Mumbai-Chennai,1,4,2186.96,2,57.0,6664,10,10,1,2023-02-06
SHIP01100,CUST4680,Sporting Goods,A,Ship,Bangalore-Chennai,5,5,4338.92,3,56.5,6446,10,15,0,2023-05-30
SHIP01101,CUST8085,Cosmetics,A,Road,Delhi-Mumbai,7,3,4227.39,4,58.8,6245,10,15,0,2023-12-26
SHIP01102,CUST5116,Home & Garden,A,Ship,Delhi-Mumbai,6,4,1289.45,7,14.4,4553,8,10,0,2023-12-08
SHIP01103,CUST8993,Sporting Goods,F,Road,Kolkata-Delhi,5,5,4364.93,6,2.7,1883,7,6,1,2023-12-29
SHIP01104,CUST2924,Fashion,C,Road,Bangalore-Chennai,6,5,2166.96,6,46.7,1326,4,7,0,2023-02-18
SHIP01105,CUST8548,Sporting Goods,F,Ship,Kolkata-Delhi,7,4,3378.43,0,14.0,2480,8,12,0,2023-08-14
SHIP01106,CUST2618,Home & Garden,D,Ship,Bangalore-Chennai,4,3,1857.09,5,22.9,3037,3,7,0,2023-06-18
SHIP01107,CUST6316,Cosmetics,C,Ship,Delhi-Bangalore,5,5,3276.61,6,49.0,2409,7,9,0,2023-01-25
SHIP01108,CUST6468,Home & Garden,F,Road,Bangalore-Chennai,7,2,1651.02,4,6.6,6914,10,15,0,2023-02-15
SHIP01109,CUST6126,Sporting Goods,D,Road,Delhi-Bangalore,7,4,1090.53,7,22.8,4586,4,8,0,2023-07-27
SHIP01110,CUST3761,Home & Garden,A,Ship,Delhi-Bangalore,5,3,4553.27,8,19.3,5586,8,13,0,2023-03-23
SHIP01111,CUST2244,Fashion,A,Ship,Bangalore-Chennai,5,4,4275.82,2,46.5,5364,5,7,0,2023-11-13
SHIP01112,CUST7311,Electronics,C,Road,Hyderabad-Pune,1,3,4997.25,7,53.7,3014,8,10,0,2023-03-10
SHIP01113,CUST1431,Cosmetics,B,Road,Delhi-Bangalore,2,2,2257.74,3,9.4,3431,5,9,0,2023-05-21
SHIP01114,CUST8917,Cosmetics,D,Road,Hyderabad-Pune,5,2,2120.39,8,37.8,6138,6,5,1,2023-11-10
SHIP01115,CUST6963,Home & Garden,D,Flight,Mumbai-Chennai,2,3,2747.81,1,62.3,2101,9,13,0,2023-05-14
SHIP01116,CUST5045,Sporting Goods,F,Ship,Delhi-Mumbai,7,5,3570.93,8,20.4,5948,8,13,0,2023-12-26
SHIP01117,CUST4669,Cosmetics,C,Road,Delhi-Mumbai,4,5,2245.57,6,4.2,2403,6,10,0,2023-06-28
SHIP01118,CUST1942,Home & Garden,D,Road,Delhi-Bangalore,1,3,420.52,4,37.0,6961,3,6,0,2023-08-18
SHIP01119,CUST9041,Cosmetics,B,Flight,Delhi-Bangalore,6,4,1618.14,4,21.5,5668,3,7,0,2023-11-03
SHIP01120,CUST6152,Electronics,F,Ship,Bangalore-Chennai,7,3,2978.49,1,39.9,5339,9,9,1,2023-10-04
SHIP01121,CUST4188,Fashion,F,Ship,Delhi-Bangalore,1,4,3670.47,5,5.8,4305,9,13,0,2023-03-24
SHIP01122,CUST7247,Books,D,Ship,Mumbai-Chennai,2,1,1624.86,2,46.0,3064,9,14,0,2023-07-28
SHIP01123,CUST5268,Cosmetics,B,Ship,Mumbai-Chennai,6,1,1764.63,1,34.1,1167,10,9,1,2023-04-05
SHIP01124,CUST7113,Electronics,B,Ship,Hyderabad-Pune,1,1,1701.61,4,1.8,5653,3,6,0,2023-01-31
SHIP01125,CUST3824,Fashion,F,Flight,Delhi-Bangalore,5,2,4881.29,1,56.7,2267,8,13,0,2023-02-05
SHIP01126,CUST8220,Books,B,Road,Delhi-Bangalore,7,4,248.67,0,60.8,1985,8,11,0,2023-04-01
SHIP01127,CUST6718,Books,B,Road,Hyderabad-Pune,2,1,2538.49,2,64.8,3763,7,8,0,2023-02-25
SHIP01128,CUST7370,Cosmetics,A,Road,Hyderabad-Pune,1,3,1306.49,2,15.6,5020,10,14,0,2023-10-08
SHIP01129,CUST1681,Home & Garden,A,Flight,Bangalore-Chennai,6,5,584.02,8,5.9,6364,6,11,0,2023-07-26
SHIP01130,CUST9715,Sporting Goods,D,Road,Bangalore-Chennai,2,3,1669.55,7,49.6,3399,8,11,0,2023-10-16
SHIP01131,CUST7177,Electronics,D,Ship,Kolkata-Delhi,1,3,2850.14,6,19.9,3352,9,11,0,2023-08-11
SHIP01132,CUST4081,Electronics,C,Road,Bangalore-Chennai,5,5,949.46,5,48.1,5376,3,6,0,2023-01-22
SHIP01133,CUST7306,Fashion,C,Road,Delhi-Mumbai,7,4,3718.85,8,55.2,5167,3,2,1,2023-06-05
SHIP01134,CUST1732,Fashion,A,Flight,Delhi-Bangalore,2,3,457.52,3,32.2,5678,8,12,0,2023-12-24
SHIP01135,CUST4375,Books,A,Flight,Delhi-Mumbai,2,3,4923.57,6,53.7,4045,3,2,1,2023-07-15
SHIP01136,CUST3321,Sporting Goods,B,Road,Bangalore-Chennai,3,4,3433.94,4,13.3,6352,9,8,1,2023-03-21
SHIP01137,CUST1167,Cosmetics,D,Flight,Mumbai-Chennai,7,2,4101.95,7,16.5,1085,7,9,0,2023-12-20
SHIP01138,CUST8358,Fashion,B,Ship,Bangalore-Chennai,1,1,878.73,7,4.3,5398,9,8,1,2023-12-23
SHIP01139,CUST7524,Home & Garden,F,Flight,Mumbai-Chennai,7,5,1381.35,1,25.7,2655,8,8,1,2023-05-12
SHIP01140,CUST4289,Fashion,F,Ship,Kolkata-Delhi,4,1,645.89,0,54.2,2511,4,7,0,2023-09-12
SHIP01141,CUST2104,Fashion,D,Road,Mumbai-Chennai,4,2,2265.92,0,43.1,5125,4,9,0,2023-12-22
SHIP01142,CUST6208,Electronics,F,Ship,Delhi-Bangalore,3,3,4617.01,5,30.0,6276,6,11,0,2023-04-18
SHIP01143,CUST3508,Home & Garden,F,Ship,Delhi-Bangalore,2,2,1745.85,7,1.6,4608,3,5,0,2023-07-14
SHIP01144,CUST9659,Home & Garden,F,Ship,Delhi-Bangalore,5,3,377.89,1,26.6,5376,4,9,0,2023-05-06
SHIP01145,CUST6270,Home & Garden,A,Ship,Delhi-Mumbai,6,2,128.92,0,36.6,4174,3,6,0,2023-03-28
SHIP01146,CUST1576,Sporting Goods,F,Ship,Delhi-Mumbai,6,4,4692.33,6,18.4,6046,4,9,0,2023-04-25
SHIP01147,CUST9037,Sporting Goods,C,Flight,Bangalore-Chennai,4,4,4605.19,2,29.5,3950,9,11,0,2023-05-02
SHIP01148,CUST3856,Cosmetics,C,Ship,Mumbai-Chennai,6,1,2215.51,4,9.4,4767,6,6,1,2023-05-27
SHIP01149,CUST4718,Cosmetics,B,Road,Mumbai-Chennai,2,4,2163.59,6,29.9,4705,9,13,0,2023-10-05
SHIP01150,CUST6956,Home & Garden,C,Road,Kolkata-Delhi,2,5,1108.98,3,46.3,5656,10,12,0,2023-08-26
SHIP01151,CUST6954,Cosmetics,F,Flight,Mumbai-Chennai,6,3,1146.22,2,30.6,5446,6,11,0,2023-12-04
SHIP01152,CUST7752,Electronics,B,Ship,Mumbai-Chennai,5,2,3332.29,8,28.1,4628,10,11,0,2023-11-16
SHIP01153,CUST7323,Sporting Goods,B,Flight,Bangalore-Chennai,6,5,3869.28,6,37.4,2620,3,7,0,2023-04-16
SHIP01154,CUST8677,Fashion,B,Flight,Mumbai-Chennai,5,5,2699.88,0,44.0,1535,5,7,0,2023-06-12
SHIP01155,CUST1864,Home & Garden,A,Flight,Mumbai-Chennai,2,2,4793.99,4,54.6,3973,4,3,1,2023-01-05
SHIP01156,CUST8783,Home & Garden,B,Flight,Mumbai-Chennai,1,5,883.08,2,10.6,1970,8,11,0,2023-08-17
SHIP01157,CUST8693,Books,C,Road,Delhi-Bangalore,1,2,4555.01,1,49.1,2110,9,9,1,2023-10-15
SHIP01158,CUST8813,Fashion,A,Road,Bangalore-Chennai,7,3,4661.62,2,29.1,1162,9,11,0,2023-07-14
SHIP01159,CUST6633,Home & Garden,A,Flight,Delhi-Mumbai,2,2,3157.75,6,59.6,1909,10,14,0,2023-10-18
SHIP01160,CUST5789,Books,A,Flight,Hyderabad-Pune,7,4,178.18,6,64.5,3991,6,10,0,2023-06-14
SHIP01161,CUST5591,Sporting Goods,A,Flight,Mumbai-Chennai,2,1,3282.09,4,17.1,4546,7,7,1,2023-09-20
SHIP01162,CUST8505,Books,A,Flight,Hyderabad-Pune,1,2,4373.0,0,47.8,1157,8,7,1,2023-05-20
SHIP01163,CUST8702,Cosmetics,D,Ship,Bangalore-Chennai,6,3,3514.59,5,23.8,5199,7,9,0,2023-04-13
SHIP01164,CUST6605,Fashion,C,Road,Mumbai-Chennai,5,2,2495.27,4,5.4,4685,9,11,0,2023-12-29
SHIP01165,CUST6220,Sporting Goods,A,Ship,Delhi-Bangalore,7,1,1290.51,2,24.3,2261,4,9,0,2023-12-08
SHIP01166,CUST2235,Electronics,A,Road,Mumbai-Chennai,7,5,444.88,7,41.0,3710,6,11,0,2023-02-14
SHIP01167,CUST1920,Books,B,Ship,Bangalore-Chennai,1,2,549.35,1,0.2,6616,4,7,0,2023-03-04
SHIP01168,CUST2301,Cosmetics,C,Road,Hyderabad-Pune,2,4,4106.0,7,39.4,2524,6,6,1,2023-01-26
SHIP01169,CUST2003,Cosmetics,B,Road,Delhi-Mumbai,1,2,4873.53,4,9.4,5440,10,11,0,2023-12-13
SHIP01170,CUST2241,Fashion,B,Flight,Delhi-Bangalore,2,4,3212.95,4,39.1,5150,6,10,0,2023-03-05
SHIP01171,CUST5111,Home & Garden,B,Road,Delhi-Mumbai,6,3,1479.1,2,4.2,1514,7,7,1,2023-08-07
SHIP01172,CUST8046,Electronics,D,Ship,Bangalore-Chennai,6,1,1660.15,5,45.4,5960,10,11,0,2023-01-31
SHIP01173,CUST6227,Cosmetics,C,Road,Kolkata-Delhi,3,4,1571.21,7,20.4,2558,4,7,0,2023-05-15
SHIP01174,CUST1699,Books,C,Flight,Kolkata-Delhi,4,3,4624.89,6,30.1,4804,6,9,0,2023-03-29
SHIP01175,CUST7317,Cosmetics,A,Ship,Mumbai-Chennai,4,2,2057.15,0,28.2,6421,10,10,1,2023-03-14
SHIP01176,CUST4013,Fashion,A,Ship,Kolkata-Delhi,4,2,1427.36,3,1.4,4213,5,5,1,2023-10-31
SHIP01177,CUST5549,Fashion,B,Flight,Hyderabad-Pune,6,4,2221.0,2,31.7,6454,5,6,0,2023-10-09
SHIP01178,CUST2096,Home & Garden,D,Road,Mumbai-Chennai,2,2,2641.94,7,52.2,4410,3,4,0,2023-02-24
SHIP01179,CUST3598,Home & Garden,C,Road,Hyderabad-Pune,4,5,697.05,2,34.4,3794,10,9,1,2023-06-07
SHIP01180,CUST3099,Home & Garden,F,Flight,Delhi-Mumbai,1,4,1913.04,3,13.6,3672,8,13,0,2023-12-19
SHIP01181,CUST8801,Home & Garden,F,Flight,Hyderabad-Pune,7,3,3521.81,2,62.8,6182,6,11,0,2023-06-10
SHIP01182,CUST4883,Fashion,D,Road,Kolkata-Delhi,1,3,2603.71,1,25.0,2215,6,10,0,2023-10-31
SHIP01183,CUST9043,Cosmetics,F,Road,Mumbai-Chennai,1,4,2008.92,3,51.4,3262,8,7,1,2023-09-28
SHIP01184,CUST8761,Fashion,B,Road,Delhi-Mumbai,3,3,4141.7,7,36.5,3234,5,6,0,2023-01-31
SHIP01185,CUST9786,Fashion,B,Road,Hyderabad-Pune,1,3,3693.76,3,34.0,5129,8,10,0,2023-06-10
SHIP01186,CUST7930,Books,A,Flight,Mumbai-Chennai,2,2,1550.91,0,42.4,4452,7,7,1,2023-07-12
SHIP01187,CUST3418,Cosmetics,D,Road,Delhi-Bangalore,5,4,3816.46,1,60.9,4735,4,5,0,2023-08-27
SHIP01188,CUST8427,Home & Garden,B,Road,Delhi-Bangalore,3,1,707.18,5,35.9,4021,7,7,1,2023-12-28
SHIP01189,CUST1417,Books,D,Road,Mumbai-Chennai,4,2,1700.39,0,41.8,3654,5,6,0,2023-07-12
SHIP01190,CUST3160,Cosmetics,A,Ship,Delhi-Bangalore,2,1,2661.62,3,6.0,3951,3,6,0,2023-01-29
SHIP01191,CUST7760,Home & Garden,A,Flight,Kolkata-Delhi,5,1,2670.93,6,45.1,5490,8,9,0,2023-02-11
SHIP01192,CUST8348,Fashion,A,Flight,Delhi-Bangalore,2,1,3259.32,8,1.6,6266,4,9,0,2023-04-17
SHIP01193,CUST1691,Fashion,B,Ship,Delhi-Bangalore,5,3,1682.46,6,1.3,3372,6,8,0,2023-01-22
SHIP01194,CUST7798,Sporting Goods,A,Ship,Delhi-Bangalore,5,1,1123.3,7,0.5,6749,10,9,1,2023-12-09
SHIP01195,CUST9341,Fashion,D,Ship,Delhi-Bangalore,5,1,4584.48,4,17.3,4066,4,7,0,2023-07-08
SHIP01196,CUST5198,Home & Garden,B,Flight,Mumbai-Chennai,4,1,3287.27,7,1.9,5942,9,9,1,2023-04-14
SHIP01197,CUST2846,Electronics,D,Ship,Bangalore-Chennai,7,2,1080.7,4,54.1,6523,9,9,1,2023-04-05
SHIP01198,CUST6913,Cosmetics,A,Road,Bangalore-Chennai,2,5,4462.01,4,14.1,1195,6,9,0,2023-06-05
SHIP01199,CUST3964,Home & Garden,B,Flight,Bangalore-Chennai,4,3,2343.63,6,39.1,2353,7,6,1,2023-04-21
SHIP01200,CUST5675,Books,B,Ship,Hyderabad-Pune,1,1,4278.14,0,55.7,3246,10,12,0,2023-10-15
SHIP01201,CUST7249,Books,F,Ship,Delhi-Mumbai,1,3,1155.01,3,63.1,4054,3,4,0,2023-08-16
SHIP01202,CUST1366,Home & Garden,A,Ship,Mumbai-Chennai,2,3,2338.95,3,7.8,6215,4,5,0,2023-08-02
SHIP01203,CUST1235,Electronics,A,Road,Delhi-Bangalore,4,5,3505.1,4,17.6,6757,3,5,0,2023-03-31
SHIP01204,CUST3511,Fashion,A,Flight,Bangalore-Chennai,4,1,282.09,6,54.0,4378,10,9,1,2023-12-21
SHIP01205,CUST1721,Books,A,Flight,Bangalore-Chennai,3,4,1093.22,4,1.6,3227,5,4,1,2023-10-23
SHIP01206,CUST8339,Electronics,A,Road,Kolkata-Delhi,5,4,3980.62,0,18.6,1724,6,6,1,2023-12-20
SHIP01207,CUST9922,Fashion,C,Road,Mumbai-Chennai,6,5,2749.76,5,47.8,3840,8,10,0,2023-08-30
SHIP01208,CUST7582,Home & Garden,D,Flight,Mumbai-Chennai,2,4,3410.98,6,23.4,4536,9,9,1,2023-10-25
SHIP01209,CUST3255,Home & Garden,C,Road,Kolkata-Delhi,4,5,4322.82,2,57.8,3813,4,7,0,2023-05-10
SHIP01210,CUST9850,Books,B,Road,Delhi-Bangalore,7,2,4140.96,6,5.3,4432,5,8,0,2023-06-24
SHIP01211,CUST1687,Sporting Goods,A,Road,Delhi-Mumbai,3,5,3356.72,2,48.1,6603,4,7,0,2023-10-06
SHIP01212,CUST6332,Books,C,Road,Kolkata-Delhi,5,4,1173.45,5,48.7,6634,8,10,0,2023-03-01
SHIP01213,CUST8432,Fashion,B,Road,Delhi-Mumbai,7,5,4019.68,7,9.4,1591,4,4,1,2023-11-24
SHIP01214,CUST5962,Fashion,F,Road,Delhi-Mumbai,7,2,215.18,0,19.2,2696,7,7,1,2023-07-27
SHIP01215,CUST2168,Electronics,C,Flight,Delhi-Mumbai,4,3,3341.77,0,45.4,3459,5,10,0,2023-12-15
SHIP01216,CUST4415,Home & Garden,D,Road,Hyderabad-Pune,4,5,3007.35,7,63.5,5095,8,10,0,2023-07-11
SHIP01217,CUST5190,Books,D,Flight,Hyderabad-Pune,7,1,2171.24,5,61.7,6610,8,9,0,2023-01-16
SHIP01218,CUST1633,Cosmetics,A,Flight,Mumbai-Chennai,5,1,506.53,1,29.6,3763,10,9,1,2023-07-14
SHIP01219,CUST1562,Home & Garden,C,Road,Bangalore-Chennai,7,4,1161.12,6,6.2,6601,6,9,0,2023-08-29
SHIP01220,CUST1462,Sporting Goods,D,Ship,Hyderabad-Pune,2,4,1446.23,6,52.1,5388,5,8,0,2023-12-12
SHIP01221,CUST2927,Books,F,Flight,Delhi-Bangalore,4,3,4282.42,0,18.9,3714,3,4,0,2023-10-27
SHIP01222,CUST3536,Electronics,B,Flight,Kolkata-Delhi,2,1,1997.79,2,50.2,1359,9,8,1,2023-12-18
SHIP01223,CUST6571,Books,F,Flight,Delhi-Bangalore,6,4,4061.25,1,6.6,2140,7,7,1,2023-04-25
SHIP01224,CUST1387,Cosmetics,D,Flight,Bangalore-Chennai,4,1,3571.2,5,41.3,1871,5,9,0,2023-11-06
SHIP01225,CUST5569,Cosmetics,F,Road,Kolkata-Delhi,1,1,527.49,5,30.9,5154,9,11,0,2023-01-18
SHIP01226,CUST1395,Fashion,A,Road,Delhi-Bangalore,6,2,2285.9,8,24.3,3154,6,6,1,2023-03-03
SHIP01227,CUST4039,Sporting Goods,D,Ship,Hyderabad-Pune,1,2,1091.99,4,8.7,6746,10,9,1,2023-12-03
SHIP01228,CUST1982,Sporting Goods,A,Ship,Hyderabad-Pune,6,3,2969.31,0,19.7,2122,9,8,1,2023-07-10
SHIP01229,CUST4498,Fashion,D,Flight,Kolkata-Delhi,2,1,944.85,8,41.2,5435,8,8,1,2023-09-03
SHIP01230,CUST3080,Sporting Goods,B,Ship,Kolkata-Delhi,5,1,2874.17,3,40.8,4387,4,4,1,2023-12-08
SHIP01231,CUST7658,Electronics,D,Ship,Mumbai-Chennai,7,4,235.56,5,25.4,5967,8,8,1,2023-05-15
SHIP01232,CUST8853,Sporting Goods,F,Flight,Bangalore-Chennai,7,2,1282.57,8,18.7,1614,6,10,0,2023-03-07
SHIP01233,CUST7837,Electronics,F,Ship,Bangalore-Chennai,7,2,3887.3,0,24.0,4221,9,12,0,2023-01-16
SHIP01234,CUST6594,Home & Garden,F,Road,Mumbai-Chennai,3,4,2606.06,6,49.2,6639,7,9,0,2023-11-29
SHIP01235,CUST2490,Books,D,Flight,Hyderabad-Pune,5,5,3193.69,4,40.9,3222,5,7,0,2023-06-22
SHIP01236,CUST4732,Home & Garden,C,Ship,Hyderabad-Pune,2,3,4864.47,3,53.7,5240,7,10,0,2023-09-20
SHIP01237,CUST7944,Books,B,Road,Delhi-Bangalore,7,3,1030.83,5,46.3,5529,9,10,0,2023-05-16
SHIP01238,CUST9521,Fashion,A,Road,Bangalore-Chennai,3,2,1108.1,5,11.9,6304,8,8,1,2023-08-25
SHIP01239,CUST7416,Cosmetics,C,Road,Kolkata-Delhi,5,3,817.07,1,16.4,4084,10,11,0,2023-05-06
SHIP01240,CUST4095,Home & Garden,D,Flight,Hyderabad-Pune,5,3,2604.48,6,12.9,1417,9,8,1,2023-02-04
SHIP01241,CUST2770,Cosmetics,D,Flight,Mumbai-Chennai,1,2,987.41,5,49.4,1446,9,13,0,2023-09-08
SHIP01242,CUST5544,Electronics,F,Road,Mumbai-Chennai,2,1,4636.16,6,13.3,6409,3,8,0,2023-02-05
SHIP01243,CUST6531,Sporting Goods,C,Flight,Kolkata-Delhi,2,2,1180.14,4,60.3,3896,3,2,1,2023-02-27
SHIP01244,CUST6189,Fashion,B,Flight,Delhi-Bangalore,5,5,185.46,2,5.9,6030,6,6,1,2023-01-12
SHIP01245,CUST3040,Electronics,B,Flight,Delhi-Bangalore,2,4,3087.08,2,59.6,3289,7,12,0,2023-09-06
SHIP01246,CUST6054,Cosmetics,F,Road,Kolkata-Delhi,4,2,1237.69,1,26.6,4638,4,3,1,2023-05-03
SHIP01247,CUST7228,Electronics,F,Flight,Delhi-Bangalore,6,4,2239.59,8,22.2,1169,10,10,1,2023-07-16
SHIP01248,CUST7355,Cosmetics,F,Ship,Mumbai-Chennai,2,1,3044.67,6,10.9,4309,10,13,0,2023-11-12
SHIP01249,CUST6787,Cosmetics,C,Ship,Bangalore-Chennai,3,2,1959.28,7,62.4,6623,6,6,1,2023-06-10
SHIP01250,CUST2059,Cosmetics,A,Flight,Hyderabad-Pune,3,3,1966.76,7,28.4,4648,6,10,0,2023-12-24
SHIP01251,CUST5176,Home & Garden,B,Flight,Mumbai-Chennai,3,4,874.68,3,55.5,6283,9,8,1,2023-08-12
SHIP01252,CUST7249,Home & Garden,A,Ship,Delhi-Mumbai,6,2,552.65,8,3.3,1649,6,11,0,2023-01-19
SHIP01253,CUST5803,Fashion,D,Flight,Delhi-Bangalore,2,4,1626.83,8,4.3,1755,7,9,0,2023-03-18
SHIP01254,CUST3882,Home & Garden,F,Flight,Kolkata-Delhi,2,2,184.19,3,39.2,1631,3,6,0,2023-12-02
SHIP01255,CUST5408,Fashion,F,Ship,Kolkata-Delhi,5,3,3643.72,2,34.7,2530,4,9,0,2023-02-21
SHIP01256,CUST6332,Fashion,C,Road,Delhi-Mumbai,5,5,4484.71,6,8.8,1396,6,11,0,2023-01-05
SHIP01257,CUST4963,Sporting Goods,C,Road,Mumbai-Chennai,4,2,2329.23,1,46.4,2327,10,10,1,2023-03-09
SHIP01258,CUST3226,Electronics,C,Flight,Hyderabad-Pune,7,4,3419.87,6,35.8,6949,3,2,1,2023-07-13
SHIP01259,CUST9514,Home & Garden,F,Road,Bangalore-Chennai,7,4,3782.99,8,60.9,2367,9,12,0,2023-08-27
SHIP01260,CUST4389,Electronics,F,Flight,Mumbai-Chennai,1,5,4530.41,6,24.4,4060,10,10,1,2023-01-19
SHIP01261,CUST4255,Electronics,B,Flight,Bangalore-Chennai,7,2,2304.71,2,42.2,3473,3,4,0,2023-09-07
SHIP01262,CUST1268,Fashion,D,Flight,Kolkata-Delhi,4,4,3593.16,5,57.4,4795,9,9,1,2023-03-14
SHIP01263,CUST5020,Fashion,A,Flight,Mumbai-Chennai,1,3,2378.94,6,57.7,4550,5,7,0,2023-01-27
SHIP01264,CUST6812,Sporting Goods,F,Flight,Delhi-Mumbai,7,4,432.0,5,12.6,5151,4,7,0,2023-05-31
SHIP01265,CUST3391,Books,F,Flight,Delhi-Mumbai,1,5,1171.6,8,24.1,4672,5,4,1,2023-02-21
SHIP01266,CUST8541,Home & Garden,F,Flight,Mumbai-Chennai,3,1,4026.0,1,57.4,4993,9,10,0,2023-11-10
SHIP01267,CUST1592,Books,F,Road,Bangalore-Chennai,5,5,429.72,2,60.6,4095,9,14,0,2023-09-21
SHIP01268,CUST8206,Books,C,Ship,Delhi-Bangalore,7,2,556.63,6,17.9,2804,8,12,0,2024-01-01
SHIP01269,CUST1198,Fashion,B,Flight,Hyderabad-Pune,2,4,4017.41,2,27.7,5654,3,2,1,2023-06-05
SHIP01270,CUST2085,Fashion,A,Flight,Bangalore-Chennai,4,1,1173.56,2,60.1,5042,7,7,1,2023-01-01
SHIP01271,CUST8530,Home & Garden,F,Road,Mumbai-Chennai,7,4,4782.78,4,37.5,5488,4,3,1,2023-12-09
SHIP01272,CUST6349,Sporting Goods,B,Road,Bangalore-Chennai,7,5,2648.24,4,52.4,3009,8,12,0,2023-12-07
SHIP01273,CUST8108,Cosmetics,C,Flight,Hyderabad-Pune,3,4,4866.53,6,3.3,5847,6,11,0,2023-01-12
SHIP01274,CUST2744,Fashion,F,Ship,Delhi-Bangalore,2,4,4535.36,1,45.3,5143,7,12,0,2023-05-12
SHIP01275,CUST7869,Sporting Goods,C,Flight,Delhi-Mumbai,2,2,3152.98,1,50.4,1466,8,10,0,2023-07-24
SHIP01276,CUST3523,Cosmetics,D,Ship,Mumbai-Chennai,3,1,1609.24,7,57.1,5029,9,11,0,2023-08-10
SHIP01277,CUST7640,Cosmetics,B,Flight,Delhi-Bangalore,5,2,1746.95,5,38.6,1678,9,12,0,2023-04-20
SHIP01278,CUST1139,Fashion,F,Flight,Kolkata-Delhi,1,2,4960.0,0,30.6,1267,4,3,1,2023-02-12
SHIP01279,CUST6853,Books,F,Ship,Delhi-Mumbai,2,3,1717.69,0,64.8,1674,5,6,0,2023-07-07
SHIP01280,CUST4149,Fashion,D,Flight,Delhi-Mumbai,3,5,1528.0,8,4.7,6019,3,6,0,2023-01-01
SHIP01281,CUST8574,Sporting Goods,C,Ship,Bangalore-Chennai,7,5,570.99,3,44.8,1262,7,7,1,2023-02-03
SHIP01282,CUST3667,Books,D,Flight,Mumbai-Chennai,5,3,1538.9,6,27.2,2926,9,14,0,2023-06-23
SHIP01283,CUST4449,Fashion,D,Ship,Bangalore-Chennai,2,1,489.32,1,9.6,4677,7,11,0,2023-06-17
SHIP01284,CUST5628,Home & Garden,C,Road,Delhi-Bangalore,6,4,2233.14,1,60.4,6474,5,5,1,2023-02-07
SHIP01285,CUST8753,Books,A,Flight,Delhi-Bangalore,4,2,1790.92,0,2.0,3065,7,11,0,2023-04-18
SHIP01286,CUST8594,Books,D,Road,Mumbai-Chennai,4,2,4097.33,6,42.8,5641,9,9,1,2023-09-12
SHIP01287,CUST5105,Cosmetics,A,Flight,Mumbai-Chennai,2,1,4432.67,3,33.3,5057,5,4,1,2023-03-26
SHIP01288,CUST7846,Electronics,A,Road,Mumbai-Chennai,6,3,4021.02,5,21.9,1856,7,7,1,2023-04-03
SHIP01289,CUST4304,Fashion,B,Flight,Bangalore-Chennai,6,5,1439.89,6,57.8,5837,10,15,0,2023-09-14
SHIP01290,CUST8453,Books,F,Road,Mumbai-Chennai,5,4,318.12,5,1.2,5827,6,8,0,2023-01-21
SHIP01291,CUST8594,Sporting Goods,F,Ship,Mumbai-Chennai,7,5,1192.21,4,19.5,6341,4,6,0,2023-08-02
SHIP01292,CUST5163,Cosmetics,C,Ship,Hyderabad-Pune,2,1,1186.82,7,15.5,1018,3,8,0,2023-04-28
SHIP01293,CUST5483,Sporting Goods,F,Flight,Delhi-Mumbai,5,3,3867.61,0,32.3,5752,9,8,1,2023-02-08
SHIP01294,CUST5711,Electronics,B,Flight,Hyderabad-Pune,6,3,968.46,3,0.9,4518,6,9,0,2023-12-05
SHIP01295,CUST5023,Cosmetics,A,Ship,Delhi-Bangalore,6,3,928.21,4,43.7,4404,4,5,0,2023-11-28
SHIP01296,CUST3685,Home & Garden,A,Flight,Mumbai-Chennai,5,5,3231.21,1,63.9,1994,5,7,0,2023-04-15
SHIP01297,CUST5424,Fashion,A,Flight,Mumbai-Chennai,1,5,3853.4,8,30.2,2000,3,3,1,2023-02-03
SHIP01298,CUST5559,Electronics,C,Ship,Mumbai-Chennai,2,4,4052.35,8,61.4,6941,10,14,0,2023-11-11
SHIP01299,CUST2039,Fashion,B,Flight,Delhi-Bangalore,5,5,1051.44,5,1.9,4188,3,6,0,2023-02-14
SHIP01300,CUST7593,Fashion,B,Ship,Hyderabad-Pune,6,4,3889.97,1,63.4,2857,9,8,1,2023-09-20
SHIP01301,CUST7345,Home & Garden,C,Ship,Delhi-Mumbai,1,4,1021.59,5,1.1,6444,10,13,0,2023-08-23
SHIP01302,CUST7808,Books,A,Flight,Kolkata-Delhi,1,2,4230.81,8,36.5,1954,8,12,0,2023-06-23
SHIP01303,CUST6582,Electronics,F,Ship,Bangalore-Chennai,3,2,1629.09,6,19.1,1873,5,7,0,2023-09-11
SHIP01304,CUST3243,Books,C,Flight,Delhi-Bangalore,3,3,4263.71,1,63.4,3980,3,4,0,2023-12-07
SHIP01305,CUST5912,Cosmetics,A,Ship,Mumbai-Chennai,3,2,3587.82,2,60.5,5939,4,6,0,2023-06-07
SHIP01306,CUST2559,Home & Garden,C,Flight,Delhi-Mumbai,2,5,1140.32,1,15.0,3265,4,5,0,2023-02-28
SHIP01307,CUST9868,Electronics,F,Road,Bangalore-Chennai,5,3,4540.97,4,6.5,4306,7,12,0,2023-10-09
SHIP01308,CUST2523,Books,C,Flight,Bangalore-Chennai,1,2,436.86,0,6.9,4907,3,4,0,2023-08-04
SHIP01309,CUST7651,Sporting Goods,A,Flight,Delhi-Bangalore,5,5,4485.62,3,5.3,2379,3,5,0,2023-07-04
SHIP01310,CUST2701,Books,A,Flight,Delhi-Bangalore,6,2,929.91,8,15.5,4341,5,9,0,2023-10-19
SHIP01311,CUST5477,Sporting Goods,B,Flight,Hyderabad-Pune,2,1,2205.64,6,12.5,5323,3,7,0,2023-09-25
SHIP01312,CUST7627,Sporting Goods,D,Road,Mumbai-Chennai,3,2,3120.29,1,45.9,3088,7,8,0,2023-03-11
SHIP01313,CUST7644,Sporting Goods,B,Road,Mumbai-Chennai,6,2,2925.42,1,62.9,3038,10,9,1,2023-02-28
SHIP01314,CUST4782,Fashion,A,Road,Delhi-Mumbai,6,4,751.51,3,18.0,1922,5,9,0,2023-01-21
SHIP01315,CUST2814,Books,A,Flight,Delhi-Mumbai,3,2,2290.67,2,47.1,2009,3,7,0,2023-04-18
SHIP01316,CUST7205,Books,F,Road,Mumbai-Chennai,4,2,4303.01,2,13.4,3893,8,9,0,2023-07-30
SHIP01317,CUST4977,Cosmetics,D,Flight,Kolkata-Delhi,1,3,114.98,7,10.3,1488,6,11,0,2023-12-07
SHIP01318,CUST4339,Cosmetics,A,Flight,Delhi-Bangalore,3,3,967.59,0,30.8,5338,10,13,0,2023-05-29
SHIP01319,CUST6699,Home & Garden,B,Flight,Delhi-Bangalore,6,3,4213.39,6,17.5,4935,4,7,0,2023-08-21
SHIP01320,CUST1280,Fashion,D,Flight,Delhi-Bangalore,5,5,3245.25,2,7.1,6908,6,8,0,2023-03-10
SHIP01321,CUST2619,Home & Garden,F,Flight,Bangalore-Chennai,4,1,408.54,1,15.7,3316,8,11,0,2023-05-11
SHIP01322,CUST9682,Fashion,D,Road,Delhi-Mumbai,2,1,1704.15,8,27.3,3795,7,12,0,2023-05-06
SHIP01323,CUST4069,Electronics,C,Road,Kolkata-Delhi,3,3,2972.34,6,43.5,5928,3,5,0,2023-04-10
SHIP01324,CUST8730,Sporting Goods,B,Ship,Mumbai-Chennai,1,3,1848.72,3,34.6,5039,8,7,1,2023-07-14
SHIP01325,CUST1269,Books,A,Ship,Hyderabad-Pune,2,2,2112.6,0,13.3,4378,6,8,0,2023-10-15
SHIP01326,CUST9987,Cosmetics,B,Ship,Bangalore-Chennai,2,2,1917.3,0,16.7,5812,4,3,1,2023-12-15
SHIP01327,CUST8370,Fashion,A,Flight,Delhi-Bangalore,5,1,558.2,4,51.4,5398,9,8,1,2023-05-24
SHIP01328,CUST5539,Sporting Goods,B,Road,Bangalore-Chennai,6,1,4638.52,7,53.1,2772,6,5,1,2023-09-01
SHIP01329,CUST2453,Sporting Goods,F,Ship,Hyderabad-Pune,3,1,2192.82,5,60.8,4705,9,10,0,2023-02-21
SHIP01330,CUST1349,Books,C,Ship,Delhi-Bangalore,7,2,1247.68,0,47.6,2604,5,4,1,2023-02-19
SHIP01331,CUST5833,Cosmetics,A,Road,Kolkata-Delhi,2,5,759.12,1,47.2,6931,6,6,1,2023-03-09
SHIP01332,CUST5908,Books,D,Ship,Bangalore-Chennai,1,2,2421.28,0,11.1,1287,6,7,0,2023-11-18
SHIP01333,CUST2778,Electronics,B,Ship,Delhi-Mumbai,2,4,631.35,3,45.5,2361,5,9,0,2023-08-04
SHIP01334,CUST9697,Sporting Goods,F,Flight,Kolkata-Delhi,2,5,2710.95,3,62.0,4480,7,11,0,2023-09-24
SHIP01335,CUST5574,Home & Garden,C,Road,Delhi-Bangalore,6,1,1061.72,4,24.4,5386,5,8,0,2023-08-16
SHIP01336,CUST2889,Books,B,Ship,Delhi-Bangalore,6,5,4752.86,1,36.4,4232,10,9,1,2023-10-25
SHIP01337,CUST3945,Sporting Goods,B,Ship,Delhi-Bangalore,1,5,4305.69,8,57.5,2978,5,4,1,2023-09-23
SHIP01338,CUST9807,Electronics,C,Flight,Mumbai-Chennai,5,2,4157.74,0,27.8,2681,4,5,0,2023-09-26
SHIP01339,CUST2464,Sporting Goods,B,Road,Kolkata-Delhi,1,4,3632.51,8,5.2,3636,5,10,0,2023-04-23
SHIP01340,CUST5527,Home & Garden,A,Ship,Delhi-Mumbai,7,1,3898.99,0,56.1,6923,10,10,1,2023-12-15
SHIP01341,CUST3702,Books,F,Ship,Delhi-Mumbai,6,2,2455.82,1,28.5,5415,3,2,1,2023-06-15
SHIP01342,CUST1423,Books,B,Flight,Mumbai-Chennai,4,1,3993.98,8,42.0,3393,8,7,1,2023-11-19
SHIP01343,CUST9941,Fashion,F,Road,Hyderabad-Pune,5,4,1507.2,8,59.2,1627,7,7,1,2023-02-13
SHIP01344,CUST9215,Sporting Goods,A,Flight,Kolkata-Delhi,4,1,2585.0,7,1.7,5908,5,5,1,2023-05-28
SHIP01345,CUST5280,Fashion,D,Flight,Bangalore-Chennai,3,1,1871.19,8,17.9,2228,3,2,1,2023-12-05
SHIP01346,CUST3014,Fashion,D,Ship,Mumbai-Chennai,5,2,4954.27,5,43.0,3999,9,11,0,2023-10-16
SHIP01347,CUST7149,Books,A,Road,Bangalore-Chennai,1,4,359.88,3,15.6,5932,7,12,0,2023-03-29
SHIP01348,CUST1278,Sporting Goods,F,Ship,Delhi-Bangalore,1,1,1412.27,0,60.3,4208,10,13,0,2023-07-01
SHIP01349,CUST3035,Sporting Goods,F,Road,Delhi-Mumbai,3,3,4814.55,2,35.6,4880,7,12,0,2023-09-28
SHIP01350,CUST4176,Cosmetics,B,Road,Bangalore-Chennai,1,4,1412.22,2,43.7,2159,10,10,1,2023-09-22
SHIP01351,CUST5835,Books,B,Road,Hyderabad-Pune,6,3,2097.44,2,1.3,4438,9,12,0,2023-12-14
SHIP01352,CUST8059,Fashion,A,Flight,Mumbai-Chennai,1,4,4379.88,6,19.0,6174,5,6,0,2023-09-28
SHIP01353,CUST7122,Home & Garden,A,Ship,Kolkata-Delhi,7,2,3633.51,5,22.1,6596,9,9,1,2023-07-01
SHIP01354,CUST1381,Books,A,Flight,Kolkata-Delhi,3,4,3981.26,4,33.3,5344,5,6,0,2023-04-09
SHIP01355,CUST2785,Home & Garden,B,Road,Bangalore-Chennai,5,5,974.43,4,21.6,2099,3,8,0,2023-04-26
SHIP01356,CUST2008,Books,C,Ship,Mumbai-Chennai,6,1,4966.32,4,15.5,2770,10,13,0,2023-12-23
SHIP01357,CUST4183,Sporting Goods,C,Road,Mumbai-Chennai,6,1,2034.13,3,52.4,1837,6,11,0,2023-07-01
SHIP01358,CUST8450,Sporting Goods,D,Road,Delhi-Mumbai,5,1,3071.64,3,15.7,1748,4,3,1,2023-12-31
SHIP01359,CUST3207,Cosmetics,C,Ship,Delhi-Mumbai,4,1,3644.47,1,59.7,6012,6,8,0,2023-04-21
SHIP01360,CUST7378,Electronics,D,Road,Kolkata-Delhi,7,5,3629.4,8,58.0,1087,10,15,0,2023-06-17
SHIP01361,CUST1481,Sporting Goods,A,Flight,Kolkata-Delhi,1,5,726.74,8,60.1,3002,5,5,1,2023-01-14
SHIP01362,CUST9148,Home & Garden,C,Road,Delhi-Mumbai,6,4,4591.69,3,25.5,5995,9,10,0,2023-08-30
SHIP01363,CUST2249,Home & Garden,F,Ship,Delhi-Mumbai,7,5,3232.51,4,7.1,3394,8,8,1,2023-01-30
SHIP01364,CUST9681,Cosmetics,C,Ship,Hyderabad-Pune,2,4,1054.06,2,61.2,5969,6,6,1,2023-07-23
SHIP01365,CUST8393,Home & Garden,C,Flight,Kolkata-Delhi,1,1,1350.22,0,45.2,6986,5,4,1,2023-05-03
SHIP01366,CUST9783,Cosmetics,A,Flight,Bangalore-Chennai,1,3,1264.48,6,27.9,1379,7,7,1,2023-09-24
SHIP01367,CUST7988,Electronics,A,Ship,Delhi-Mumbai,5,2,1870.48,6,57.5,1724,4,3,1,2023-03-07
SHIP01368,CUST8465,Electronics,C,Road,Delhi-Bangalore,1,2,3861.21,4,58.3,3914,3,5,0,2023-03-20
SHIP01369,CUST9340,Sporting Goods,B,Flight,Hyderabad-Pune,1,4,3169.25,7,27.6,5598,3,8,0,2023-08-09
SHIP01370,CUST9593,Home & Garden,C,Road,Delhi-Mumbai,1,2,1589.63,8,0.3,5323,5,8,0,2023-04-18
SHIP01371,CUST6613,Home & Garden,B,Flight,Bangalore-Chennai,5,5,768.83,0,13.8,6284,10,15,0,2023-04-10
SHIP01372,CUST1874,Electronics,C,Flight,Bangalore-Chennai,6,1,3067.84,0,33.0,5624,8,11,0,2023-03-05
SHIP01373,CUST5681,Sporting Goods,B,Ship,Bangalore-Chennai,4,3,2956.21,2,26.2,5897,4,9,0,2023-05-29
SHIP01374,CUST7158,Books,C,Road,Bangalore-Chennai,5,5,3755.49,7,5.8,5277,9,14,0,2023-11-16
SHIP01375,CUST6999,Sporting Goods,D,Road,Hyderabad-Pune,2,2,1718.73,1,19.1,5099,7,7,1,2023-10-02
SHIP01376,CUST4185,Fashion,B,Ship,Delhi-Bangalore,7,2,1542.72,2,50.5,4521,7,10,0,2023-11-13
SHIP01377,CUST1897,Cosmetics,F,Road,Delhi-Mumbai,5,4,859.5,1,29.7,4421,9,12,0,2023-10-14
SHIP01378,CUST3849,Books,B,Flight,Hyderabad-Pune,6,2,2647.97,3,21.2,6427,3,7,0,2023-08-15
SHIP01379,CUST9523,Fashion,F,Ship,Mumbai-Chennai,7,1,4496.53,6,57.7,1965,8,12,0,2023-05-05
SHIP01380,CUST8113,Home & Garden,A,Road,Delhi-Bangalore,4,5,3839.22,8,44.0,4556,5,9,0,2023-10-17
SHIP01381,CUST7265,Sporting Goods,D,Flight,Kolkata-Delhi,6,1,4624.96,3,1.0,4947,7,6,1,2023-10-09
SHIP01382,CUST3387,Fashion,F,Flight,Hyderabad-Pune,3,1,1334.46,3,50.5,4265,9,8,1,2023-12-11
SHIP01383,CUST6091,Sporting Goods,C,Road,Delhi-Mumbai,7,1,4179.4,2,31.1,2832,5,5,1,2023-10-28
SHIP01384,CUST9419,Cosmetics,F,Flight,Kolkata-Delhi,1,1,672.24,6,32.8,1614,3,2,1,2023-12-08
SHIP01385,CUST6486,Electronics,A,Ship,Kolkata-Delhi,5,1,3099.13,4,5.2,6159,4,8,0,2023-04-09
SHIP01386,CUST1890,Cosmetics,D,Ship,Bangalore-Chennai,5,2,4372.02,7,41.7,6136,4,9,0,2023-06-14
SHIP01387,CUST4612,Books,C,Flight,Delhi-Mumbai,4,4,2269.21,4,25.4,1476,5,4,1,2023-07-08
SHIP01388,CUST7744,Books,B,Road,Delhi-Bangalore,3,1,2821.78,1,48.5,5031,10,10,1,2023-07-26
SHIP01389,CUST3637,Sporting Goods,F,Ship,Mumbai-Chennai,1,4,4689.21,8,17.1,2599,10,12,0,2023-01-25
SHIP01390,CUST4802,Electronics,B,Flight,Mumbai-Chennai,6,2,1092.83,6,7.1,5462,6,6,1,2023-08-21
SHIP01391,CUST4357,Fashion,A,Ship,Hyderabad-Pune,2,1,1961.16,3,48.8,2949,4,6,0,2023-01-06
SHIP01392,CUST9122,Sporting Goods,F,Flight,Kolkata-Delhi,1,2,1169.44,1,57.9,5466,8,8,1,2023-08-28
SHIP01393,CUST1805,Books,B,Road,Mumbai-Chennai,1,2,4334.2,4,33.2,1774,7,8,0,2023-05-16
SHIP01394,CUST1866,Fashion,D,Ship,Bangalore-Chennai,3,1,2051.96,8,7.0,2161,9,10,0,2023-05-26
SHIP01395,CUST9411,Fashion,B,Ship,Delhi-Mumbai,7,2,3231.41,7,58.1,5825,10,14,0,2023-09-13
SHIP01396,CUST4168,Home & Garden,F,Flight,Delhi-Bangalore,5,5,1766.67,7,51.0,6626,5,4,1,2023-11-18
SHIP01397,CUST4795,Sporting Goods,B,Ship,Hyderabad-Pune,2,5,3439.51,5,26.5,3772,10,10,1,2023-08-07
SHIP01398,CUST1375,Cosmetics,F,Road,Bangalore-Chennai,6,4,2073.63,1,29.5,6735,6,9,0,2023-08-19
SHIP01399,CUST4865,Cosmetics,F,Ship,Delhi-Mumbai,3,1,1942.97,2,5.5,2400,3,5,0,2023-09-12
SHIP01400,CUST6722,Home & Garden,B,Ship,Kolkata-Delhi,6,3,172.68,5,35.0,4664,5,5,1,2023-11-19
SHIP01401,CUST7634,Sporting Goods,B,Road,Delhi-Mumbai,5,2,456.49,2,21.3,4259,4,8,0,2023-05-16
SHIP01402,CUST1646,Sporting Goods,F,Road,Bangalore-Chennai,3,2,2206.81,8,18.8,5478,10,15,0,2023-11-01
SHIP01403,CUST1619,Home & Garden,A,Road,Bangalore-Chennai,6,2,3345.34,8,28.2,6891,3,3,1,2023-03-06
SHIP01404,CUST3129,Home & Garden,F,Flight,Bangalore-Chennai,5,5,2812.35,1,42.1,3322,7,10,0,2023-05-30
SHIP01405,CUST9940,Sporting Goods,D,Ship,Bangalore-Chennai,6,4,549.16,2,15.3,5456,8,10,0,2023-11-17
SHIP01406,CUST8825,Fashion,F,Road,Delhi-Bangalore,1,5,2314.83,6,50.7,6030,9,11,0,2023-07-19
SHIP01407,CUST8559,Cosmetics,F,Road,Kolkata-Delhi,4,5,834.59,6,32.9,6886,4,8,0,2023-11-18
SHIP01408,CUST6244,Sporting Goods,F,Ship,Kolkata-Delhi,6,1,3973.59,8,20.7,5295,5,10,0,2023-03-08
SHIP01409,CUST4051,Books,B,Flight,Delhi-Mumbai,6,3,4426.8,5,49.1,4196,3,5,0,2023-11-26
SHIP01410,CUST6437,Books,D,Road,Delhi-Mumbai,1,1,922.81,8,11.4,3806,9,13,0,2023-11-14
SHIP01411,CUST3990,Sporting Goods,D,Flight,Hyderabad-Pune,4,2,787.74,4,12.1,3020,8,9,0,2023-05-09
SHIP01412,CUST5411,Cosmetics,B,Ship,Hyderabad-Pune,5,1,1766.91,2,16.9,6607,5,9,0,2023-09-30
SHIP01413,CUST6535,Books,D,Ship,Mumbai-Chennai,4,2,4846.28,2,26.2,5826,8,8,1,2023-09-30
SHIP01414,CUST4641,Home & Garden,F,Road,Bangalore-Chennai,3,1,1195.41,8,6.9,6821,6,11,0,2023-12-22
SHIP01415,CUST1420,Books,D,Road,Mumbai-Chennai,4,5,1689.44,5,49.1,6571,9,10,0,2023-07-07
SHIP01416,CUST4673,Electronics,B,Flight,Bangalore-Chennai,5,1,4400.98,8,53.6,1610,7,12,0,2023-05-14
SHIP01417,CUST8933,Fashion,A,Ship,Hyderabad-Pune,7,3,2951.69,4,51.6,1704,4,6,0,2023-11-03
SHIP01418,CUST6039,Electronics,C,Flight,Kolkata-Delhi,1,3,4155.24,3,7.0,6971,8,8,1,2023-07-21
SHIP01419,CUST4513,Cosmetics,D,Road,Hyderabad-Pune,1,2,4014.14,7,55.4,1375,5,6,0,2023-11-14
SHIP01420,CUST3452,Books,A,Flight,Delhi-Mumbai,1,3,968.89,6,40.0,1999,3,6,0,2023-05-17
SHIP01421,CUST3156,Cosmetics,A,Flight,Mumbai-Chennai,2,2,4239.04,8,36.3,3853,10,13,0,2023-01-31
SHIP01422,CUST6421,Sporting Goods,D,Flight,Delhi-Mumbai,3,5,2581.55,7,35.0,3289,9,9,1,2023-03-12
SHIP01423,CUST3264,Cosmetics,C,Road,Mumbai-Chennai,6,3,2752.61,5,47.6,4456,7,12,0,2023-03-27
SHIP01424,CUST5719,Fashion,F,Ship,Mumbai-Chennai,5,1,4841.41,6,64.1,1208,8,13,0,2023-06-12
SHIP01425,CUST1645,Electronics,B,Flight,Mumbai-Chennai,6,2,2973.02,3,4.7,2936,5,10,0,2023-01-04
SHIP01426,CUST6340,Home & Garden,A,Ship,Delhi-Mumbai,3,3,2454.59,8,13.3,6185,5,9,0,2023-03-01
SHIP01427,CUST2644,Home & Garden,C,Flight,Hyderabad-Pune,5,5,1977.03,7,9.4,6655,9,12,0,2023-04-04
SHIP01428,CUST8226,Books,C,Road,Kolkata-Delhi,2,1,735.71,8,64.0,6764,6,8,0,2023-08-18
SHIP01429,CUST4426,Electronics,F,Ship,Delhi-Bangalore,6,5,4057.87,1,47.9,2559,5,6,0,2023-05-28
SHIP01430,CUST3346,Books,A,Road,Mumbai-Chennai,5,1,389.02,0,57.6,5256,4,4,1,2023-04-13
SHIP01431,CUST9020,Fashion,B,Road,Hyderabad-Pune,4,3,218.7,2,49.9,4309,6,8,0,2023-05-15
SHIP01432,CUST3899,Fashion,C,Flight,Kolkata-Delhi,3,3,3759.45,5,36.5,3176,4,8,0,2023-08-22
SHIP01433,CUST3535,Sporting Goods,A,Flight,Delhi-Bangalore,5,1,2603.55,7,24.9,6387,10,10,1,2023-07-14
SHIP01434,CUST7430,Electronics,F,Ship,Bangalore-Chennai,4,1,3262.56,2,4.1,6631,6,10,0,2023-02-22
SHIP01435,CUST4559,Sporting Goods,F,Ship,Delhi-Mumbai,3,2,945.46,3,48.2,2402,6,6,1,2023-08-15
SHIP01436,CUST6356,Books,F,Ship,Bangalore-Chennai,3,2,2810.37,2,15.4,2364,4,8,0,2023-08-07
SHIP01437,CUST5006,Sporting Goods,F,Ship,Mumbai-Chennai,5,3,1407.21,1,31.8,6280,8,12,0,2023-07-06
SHIP01438,CUST4585,Fashion,D,Flight,Delhi-Bangalore,1,5,1729.86,4,37.5,5080,10,14,0,2023-09-10
SHIP01439,CUST8189,Electronics,B,Road,Delhi-Bangalore,4,1,894.24,5,16.0,5881,4,4,1,2023-08-17
SHIP01440,CUST9154,Books,A,Ship,Kolkata-Delhi,6,3,777.55,8,61.5,5251,10,15,0,2023-09-27
SHIP01441,CUST1460,Books,A,Ship,Mumbai-Chennai,4,1,2785.1,2,2.4,1364,6,6,1,2023-03-18
SHIP01442,CUST9010,Sporting Goods,D,Road,Hyderabad-Pune,5,5,2248.01,3,45.1,6914,7,12,0,2023-10-11
SHIP01443,CUST6855,Fashion,B,Road,Hyderabad-Pune,4,1,4013.59,0,13.1,3278,8,12,0,2023-09-21
SHIP01444,CUST2343,Sporting Goods,F,Flight,Delhi-Mumbai,4,1,1799.75,2,62.0,6963,7,7,1,2023-07-18
SHIP01445,CUST3743,Books,F,Road,Mumbai-Chennai,6,1,553.13,3,31.1,6355,4,3,1,2023-03-18
SHIP01446,CUST4216,Electronics,F,Flight,Kolkata-Delhi,1,2,3465.19,7,6.0,1943,6,5,1,2023-11-10
SHIP01447,CUST3472,Books,B,Ship,Delhi-Bangalore,2,1,4346.98,7,26.7,6408,5,7,0,2023-01-25
SHIP01448,CUST2462,Electronics,A,Flight,Kolkata-Delhi,1,2,4575.1,0,7.9,6911,5,4,1,2023-02-28
SHIP01449,CUST6618,Books,F,Flight,Delhi-Bangalore,2,5,3759.19,3,2.4,5684,3,5,0,2023-03-11
SHIP01450,CUST6526,Fashion,F,Ship,Bangalore-Chennai,2,4,3288.07,4,50.5,1848,6,8,0,2023-07-14
SHIP01451,CUST3885,Electronics,A,Flight,Delhi-Mumbai,7,5,3446.9,8,9.1,3761,5,10,0,2023-05-25
SHIP01452,CUST6351,Fashion,B,Road,Mumbai-Chennai,4,2,183.86,3,45.5,4004,3,6,0,2023-12-07
SHIP01453,CUST2081,Books,A,Ship,Bangalore-Chennai,6,5,3021.39,2,50.6,5779,8,12,0,2023-07-14
SHIP01454,CUST2592,Fashion,D,Ship,Delhi-Bangalore,3,2,2176.92,5,35.7,5420,10,15,0,2023-01-09
SHIP01455,CUST3135,Fashion,A,Flight,Delhi-Mumbai,6,2,225.66,7,60.5,4460,8,10,0,2023-06-07
SHIP01456,CUST3653,Cosmetics,B,Road,Kolkata-Delhi,3,1,915.12,0,28.8,6910,4,5,0,2023-11-11
SHIP01457,CUST1366,Cosmetics,B,Ship,Delhi-Bangalore,7,3,2702.13,1,22.3,3138,4,6,0,2023-08-07
SHIP01458,CUST1124,Fashion,C,Ship,Delhi-Bangalore,1,1,182.61,5,59.0,4322,5,10,0,2023-12-17
SHIP01459,CUST8396,Home & Garden,D,Flight,Hyderabad-Pune,1,3,2269.78,5,24.2,4482,10,13,0,2023-11-24
SHIP01460,CUST8857,Electronics,B,Flight,Kolkata-Delhi,4,1,641.75,8,3.9,1970,5,5,1,2023-05-09
SHIP01461,CUST1436,Books,D,Road,Delhi-Bangalore,1,4,2053.33,1,31.8,4471,4,3,1,2023-04-17
SHIP01462,CUST9468,Electronics,C,Flight,Delhi-Mumbai,2,5,249.36,1,63.3,6769,3,6,0,2023-01-07
SHIP01463,CUST4202,Sporting Goods,A,Flight,Kolkata-Delhi,1,2,364.03,3,21.6,1391,3,5,0,2023-02-13
SHIP01464,CUST5514,Cosmetics,C,Ship,Kolkata-Delhi,2,1,3549.92,0,1.1,4564,7,8,0,2023-09-29
SHIP01465,CUST9652,Books,C,Flight,Kolkata-Delhi,6,4,3021.19,7,1.9,1987,5,6,0,2023-09-30
SHIP01466,CUST4282,Sporting Goods,D,Ship,Kolkata-Delhi,3,4,4459.22,6,53.5,1646,3,4,0,2023-04-12
SHIP01467,CUST9595,Fashion,B,Road,Kolkata-Delhi,1,1,382.15,4,26.2,4486,8,11,0,2023-02-02
SHIP01468,CUST1408,Electronics,A,Ship,Kolkata-Delhi,5,4,3366.03,1,59.4,1305,4,5,0,2023-06-19
SHIP01469,CUST5303,Sporting Goods,B,Road,Hyderabad-Pune,1,5,3810.71,4,37.3,3580,3,7,0,2023-12-02
SHIP01470,CUST2077,Home & Garden,B,Ship,Mumbai-Chennai,5,5,2559.0,4,42.0,5898,6,10,0,2023-12-29
SHIP01471,CUST9670,Cosmetics,B,Road,Delhi-Mumbai,2,4,2992.55,1,52.9,4131,10,12,0,2023-11-07
SHIP01472,CUST7258,Electronics,B,Ship,Kolkata-Delhi,3,1,2476.6,4,16.1,2427,7,6,1,2023-07-30
SHIP01473,CUST4455,Books,F,Road,Hyderabad-Pune,5,3,2956.03,1,64.7,4654,8,10,0,2023-04-04
SHIP01474,CUST5327,Fashion,D,Road,Delhi-Bangalore,1,2,2389.62,8,29.9,5428,3,2,1,2023-12-31
SHIP01475,CUST7729,Electronics,B,Road,Bangalore-Chennai,6,1,3191.04,4,6.2,5470,5,4,1,2023-02-15
SHIP01476,CUST9404,Sporting Goods,F,Road,Kolkata-Delhi,2,1,509.15,7,62.6,6987,4,4,1,2023-07-09
SHIP01477,CUST1500,Electronics,F,Flight,Mumbai-Chennai,3,5,777.38,1,29.3,3916,7,11,0,2023-09-18
SHIP01478,CUST9304,Home & Garden,D,Ship,Hyderabad-Pune,2,1,4078.16,4,35.1,4430,6,9,0,2023-08-14
SHIP01479,CUST2535,Fashion,B,Flight,Hyderabad-Pune,1,3,3018.83,1,49.7,6472,10,11,0,2023-08-31
SHIP01480,CUST9186,Books,F,Flight,Delhi-Bangalore,5,4,2842.48,8,9.8,6949,4,4,1,2023-09-19
SHIP01481,CUST8817,Books,A,Flight,Delhi-Mumbai,5,3,1223.75,1,16.8,1724,9,12,0,2023-12-10
SHIP01482,CUST7998,Electronics,D,Road,Bangalore-Chennai,2,2,2488.78,8,36.3,3730,9,8,1,2023-07-01
SHIP01483,CUST8540,Sporting Goods,D,Ship,Mumbai-Chennai,6,1,4435.36,6,45.6,3318,9,10,0,2023-02-24
SHIP01484,CUST5073,Books,C,Road,Kolkata-Delhi,1,3,2319.99,4,9.9,4636,9,11,0,2023-10-07
SHIP01485,CUST6538,Electronics,D,Ship,Delhi-Bangalore,3,5,3824.24,6,17.9,5478,3,3,1,2023-10-15
SHIP01486,CUST4637,Home & Garden,F,Flight,Hyderabad-Pune,6,5,1216.97,0,57.2,2126,5,4,1,2023-09-15
SHIP01487,CUST3479,Sporting Goods,D,Road,Hyderabad-Pune,1,4,208.07,1,5.8,1605,7,9,0,2023-09-03
SHIP01488,CUST5067,Home & Garden,F,Road,Delhi-Bangalore,7,2,3602.2,1,15.1,4892,6,11,0,2023-02-27
SHIP01489,CUST4056,Fashion,A,Flight,Mumbai-Chennai,5,5,562.54,5,50.7,6737,9,8,1,2023-06-24
SHIP01490,CUST5561,Home & Garden,D,Ship,Mumbai-Chennai,1,5,577.07,5,42.3,2583,3,3,1,2023-07-04
SHIP01491,CUST7822,Cosmetics,A,Flight,Bangalore-Chennai,4,1,3884.76,2,45.5,5870,7,8,0,2023-01-15
SHIP01492,CUST1046,Cosmetics,D,Road,Delhi-Bangalore,1,3,490.14,4,26.9,1856,3,6,0,2023-10-05
SHIP01493,CUST4026,Cosmetics,D,Flight,Hyderabad-Pune,4,5,3349.52,3,45.4,5765,6,11,0,2023-06-17
SHIP01494,CUST8214,Home & Garden,F,Flight,Hyderabad-Pune,3,1,1703.9,4,63.6,6405,9,13,0,2023-11-13
SHIP01495,CUST3208,Books,F,Road,Delhi-Bangalore,1,4,4973.95,3,45.3,4125,3,2,1,2023-03-05
SHIP01496,CUST2153,Cosmetics,A,Flight,Bangalore-Chennai,6,1,1212.64,8,48.9,5548,3,4,0,2023-02-28
SHIP01497,CUST6150,Fashion,D,Road,Bangalore-Chennai,2,1,2621.87,4,21.3,5911,9,9,1,2023-08-04
SHIP01498,CUST1125,Electronics,A,Road,Bangalore-Chennai,6,5,1575.55,2,19.4,5754,3,5,0,2023-09-06
SHIP01499,CUST5805,Cosmetics,D,Road,Mumbai-Chennai,7,5,3105.61,6,32.3,1409,7,7,1,2023-01-25
SHIP01500,CUST5294,Fashion,A,Flight,Mumbai-Chennai,4,3,2501.14,7,22.1,1239,8,13,0,2023-08-12
SHIP01501,CUST6225,Fashion,B,Road,Hyderabad-Pune,1,4,741.19,5,16.8,4313,10,15,0,2023-06-07
SHIP01502,CUST4019,Cosmetics,C,Road,Mumbai-Chennai,1,1,2042.8,5,39.2,3842,9,14,0,2023-03-08
SHIP01503,CUST7971,Fashion,B,Ship,Delhi-Bangalore,2,3,987.12,7,27.8,4918,6,5,1,2023-01-05
SHIP01504,CUST3200,Home & Garden,F,Ship,Kolkata-Delhi,1,1,487.42,4,46.1,1818,10,11,0,2023-07-25
SHIP01505,CUST5115,Sporting Goods,F,Road,Kolkata-Delhi,1,1,3826.42,8,1.0,4887,4,5,0,2023-09-15
SHIP01506,CUST9102,Sporting Goods,B,Ship,Delhi-Mumbai,2,5,3018.07,5,28.9,1111,9,11,0,2023-12-31
SHIP01507,CUST7693,Home & Garden,B,Road,Kolkata-Delhi,1,2,3679.19,2,3.5,5331,7,9,0,2023-03-11
SHIP01508,CUST6605,Fashion,D,Flight,Bangalore-Chennai,5,4,4345.35,8,3.1,5539,7,7,1,2023-09-03
SHIP01509,CUST3765,Home & Garden,C,Road,Delhi-Bangalore,3,2,704.69,8,45.2,2905,8,13,0,2023-11-22
SHIP01510,CUST5396,Electronics,A,Road,Kolkata-Delhi,3,3,3298.82,4,42.4,3773,8,9,0,2023-07-05
SHIP01511,CUST2256,Electronics,B,Ship,Delhi-Bangalore,6,4,1498.78,8,40.0,6988,5,10,0,2023-04-11
SHIP01512,CUST2390,Cosmetics,D,Flight,Delhi-Bangalore,2,3,3260.82,2,31.8,1251,10,14,0,2023-11-14
SHIP01513,CUST9829,Cosmetics,B,Ship,Kolkata-Delhi,3,1,3309.77,0,52.1,1551,6,11,0,2023-10-12
SHIP01514,CUST5176,Home & Garden,B,Ship,Kolkata-Delhi,5,2,1692.5,8,32.7,2186,9,9,1,2023-01-22
SHIP01515,CUST6423,Fashion,C,Ship,Delhi-Mumbai,7,1,2622.04,6,28.6,5138,7,10,0,2023-04-28
SHIP01516,CUST7962,Home & Garden,B,Flight,Mumbai-Chennai,3,3,1382.1,6,3.5,5355,7,10,0,2023-02-04
SHIP01517,CUST6924,Books,A,Flight,Hyderabad-Pune,5,2,2306.65,8,7.0,6257,6,11,0,2023-10-01
SHIP01518,CUST3020,Fashion,F,Flight,Hyderabad-Pune,5,3,4383.25,6,52.3,5652,8,8,1,2023-11-26
SHIP01519,CUST9429,Fashion,F,Ship,Mumbai-Chennai,3,4,2936.0,2,54.4,1857,9,12,0,2023-09-28
SHIP01520,CUST3253,Home & Garden,D,Ship,Delhi-Mumbai,7,1,4323.05,8,48.6,4123,7,12,0,2023-08-19
SHIP01521,CUST3165,Fashion,F,Road,Delhi-Bangalore,5,4,897.4,3,15.5,1845,7,7,1,2023-05-18
SHIP01522,CUST9191,Electronics,D,Ship,Hyderabad-Pune,2,2,2633.7,8,60.1,6830,5,4,1,2023-11-27
SHIP01523,CUST2984,Electronics,A,Ship,Delhi-Bangalore,2,2,4455.92,0,4.1,5276,6,6,1,2023-03-16
SHIP01524,CUST7216,Electronics,A,Ship,Hyderabad-Pune,7,5,3390.22,8,59.8,6543,9,11,0,2023-08-11
SHIP01525,CUST2993,Electronics,F,Ship,Mumbai-Chennai,2,3,1980.21,1,18.8,6935,10,14,0,2023-07-17
SHIP01526,CUST6231,Books,B,Road,Delhi-Mumbai,5,5,3800.07,7,18.0,5508,6,9,0,2023-05-29
SHIP01527,CUST6068,Cosmetics,F,Flight,Bangalore-Chennai,7,1,270.86,3,47.7,1138,5,5,1,2023-06-11
SHIP01528,CUST3988,Electronics,C,Flight,Mumbai-Chennai,6,5,1958.03,1,21.5,6644,10,15,0,2023-07-26
SHIP01529,CUST7388,Cosmetics,C,Ship,Delhi-Mumbai,1,4,4589.09,4,56.4,6807,3,5,0,2023-08-10
SHIP01530,CUST5623,Electronics,D,Road,Mumbai-Chennai,1,4,3109.18,4,50.2,4845,4,8,0,2023-04-26
SHIP01531,CUST1246,Home & Garden,F,Ship,Kolkata-Delhi,4,5,1091.28,8,9.2,5376,3,6,0,2023-11-11
SHIP01532,CUST8522,Electronics,F,Ship,Hyderabad-Pune,4,5,2821.56,1,30.7,6587,9,9,1,2023-07-18
SHIP01533,CUST2190,Home & Garden,A,Flight,Hyderabad-Pune,4,2,1878.8,1,37.0,4088,10,15,0,2023-11-11
SHIP01534,CUST4878,Fashion,A,Ship,Delhi-Bangalore,4,3,2327.31,8,37.5,2530,3,7,0,2023-11-01
SHIP01535,CUST2288,Sporting Goods,A,Road,Mumbai-Chennai,2,1,3941.43,5,21.8,3575,9,8,1,2023-06-04
SHIP01536,CUST8486,Home & Garden,A,Road,Bangalore-Chennai,2,4,1554.31,2,51.0,1791,4,6,0,2023-09-07
SHIP01537,CUST7599,Fashion,D,Flight,Delhi-Bangalore,2,2,3055.48,7,21.7,5813,5,6,0,2023-02-17
SHIP01538,CUST5330,Books,C,Flight,Delhi-Bangalore,1,5,1798.4,4,24.2,1371,4,6,0,2023-01-28
SHIP01539,CUST3071,Electronics,F,Ship,Delhi-Bangalore,7,3,2535.03,0,46.2,1147,8,10,0,2023-09-16
SHIP01540,CUST7542,Fashion,C,Flight,Mumbai-Chennai,1,4,941.22,2,18.1,4850,3,2,1,2023-11-20
SHIP01541,CUST6375,Books,C,Ship,Delhi-Mumbai,1,4,2648.84,8,11.9,6643,5,8,0,2023-03-25
SHIP01542,CUST4938,Electronics,B,Flight,Delhi-Mumbai,4,5,4628.56,5,0.4,1539,7,11,0,2023-08-20
SHIP01543,CUST1966,Electronics,A,Road,Mumbai-Chennai,1,5,972.2,7,57.6,1894,3,8,0,2023-06-29
SHIP01544,CUST8002,Electronics,A,Road,Mumbai-Chennai,2,4,360.88,2,13.0,1268,4,5,0,2023-04-06
SHIP01545,CUST6143,Books,A,Ship,Kolkata-Delhi,3,1,4398.56,4,36.5,3680,10,9,1,2023-08-09
SHIP01546,CUST3307,Sporting Goods,F,Flight,Kolkata-Delhi,5,5,2908.11,6,22.4,5875,7,7,1,2023-11-27
SHIP01547,CUST2893,Cosmetics,A,Road,Bangalore-Chennai,5,2,4889.28,3,52.3,5410,7,8,0,2023-08-30
SHIP01548,CUST1581,Home & Garden,C,Ship,Delhi-Bangalore,3,5,3353.54,6,14.4,2500,4,4,1,2023-02-06
SHIP01549,CUST4495,Books,C,Flight,Mumbai-Chennai,5,2,1753.24,2,27.3,1495,4,6,0,2023-06-01
SHIP01550,CUST9940,Cosmetics,A,Road,Kolkata-Delhi,4,2,2982.6,3,64.3,3059,9,14,0,2023-05-20
SHIP01551,CUST4198,Sporting Goods,C,Ship,Mumbai-Chennai,7,2,1974.86,4,26.4,2129,7,10,0,2023-09-15
SHIP01552,CUST1869,Cosmetics,D,Flight,Bangalore-Chennai,1,4,1864.52,5,22.9,3983,3,4,0,2023-06-21
SHIP01553,CUST3994,Books,A,Road,Delhi-Mumbai,5,3,4521.34,5,7.0,5041,9,9,1,2023-04-16
SHIP01554,CUST2666,Fashion,A,Ship,Delhi-Mumbai,4,5,4712.88,1,39.1,6625,7,11,0,2023-01-15
SHIP01555,CUST5832,Books,D,Road,Kolkata-Delhi,1,2,924.13,0,26.4,6087,3,3,1,2023-06-18
SHIP01556,CUST5391,Books,A,Road,Delhi-Bangalore,1,1,3367.62,2,28.5,3570,8,8,1,2023-06-11
SHIP01557,CUST1173,Fashion,D,Road,Delhi-Mumbai,1,3,643.87,3,56.1,2499,8,13,0,2023-01-31
SHIP01558,CUST5253,Cosmetics,F,Flight,Delhi-Mumbai,4,3,314.75,7,6.5,4628,8,13,0,2023-12-02
SHIP01559,CUST8597,Sporting Goods,F,Ship,Mumbai-Chennai,6,5,3402.95,0,59.4,6459,6,11,0,2023-03-08
SHIP01560,CUST7433,Home & Garden,F,Ship,Mumbai-Chennai,7,1,1095.99,1,0.2,3852,4,3,1,2023-01-05
SHIP01561,CUST8019,Electronics,F,Road,Bangalore-Chennai,7,3,415.61,8,19.5,6025,5,4,1,2023-04-20
SHIP01562,CUST6518,Sporting Goods,F,Ship,Hyderabad-Pune,3,3,3823.83,3,59.1,6619,4,4,1,2023-12-01
SHIP01563,CUST6920,Cosmetics,A,Ship,Delhi-Mumbai,4,4,2890.03,0,41.9,4258,8,8,1,2023-01-24
SHIP01564,CUST1963,Electronics,F,Flight,Bangalore-Chennai,4,4,1387.56,3,64.7,5103,9,14,0,2023-10-08
SHIP01565,CUST3053,Books,B,Road,Delhi-Bangalore,5,3,1603.11,5,56.0,1168,7,11,0,2023-12-15
SHIP01566,CUST8511,Cosmetics,B,Flight,Mumbai-Chennai,1,2,887.33,5,53.8,1597,3,5,0,2023-09-09
SHIP01567,CUST6129,Home & Garden,B,Flight,Delhi-Bangalore,3,1,2350.95,4,11.9,1500,10,10,1,2023-07-14
SHIP01568,CUST3448,Fashion,B,Flight,Mumbai-Chennai,7,1,441.75,0,37.1,6268,5,9,0,2023-10-21
SHIP01569,CUST1760,Home & Garden,B,Ship,Bangalore-Chennai,7,5,2823.35,6,33.2,2990,9,14,0,2023-12-13
SHIP01570,CUST2448,Cosmetics,D,Flight,Delhi-Bangalore,7,2,3119.7,0,18.3,6556,3,3,1,2023-03-01
SHIP01571,CUST9897,Cosmetics,C,Road,Delhi-Bangalore,1,2,3007.75,6,20.3,4237,8,10,0,2023-06-21
SHIP01572,CUST7866,Books,B,Ship,Bangalore-Chennai,2,4,1913.22,8,12.1,3095,3,3,1,2023-05-04
SHIP01573,CUST3065,Electronics,D,Ship,Delhi-Mumbai,7,3,4225.08,3,46.4,5511,10,12,0,2023-01-13
SHIP01574,CUST8068,Books,B,Ship,Bangalore-Chennai,7,5,3655.23,2,4.4,5296,3,3,1,2023-04-07
SHIP01575,CUST9009,Books,A,Road,Mumbai-Chennai,5,1,2225.3,1,32.7,2732,4,7,0,2023-10-21
SHIP01576,CUST2336,Books,F,Flight,Hyderabad-Pune,6,4,3482.31,7,10.9,6658,8,9,0,2023-10-09
SHIP01577,CUST9466,Electronics,A,Flight,Delhi-Bangalore,4,5,3851.38,3,4.4,4075,4,6,0,2023-10-12
SHIP01578,CUST8857,Fashion,F,Flight,Mumbai-Chennai,3,1,3321.05,8,9.0,6917,5,8,0,2023-10-25
SHIP01579,CUST1884,Fashion,F,Ship,Hyderabad-Pune,3,5,724.56,3,8.8,2273,10,10,1,2023-01-01
SHIP01580,CUST5545,Home & Garden,D,Flight,Bangalore-Chennai,2,2,4630.32,8,48.6,1540,3,4,0,2023-02-15
SHIP01581,CUST4215,Books,A,Road,Delhi-Bangalore,6,1,725.15,3,63.6,3269,9,10,0,2023-10-23
SHIP01582,CUST3139,Books,D,Flight,Mumbai-Chennai,7,2,3507.72,1,15.8,6880,5,5,1,2023-03-09
SHIP01583,CUST9246,Electronics,D,Flight,Delhi-Mumbai,4,3,2039.78,0,44.3,1470,6,5,1,2023-03-08
SHIP01584,CUST4781,Cosmetics,D,Flight,Mumbai-Chennai,4,5,570.17,8,14.6,1581,8,12,0,2023-11-01
SHIP01585,CUST2468,Cosmetics,A,Flight,Mumbai-Chennai,4,5,300.3,2,37.8,5349,3,7,0,2023-03-24
SHIP01586,CUST5319,Fashion,F,Flight,Delhi-Mumbai,5,4,2020.22,2,36.9,2663,6,5,1,2023-01-15
SHIP01587,CUST1229,Sporting Goods,A,Flight,Kolkata-Delhi,5,3,4847.31,6,54.7,4221,4,6,0,2023-09-07
SHIP01588,CUST7277,Fashion,D,Ship,Delhi-Mumbai,5,5,4040.49,5,23.5,3483,10,15,0,2023-01-21
SHIP01589,CUST5923,Books,A,Flight,Kolkata-Delhi,4,2,3455.8,3,46.6,5649,7,12,0,2023-05-11
SHIP01590,CUST5952,Books,F,Flight,Delhi-Bangalore,4,2,734.43,2,25.0,4554,9,10,0,2023-01-05
SHIP01591,CUST3406,Home & Garden,B,Flight,Bangalore-Chennai,2,3,4710.11,8,45.2,3183,4,3,1,2023-06-01
SHIP01592,CUST9432,Sporting Goods,A,Road,Bangalore-Chennai,4,5,4756.82,1,48.1,4338,5,4,1,2023-12-14
SHIP01593,CUST6097,Books,A,Road,Hyderabad-Pune,5,4,1391.98,3,36.4,2961,5,9,0,2023-05-03
SHIP01594,CUST8551,Fashion,C,Road,Delhi-Mumbai,3,5,1255.67,3,16.9,2657,5,9,0,2023-05-25
SHIP01595,CUST4946,Electronics,A,Road,Mumbai-Chennai,7,5,2547.59,0,24.3,6888,3,8,0,2023-12-20
SHIP01596,CUST7396,Books,F,Road,Mumbai-Chennai,4,3,4000.72,6,38.1,6902,7,8,0,2023-08-28
SHIP01597,CUST6496,Fashion,C,Ship,Kolkata-Delhi,3,5,2413.72,4,25.5,6964,7,11,0,2023-11-22
SHIP01598,CUST8059,Fashion,C,Ship,Delhi-Mumbai,2,3,1499.2,0,34.8,1064,9,14,0,2023-02-02
SHIP01599,CUST6019,Sporting Goods,A,Flight,Delhi-Bangalore,7,4,3020.13,5,51.1,4040,8,13,0,2023-11-13
SHIP01600,CUST8318,Fashion,A,Ship,Delhi-Mumbai,4,3,769.87,5,50.5,5821,9,11,0,2023-06-04
SHIP01601,CUST7304,Electronics,C,Ship,Bangalore-Chennai,3,5,2959.25,3,51.5,2289,4,5,0,2023-04-03
SHIP01602,CUST5931,Home & Garden,C,Ship,Bangalore-Chennai,7,1,2318.75,6,14.3,4751,9,14,0,2023-03-01
SHIP01603,CUST1296,Electronics,F,Road,Bangalore-Chennai,6,1,2528.84,8,53.4,2368,6,5,1,2023-12-15
SHIP01604,CUST7035,Books,F,Flight,Delhi-Mumbai,5,3,1659.84,3,23.6,6389,5,4,1,2023-02-10
SHIP01605,CUST8093,Sporting Goods,D,Flight,Mumbai-Chennai,7,4,338.19,7,12.6,2340,7,11,0,2023-04-01
SHIP01606,CUST7732,Home & Garden,B,Ship,Kolkata-Delhi,4,4,747.08,6,26.0,3653,3,7,0,2023-09-28
SHIP01607,CUST8668,Electronics,A,Flight,Delhi-Mumbai,6,1,4632.5,5,53.0,4598,9,9,1,2023-04-10
SHIP01608,CUST6332,Books,F,Road,Delhi-Mumbai,1,1,4611.8,7,55.7,2459,4,3,1,2023-07-08
SHIP01609,CUST4052,Home & Garden,D,Road,Delhi-Bangalore,1,4,229.7,4,14.7,5699,5,4,1,2023-06-08
SHIP01610,CUST7520,Sporting Goods,A,Flight,Delhi-Bangalore,1,2,695.95,6,40.5,3875,4,9,0,2023-04-22
SHIP01611,CUST3883,Books,A,Road,Bangalore-Chennai,2,5,3658.65,7,51.0,3817,5,8,0,2023-07-20
SHIP01612,CUST6771,Books,B,Ship,Delhi-Bangalore,2,2,3235.69,7,14.7,6045,5,9,0,2023-07-11
SHIP01613,CUST3855,Electronics,C,Flight,Kolkata-Delhi,6,2,3931.11,3,8.4,4467,6,9,0,2023-11-05
SHIP01614,CUST6734,Electronics,D,Flight,Delhi-Mumbai,1,5,4883.0,0,33.2,4187,9,8,1,2023-09-17
SHIP01615,CUST9284,Fashion,B,Flight,Delhi-Mumbai,1,1,2507.82,2,25.8,3901,10,15,0,2023-03-03
SHIP01616,CUST3996,Books,A,Flight,Bangalore-Chennai,7,4,4622.91,4,34.7,3115,6,9,0,2023-12-14
SHIP01617,CUST6313,Cosmetics,C,Ship,Delhi-Bangalore,2,2,4912.55,2,9.2,2322,9,11,0,2023-04-13
SHIP01618,CUST5784,Home & Garden,B,Flight,Hyderabad-Pune,6,5,855.99,2,11.6,3897,3,7,0,2023-02-24
SHIP01619,CUST3998,Sporting Goods,C,Ship,Mumbai-Chennai,6,1,4511.07,3,54.2,6205,9,8,1,2023-07-13
SHIP01620,CUST2092,Books,A,Road,Delhi-Mumbai,3,4,3450.0,7,17.9,2935,10,15,0,2023-05-06
SHIP01621,CUST6165,Fashion,F,Flight,Delhi-Mumbai,6,5,1687.4,0,57.8,1587,3,5,0,2023-12-09
SHIP01622,CUST3859,Cosmetics,A,Road,Mumbai-Chennai,6,4,1223.27,7,42.7,4163,6,11,0,2023-07-17
SHIP01623,CUST8801,Electronics,C,Flight,Mumbai-Chennai,5,1,4016.48,1,23.9,4507,4,5,0,2023-05-22
SHIP01624,CUST6606,Home & Garden,D,Flight,Delhi-Mumbai,5,1,2923.54,6,38.5,2732,7,6,1,2023-02-09
SHIP01625,CUST9137,Home & Garden,B,Ship,Kolkata-Delhi,7,1,4074.9,0,16.5,4560,8,10,0,2023-10-08
SHIP01626,CUST2165,Sporting Goods,D,Ship,Delhi-Bangalore,6,1,833.39,1,61.2,5682,5,9,0,2023-01-08
SHIP01627,CUST7611,Cosmetics,F,Road,Bangalore-Chennai,4,4,278.04,8,30.8,1607,6,11,0,2023-08-09
SHIP01628,CUST8927,Fashion,A,Road,Delhi-Bangalore,2,4,3294.97,0,29.9,3778,5,7,0,2023-09-09
SHIP01629,CUST7887,Home & Garden,B,Road,Delhi-Bangalore,6,5,4510.54,4,13.2,5936,10,14,0,2023-10-06
SHIP01630,CUST6387,Home & Garden,B,Ship,Hyderabad-Pune,6,5,3220.98,2,15.2,2185,4,8,0,2023-07-15
SHIP01631,CUST2134,Home & Garden,A,Flight,Kolkata-Delhi,7,4,1434.21,4,36.6,4736,3,3,1,2023-03-03
SHIP01632,CUST1818,Electronics,B,Flight,Hyderabad-Pune,4,4,1600.23,8,43.2,4565,7,9,0,2023-01-04
SHIP01633,CUST8337,Sporting Goods,D,Flight,Delhi-Mumbai,4,2,1989.72,5,27.7,1276,10,12,0,2023-06-02
SHIP01634,CUST1541,Electronics,D,Ship,Mumbai-Chennai,3,2,2404.27,0,38.3,4163,7,12,0,2023-06-19
SHIP01635,CUST4055,Cosmetics,D,Ship,Delhi-Mumbai,6,5,3285.36,2,37.0,4114,7,10,0,2023-08-07
SHIP01636,CUST1811,Books,C,Road,Kolkata-Delhi,6,1,978.31,5,7.2,5333,6,7,0,2023-04-16
SHIP01637,CUST4381,Cosmetics,C,Ship,Delhi-Mumbai,7,3,3109.0,8,40.3,5584,5,7,0,2023-07-31
SHIP01638,CUST6712,Home & Garden,D,Road,Kolkata-Delhi,2,3,4864.64,4,56.9,3393,8,11,0,2023-07-21
SHIP01639,CUST5217,Electronics,C,Road,Delhi-Mumbai,4,5,4647.21,3,48.9,2986,6,7,0,2023-12-30
SHIP01640,CUST8387,Home & Garden,B,Road,Mumbai-Chennai,4,3,184.16,8,11.1,2839,7,8,0,2023-10-24
SHIP01641,CUST9200,Cosmetics,B,Road,Bangalore-Chennai,4,2,4942.8,8,41.8,5279,3,6,0,2023-06-18
SHIP01642,CUST3583,Electronics,A,Road,Kolkata-Delhi,2,1,3487.23,1,55.9,1355,7,6,1,2023-05-08
SHIP01643,CUST9496,Home & Garden,B,Flight,Bangalore-Chennai,6,4,1915.67,7,52.0,2080,10,11,0,2023-06-04
SHIP01644,CUST1166,Electronics,C,Flight,Hyderabad-Pune,4,3,1969.36,1,9.6,6004,5,4,1,2023-05-06
SHIP01645,CUST1448,Fashion,C,Ship,Delhi-Bangalore,7,1,1099.8,7,21.7,4223,6,9,0,2023-01-28
SHIP01646,CUST7416,Fashion,C,Road,Mumbai-Chennai,6,4,4822.83,8,61.1,1646,8,11,0,2023-12-28
SHIP01647,CUST6906,Sporting Goods,C,Ship,Mumbai-Chennai,6,3,2043.09,3,5.5,2825,6,5,1,2023-05-14
SHIP01648,CUST5859,Fashion,B,Flight,Delhi-Bangalore,6,2,264.08,3,12.7,4747,8,7,1,2023-04-15
SHIP01649,CUST7661,Fashion,A,Ship,Mumbai-Chennai,2,4,3599.61,6,32.8,6678,7,7,1,2023-05-16
SHIP01650,CUST1459,Electronics,F,Road,Mumbai-Chennai,6,2,2888.5,4,24.8,5772,9,14,0,2023-10-04
SHIP01651,CUST2469,Books,D,Flight,Mumbai-Chennai,1,4,1391.13,0,19.6,3609,3,3,1,2023-12-01
SHIP01652,CUST9791,Home & Garden,A,Ship,Delhi-Bangalore,7,5,3086.56,4,27.4,3771,3,3,1,2023-04-27
SHIP01653,CUST3612,Fashion,B,Ship,Hyderabad-Pune,2,5,3986.72,0,8.9,2101,5,7,0,2023-06-22
SHIP01654,CUST2766,Fashion,B,Ship,Delhi-Bangalore,1,2,1066.62,6,30.4,1554,8,10,0,2023-10-21
SHIP01655,CUST8475,Home & Garden,A,Flight,Kolkata-Delhi,2,4,3087.4,5,48.8,3582,4,8,0,2023-08-08
SHIP01656,CUST3843,Home & Garden,C,Ship,Delhi-Mumbai,1,2,4560.15,8,50.0,4994,6,10,0,2023-01-30
SHIP01657,CUST4551,Home & Garden,B,Ship,Delhi-Bangalore,5,3,2346.42,0,5.9,6879,5,5,1,2023-01-15
SHIP01658,CUST3169,Home & Garden,A,Flight,Delhi-Mumbai,4,4,4589.83,4,42.9,5476,5,5,1,2023-12-05
SHIP01659,CUST8803,Books,D,Flight,Mumbai-Chennai,4,1,3149.26,2,60.2,1409,10,14,0,2023-02-22
SHIP01660,CUST9873,Fashion,F,Flight,Delhi-Bangalore,7,4,3181.72,5,32.9,1525,9,10,0,2023-11-24
SHIP01661,CUST1657,Sporting Goods,C,Flight,Kolkata-Delhi,7,5,1480.56,4,59.5,6936,5,5,1,2023-06-12
SHIP01662,CUST5081,Books,B,Flight,Hyderabad-Pune,7,1,3992.7,1,8.4,1704,5,5,1,2023-09-06
SHIP01663,CUST8502,Sporting Goods,A,Ship,Bangalore-Chennai,3,5,2138.05,0,43.5,1605,3,2,1,2023-09-29
SHIP01664,CUST8941,Home & Garden,A,Road,Delhi-Bangalore,5,2,1827.36,4,45.1,2459,10,15,0,2023-01-26
SHIP01665,CUST9093,Electronics,B,Ship,Delhi-Bangalore,4,4,3767.35,3,14.3,4722,8,12,0,2023-02-26
SHIP01666,CUST6909,Home & Garden,B,Ship,Delhi-Mumbai,4,2,1946.73,5,44.5,3135,5,5,1,2023-01-11
SHIP01667,CUST4199,Books,A,Road,Hyderabad-Pune,7,2,1091.55,4,19.1,4627,9,14,0,2023-04-09
SHIP01668,CUST9496,Cosmetics,F,Road,Hyderabad-Pune,3,1,1427.71,0,52.3,1084,3,4,0,2023-09-15
SHIP01669,CUST7185,Sporting Goods,C,Ship,Hyderabad-Pune,7,3,1028.39,7,32.3,6111,8,11,0,2023-12-16
SHIP01670,CUST4427,Fashion,F,Road,Mumbai-Chennai,4,2,1413.24,7,59.9,4884,5,7,0,2023-08-07
SHIP01671,CUST3621,Home & Garden,F,Ship,Delhi-Mumbai,4,1,4440.53,5,35.3,2161,8,13,0,2023-03-29
SHIP01672,CUST7043,Sporting Goods,B,Ship,Hyderabad-Pune,3,1,449.55,6,14.2,2242,5,4,1,2023-12-01
SHIP01673,CUST7590,Fashion,D,Ship,Kolkata-Delhi,6,2,3264.19,2,53.7,6920,8,9,0,2023-12-07
SHIP01674,CUST1700,Cosmetics,D,Ship,Mumbai-Chennai,6,3,3155.16,0,42.0,5515,7,11,0,2023-04-03
SHIP01675,CUST4354,Books,A,Ship,Bangalore-Chennai,5,1,313.69,8,55.4,2838,8,7,1,2023-04-10
SHIP01676,CUST2371,Fashion,B,Ship,Delhi-Bangalore,7,1,1923.35,4,33.2,1922,5,4,1,2023-11-25
SHIP01677,CUST8134,Sporting Goods,D,Road,Kolkata-Delhi,4,3,4478.78,1,49.6,1898,8,11,0,2023-03-20
SHIP01678,CUST9802,Electronics,D,Flight,Mumbai-Chennai,7,2,4202.14,0,2.8,4180,8,9,0,2023-10-12
SHIP01679,CUST9156,Cosmetics,F,Flight,Delhi-Bangalore,7,3,2651.83,6,41.5,3308,5,8,0,2023-09-15
SHIP01680,CUST2945,Sporting Goods,D,Road,Delhi-Bangalore,2,3,3326.67,1,39.7,6856,9,13,0,2023-06-09
SHIP01681,CUST3933,Electronics,B,Ship,Delhi-Mumbai,3,1,322.81,2,39.8,5357,9,14,0,2023-03-16
SHIP01682,CUST5610,Books,D,Road,Hyderabad-Pune,7,1,541.23,7,10.0,4328,6,11,0,2023-02-27
SHIP01683,CUST9631,Electronics,B,Road,Bangalore-Chennai,2,1,3703.24,0,3.7,4538,7,10,0,2023-12-20
SHIP01684,CUST3754,Books,A,Ship,Delhi-Mumbai,3,2,3765.18,8,21.9,5456,9,11,0,2023-01-11
SHIP01685,CUST1063,Home & Garden,A,Flight,Delhi-Bangalore,3,2,4442.85,3,35.7,1015,9,9,1,2023-02-19
SHIP01686,CUST3651,Cosmetics,F,Ship,Bangalore-Chennai,7,5,3859.8,0,3.9,4261,8,11,0,2023-12-19
SHIP01687,CUST8145,Fashion,B,Ship,Hyderabad-Pune,2,5,3086.13,6,43.8,2669,9,9,1,2023-08-23
SHIP01688,CUST7676,Books,A,Road,Mumbai-Chennai,6,1,4428.04,8,59.3,4297,6,11,0,2023-09-05
SHIP01689,CUST2716,Fashion,D,Road,Mumbai-Chennai,7,1,104.02,1,12.3,6438,5,7,0,2023-08-21
SHIP01690,CUST3496,Electronics,F,Road,Bangalore-Chennai,2,3,4498.79,7,47.9,6966,5,5,1,2023-04-26
SHIP01691,CUST6330,Books,A,Flight,Kolkata-Delhi,4,4,565.36,0,27.5,6153,4,7,0,2023-09-02
SHIP01692,CUST3736,Electronics,F,Road,Delhi-Mumbai,7,3,1312.08,1,40.4,4826,8,13,0,2023-10-25
SHIP01693,CUST8547,Sporting Goods,A,Flight,Hyderabad-Pune,4,5,4280.82,3,35.2,3448,10,12,0,2023-03-01
SHIP01694,CUST3919,Books,A,Road,Bangalore-Chennai,2,4,1946.66,6,34.7,2399,8,12,0,2023-09-12
SHIP01695,CUST3266,Home & Garden,D,Ship,Mumbai-Chennai,5,5,3006.57,2,22.3,2831,8,11,0,2023-02-18
SHIP01696,CUST1147,Cosmetics,C,Ship,Hyderabad-Pune,7,5,210.13,4,40.8,2169,7,11,0,2023-08-11
SHIP01697,CUST5989,Electronics,D,Road,Hyderabad-Pune,4,4,205.81,0,36.0,5876,9,11,0,2023-10-30
SHIP01698,CUST9159,Home & Garden,F,Flight,Bangalore-Chennai,5,5,1492.71,4,4.9,5170,10,11,0,2023-12-18
SHIP01699,CUST9258,Home & Garden,A,Flight,Kolkata-Delhi,2,3,4210.59,8,61.3,3812,6,11,0,2023-11-08
SHIP01700,CUST9788,Sporting Goods,A,Flight,Mumbai-Chennai,7,5,2715.15,4,18.9,1080,6,8,0,2023-10-25
SHIP01701,CUST9433,Cosmetics,A,Flight,Delhi-Bangalore,1,1,903.73,2,62.5,1320,5,9,0,2023-11-24
SHIP01702,CUST2002,Electronics,F,Ship,Mumbai-Chennai,5,3,1856.99,1,50.1,1004,9,11,0,2023-05-29
SHIP01703,CUST1674,Home & Garden,D,Flight,Bangalore-Chennai,7,5,2800.22,7,17.0,1868,6,11,0,2023-12-07
SHIP01704,CUST1238,Fashion,D,Flight,Delhi-Mumbai,1,1,1142.98,5,46.8,6560,8,10,0,2023-05-02
SHIP01705,CUST6830,Books,B,Ship,Mumbai-Chennai,4,3,575.75,4,49.9,2569,9,8,1,2023-10-31
SHIP01706,CUST5820,Cosmetics,D,Road,Delhi-Mumbai,5,4,4578.5,0,42.5,5348,10,13,0,2023-12-07
SHIP01707,CUST1572,Electronics,A,Road,Delhi-Bangalore,4,3,4453.92,1,3.1,3223,10,10,1,2023-08-01
SHIP01708,CUST3154,Sporting Goods,F,Ship,Kolkata-Delhi,4,3,3359.8,6,36.3,4283,7,8,0,2023-05-10
SHIP01709,CUST1632,Cosmetics,B,Ship,Delhi-Mumbai,3,3,3095.28,6,56.7,2121,8,8,1,2023-06-04
SHIP01710,CUST4018,Fashion,A,Road,Delhi-Mumbai,3,2,1155.73,4,28.6,1240,8,10,0,2023-04-02
SHIP01711,CUST8870,Cosmetics,C,Road,Mumbai-Chennai,6,3,1924.59,3,39.1,3672,7,9,0,2023-06-07
SHIP01712,CUST9755,Fashion,C,Ship,Kolkata-Delhi,7,1,4850.3,4,21.6,3848,5,4,1,2023-04-29
SHIP01713,CUST1923,Electronics,B,Flight,Delhi-Bangalore,6,2,4737.87,1,60.4,4869,6,5,1,2023-03-27
SHIP01714,CUST3345,Books,D,Flight,Delhi-Bangalore,4,3,2726.75,8,47.5,6058,6,11,0,2023-11-24
SHIP01715,CUST6263,Sporting Goods,C,Ship,Delhi-Bangalore,5,3,934.52,5,9.1,3561,8,11,0,2023-06-14
SHIP01716,CUST9230,Home & Garden,D,Flight,Hyderabad-Pune,1,4,426.14,5,59.6,5334,4,6,0,2023-03-01
SHIP01717,CUST2519,Home & Garden,D,Flight,Mumbai-Chennai,3,4,1228.57,5,41.5,3921,3,4,0,2023-06-07
SHIP01718,CUST9665,Books,C,Ship,Kolkata-Delhi,1,3,2944.85,7,13.0,3370,5,6,0,2023-08-13
SHIP01719,CUST4790,Cosmetics,F,Road,Delhi-Mumbai,2,2,711.58,3,27.4,1562,6,5,1,2023-06-20
SHIP01720,CUST9538,Sporting Goods,B,Flight,Delhi-Mumbai,5,4,2579.54,2,52.8,5561,6,6,1,2023-11-26
SHIP01721,CUST8862,Sporting Goods,D,Ship,Delhi-Mumbai,3,5,2230.5,5,44.5,3567,4,5,0,2023-03-31
SHIP01722,CUST6009,Cosmetics,C,Road,Delhi-Bangalore,3,2,2464.89,8,3.3,5193,5,4,1,2023-08-16
SHIP01723,CUST8837,Fashion,C,Flight,Kolkata-Delhi,4,1,3702.58,7,48.2,2331,4,5,0,2023-08-06
SHIP01724,CUST6085,Fashion,B,Flight,Delhi-Bangalore,5,5,2920.4,6,40.9,4522,9,12,0,2023-02-03
SHIP01725,CUST1475,Books,A,Ship,Delhi-Mumbai,5,5,2815.11,7,14.8,1138,7,8,0,2023-01-27
SHIP01726,CUST6576,Fashion,A,Road,Delhi-Mumbai,5,5,2107.03,8,18.9,3355,6,11,0,2023-12-17
SHIP01727,CUST7387,Home & Garden,F,Road,Mumbai-Chennai,5,5,3648.57,5,28.5,5596,5,9,0,2023-05-31
SHIP01728,CUST6383,Books,F,Flight,Hyderabad-Pune,2,5,3735.3,0,11.6,1585,8,13,0,2023-09-09
SHIP01729,CUST8581,Books,F,Road,Bangalore-Chennai,6,1,4118.01,4,34.4,2536,10,14,0,2023-10-26
SHIP01730,CUST1235,Home & Garden,F,Road,Mumbai-Chennai,3,3,4073.34,4,51.7,2688,10,9,1,2023-08-25
SHIP01731,CUST9570,Cosmetics,F,Ship,Delhi-Mumbai,2,2,3227.16,3,34.3,3799,9,11,0,2023-03-23
SHIP01732,CUST2869,Electronics,F,Ship,Hyderabad-Pune,4,5,490.95,5,37.5,1185,9,14,0,2023-10-02
SHIP01733,CUST8295,Cosmetics,F,Ship,Mumbai-Chennai,3,2,2845.34,6,60.1,5793,5,10,0,2023-02-23
SHIP01734,CUST2465,Books,C,Road,Hyderabad-Pune,5,1,3797.27,7,62.5,1097,6,6,1,2023-07-11
SHIP01735,CUST7464,Electronics,A,Ship,Hyderabad-Pune,2,5,491.12,3,62.3,5363,8,8,1,2023-03-06
SHIP01736,CUST8771,Home & Garden,B,Road,Mumbai-Chennai,3,1,1292.41,6,2.7,1483,5,10,0,2023-10-21
SHIP01737,CUST2655,Sporting Goods,A,Ship,Mumbai-Chennai,3,1,4408.67,4,13.8,4776,8,13,0,2023-10-01
SHIP01738,CUST6623,Books,F,Flight,Delhi-Bangalore,4,4,785.32,7,5.1,6654,6,8,0,2023-02-05
SHIP01739,CUST7569,Sporting Goods,B,Ship,Mumbai-Chennai,2,5,395.73,0,40.7,5460,8,11,0,2023-11-03
SHIP01740,CUST2480,Home & Garden,C,Flight,Bangalore-Chennai,2,1,3288.24,6,53.3,2961,8,13,0,2023-08-09
SHIP01741,CUST6850,Home & Garden,A,Ship,Kolkata-Delhi,3,2,2025.15,0,42.9,5162,10,13,0,2023-04-06
SHIP01742,CUST3977,Cosmetics,A,Ship,Hyderabad-Pune,5,4,4984.17,6,26.6,3810,6,8,0,2023-09-06
SHIP01743,CUST9539,Electronics,D,Flight,Mumbai-Chennai,1,4,475.06,1,40.5,6706,6,7,0,2023-04-01
SHIP01744,CUST4354,Home & Garden,F,Road,Mumbai-Chennai,4,3,309.98,5,62.6,1306,10,11,0,2023-11-21
SHIP01745,CUST9959,Electronics,B,Flight,Delhi-Bangalore,1,3,799.28,6,13.6,2100,6,10,0,2023-10-14
SHIP01746,CUST5246,Books,C,Flight,Delhi-Mumbai,5,5,1226.59,5,51.6,1177,4,5,0,2023-11-21
SHIP01747,CUST7854,Cosmetics,D,Flight,Bangalore-Chennai,7,5,3170.81,0,37.0,2418,9,12,0,2023-01-23
SHIP01748,CUST8443,Home & Garden,C,Flight,Delhi-Mumbai,7,2,4172.67,5,34.9,4716,7,10,0,2023-09-18
SHIP01749,CUST3019,Cosmetics,C,Ship,Delhi-Mumbai,6,4,4049.62,8,64.0,1865,5,10,0,2023-09-09
SHIP01750,CUST1575,Fashion,C,Ship,Hyderabad-Pune,5,5,4515.61,8,32.1,5492,9,14,0,2023-05-19
SHIP01751,CUST6884,Sporting Goods,B,Road,Delhi-Bangalore,2,4,1491.43,7,29.2,3056,10,12,0,2023-11-30
SHIP01752,CUST1204,Sporting Goods,A,Flight,Delhi-Bangalore,5,4,4849.69,2,35.4,4243,4,4,1,2023-01-05
SHIP01753,CUST3733,Electronics,C,Ship,Bangalore-Chennai,7,2,4325.55,3,58.1,6007,5,6,0,2023-05-16
SHIP01754,CUST6834,Cosmetics,D,Ship,Delhi-Mumbai,3,3,424.8,0,46.0,5052,3,7,0,2023-12-01
SHIP01755,CUST4524,Fashion,C,Flight,Delhi-Bangalore,7,5,3251.91,0,40.4,6853,7,6,1,2023-10-17
SHIP01756,CUST3366,Fashion,C,Road,Kolkata-Delhi,1,5,3677.93,8,30.9,4193,7,6,1,2023-11-21
SHIP01757,CUST7666,Fashion,B,Ship,Mumbai-Chennai,1,4,4225.71,2,12.1,1114,7,12,0,2023-10-22
SHIP01758,CUST4505,Fashion,D,Ship,Delhi-Mumbai,5,5,352.93,3,19.9,5307,7,12,0,2023-12-22
SHIP01759,CUST7250,Fashion,A,Flight,Delhi-Mumbai,2,5,2056.85,2,3.6,2240,9,8,1,2023-12-19
SHIP01760,CUST6492,Fashion,D,Flight,Bangalore-Chennai,2,1,2899.08,3,26.6,5454,3,2,1,2023-11-01
SHIP01761,CUST8616,Cosmetics,F,Flight,Delhi-Mumbai,1,1,2525.17,2,21.7,5612,3,2,1,2023-06-23
SHIP01762,CUST4542,Sporting Goods,D,Ship,Delhi-Bangalore,7,1,3306.31,2,10.4,1894,3,2,1,2023-08-25
SHIP01763,CUST1675,Books,F,Flight,Delhi-Mumbai,6,4,2528.51,2,7.8,3079,6,9,0,2023-07-14
SHIP01764,CUST5576,Books,D,Ship,Kolkata-Delhi,1,5,919.2,1,30.8,1051,8,13,0,2023-12-30
SHIP01765,CUST5012,Cosmetics,A,Ship,Delhi-Bangalore,7,3,1536.37,2,11.9,2181,10,11,0,2023-06-06
SHIP01766,CUST1252,Fashion,C,Ship,Delhi-Bangalore,5,3,3801.11,2,62.0,6442,4,8,0,2023-07-23
SHIP01767,CUST5998,Books,D,Flight,Delhi-Bangalore,4,5,210.76,2,27.3,6124,3,6,0,2023-05-20
SHIP01768,CUST4680,Fashion,D,Flight,Delhi-Mumbai,6,4,3053.12,4,46.8,1197,8,9,0,2023-02-18
SHIP01769,CUST6883,Sporting Goods,F,Flight,Delhi-Mumbai,4,1,743.92,1,37.4,1904,5,6,0,2023-06-26
SHIP01770,CUST2489,Fashion,D,Road,Kolkata-Delhi,7,3,3689.28,8,57.5,3091,8,11,0,2023-10-25
SHIP01771,CUST9416,Books,D,Ship,Delhi-Bangalore,4,4,4995.72,0,32.5,3205,10,13,0,2023-08-08
SHIP01772,CUST1387,Sporting Goods,B,Flight,Bangalore-Chennai,5,1,4885.93,1,37.2,5019,7,9,0,2023-05-13
SHIP01773,CUST3140,Electronics,D,Flight,Delhi-Mumbai,1,4,2899.27,8,60.7,2651,7,10,0,2023-10-18
SHIP01774,CUST3094,Fashion,C,Ship,Mumbai-Chennai,5,3,2598.32,4,29.2,1320,9,12,0,2023-11-17
SHIP01775,CUST9647,Cosmetics,C,Flight,Kolkata-Delhi,2,2,3600.64,0,10.9,2363,5,4,1,2023-04-25
SHIP01776,CUST3431,Electronics,C,Flight,Delhi-Mumbai,2,2,109.69,0,1.2,5251,6,10,0,2023-09-09
SHIP01777,CUST7607,Cosmetics,B,Road,Delhi-Mumbai,5,1,116.46,8,37.2,5654,9,9,1,2023-05-30
SHIP01778,CUST2951,Cosmetics,A,Ship,Hyderabad-Pune,7,1,1983.97,2,53.3,2137,4,3,1,2023-05-10
SHIP01779,CUST9715,Sporting Goods,D,Road,Bangalore-Chennai,5,1,2002.2,8,51.7,3759,10,10,1,2023-08-22
SHIP01780,CUST9972,Cosmetics,D,Flight,Kolkata-Delhi,2,1,348.24,8,18.0,2795,7,10,0,2023-02-12
SHIP01781,CUST2585,Books,B,Flight,Delhi-Mumbai,1,5,4423.66,5,6.0,5949,6,8,0,2023-03-02
SHIP01782,CUST6402,Sporting Goods,B,Road,Mumbai-Chennai,2,1,1026.65,4,52.3,6445,8,12,0,2023-05-13
SHIP01783,CUST4333,Home & Garden,B,Flight,Kolkata-Delhi,4,1,2287.74,6,61.3,5974,3,2,1,2023-07-05
SHIP01784,CUST5478,Cosmetics,D,Flight,Delhi-Bangalore,6,1,567.9,8,9.0,6275,7,8,0,2023-10-25
SHIP01785,CUST9832,Electronics,F,Ship,Delhi-Bangalore,6,2,2615.36,4,62.9,2222,3,8,0,2023-03-13
SHIP01786,CUST9697,Home & Garden,F,Ship,Kolkata-Delhi,3,3,4533.69,7,14.8,3936,9,9,1,2023-01-18
SHIP01787,CUST3617,Fashion,C,Flight,Delhi-Mumbai,1,3,527.23,1,64.5,5587,6,8,0,2023-06-09
SHIP01788,CUST6439,Electronics,F,Ship,Bangalore-Chennai,4,1,3178.87,5,22.5,1146,5,8,0,2023-12-26
SHIP01789,CUST2874,Electronics,A,Flight,Hyderabad-Pune,2,2,371.37,6,26.5,1440,7,11,0,2023-07-23
SHIP01790,CUST4969,Sporting Goods,B,Flight,Delhi-Mumbai,1,1,3644.69,2,13.0,2041,4,4,1,2023-10-15
SHIP01791,CUST2467,Fashion,A,Road,Mumbai-Chennai,5,3,156.49,6,28.3,3663,9,8,1,2023-06-29
SHIP01792,CUST6112,Cosmetics,A,Flight,Bangalore-Chennai,2,2,4894.5,6,64.2,6193,6,11,0,2023-05-13
SHIP01793,CUST2754,Sporting Goods,A,Flight,Delhi-Bangalore,1,3,2546.18,3,62.7,3532,7,9,0,2023-01-13
SHIP01794,CUST5251,Fashion,C,Road,Kolkata-Delhi,1,4,4995.95,8,11.0,3603,10,15,0,2023-03-18
SHIP01795,CUST3067,Cosmetics,B,Flight,Kolkata-Delhi,1,5,2020.72,6,45.7,4173,4,8,0,2023-12-14
SHIP01796,CUST3500,Fashion,C,Ship,Hyderabad-Pune,4,4,4276.28,7,33.2,3208,8,12,0,2023-07-24
SHIP01797,CUST2319,Books,B,Road,Delhi-Mumbai,6,2,1871.87,0,26.8,1891,7,9,0,2023-08-28
SHIP01798,CUST8919,Home & Garden,B,Ship,Delhi-Bangalore,3,3,4077.31,4,3.5,6947,7,10,0,2023-10-17
SHIP01799,CUST9973,Fashion,A,Ship,Delhi-Mumbai,3,4,4233.04,5,10.6,3103,9,13,0,2023-07-13
SHIP01800,CUST5528,Home & Garden,A,Ship,Delhi-Mumbai,6,5,2515.98,3,35.5,1657,5,4,1,2023-07-24
SHIP01801,CUST1041,Books,D,Ship,Mumbai-Chennai,2,3,3418.12,4,32.5,5118,5,7,0,2023-05-08
SHIP01802,CUST9654,Sporting Goods,C,Road,Kolkata-Delhi,5,1,4966.05,6,16.9,1149,5,9,0,2023-02-03
SHIP01803,CUST2650,Electronics,B,Ship,Delhi-Bangalore,7,3,1623.91,4,5.3,6949,8,13,0,2023-02-20
SHIP01804,CUST2940,Books,D,Ship,Mumbai-Chennai,5,5,2177.03,3,32.3,1823,5,5,1,2023-01-16
SHIP01805,CUST4319,Fashion,A,Road,Delhi-Bangalore,1,5,2288.94,0,5.2,3261,9,8,1,2023-01-30
SHIP01806,CUST5879,Cosmetics,A,Ship,Delhi-Mumbai,7,4,3762.94,7,49.5,5544,3,2,1,2023-04-18
SHIP01807,CUST7356,Fashion,C,Road,Bangalore-Chennai,5,1,3636.62,4,6.4,6308,9,8,1,2023-02-23
SHIP01808,CUST8645,Sporting Goods,C,Flight,Delhi-Mumbai,6,1,477.5,7,22.1,3766,7,12,0,2023-11-22
SHIP01809,CUST1370,Cosmetics,B,Road,Hyderabad-Pune,6,4,2660.67,0,30.7,4833,5,9,0,2023-03-03
SHIP01810,CUST8666,Electronics,D,Ship,Kolkata-Delhi,1,5,3482.27,1,50.6,4850,3,7,0,2023-04-27
SHIP01811,CUST7294,Home & Garden,D,Flight,Delhi-Mumbai,5,2,2477.31,3,2.6,4434,5,5,1,2023-04-14
SHIP01812,CUST5698,Sporting Goods,A,Road,Bangalore-Chennai,6,5,1895.05,5,30.3,5100,4,3,1,2023-04-04
SHIP01813,CUST5208,Books,C,Ship,Delhi-Bangalore,2,4,4823.64,2,63.1,1995,3,2,1,2023-03-28
SHIP01814,CUST7298,Sporting Goods,D,Road,Mumbai-Chennai,7,4,1371.95,7,1.3,4624,9,12,0,2023-01-20
SHIP01815,CUST2939,Fashion,F,Flight,Bangalore-Chennai,6,2,538.27,0,47.8,4330,8,7,1,2023-08-12
SHIP01816,CUST7363,Electronics,A,Flight,Delhi-Mumbai,2,2,1883.5,8,49.8,2282,7,12,0,2023-03-16
SHIP01817,CUST2843,Sporting Goods,F,Ship,Hyderabad-Pune,2,3,2754.96,4,32.7,2805,7,12,0,2023-04-19
SHIP01818,CUST2755,Books,D,Road,Delhi-Mumbai,7,1,1650.32,3,3.0,1826,3,2,1,2023-06-04
SHIP01819,CUST8803,Books,C,Road,Hyderabad-Pune,4,3,2080.97,3,15.0,6033,8,7,1,2023-07-13
SHIP01820,CUST2486,Electronics,A,Flight,Delhi-Mumbai,7,1,4414.28,4,59.3,4445,8,8,1,2023-06-08
SHIP01821,CUST9037,Sporting Goods,F,Flight,Delhi-Mumbai,3,4,1309.23,5,20.9,1910,7,12,0,2023-03-21
SHIP01822,CUST8357,Cosmetics,C,Ship,Delhi-Bangalore,2,5,1923.37,7,32.9,3796,5,8,0,2023-02-09
SHIP01823,CUST7166,Books,A,Road,Hyderabad-Pune,4,2,1212.71,6,1.2,3421,8,9,0,2023-03-21
SHIP01824,CUST5590,Cosmetics,D,Flight,Delhi-Bangalore,1,3,416.82,1,1.8,2667,7,9,0,2023-07-09
SHIP01825,CUST8599,Electronics,C,Flight,Mumbai-Chennai,7,4,2704.64,3,31.3,6920,3,8,0,2023-09-14
SHIP01826,CUST8973,Home & Garden,C,Ship,Hyderabad-Pune,1,2,4454.47,4,53.4,3471,3,3,1,2023-02-20
SHIP01827,CUST3966,Cosmetics,A,Ship,Hyderabad-Pune,2,3,1371.84,6,44.5,4299,8,12,0,2023-08-24
SHIP01828,CUST9457,Home & Garden,A,Flight,Kolkata-Delhi,4,3,766.92,7,42.4,4090,5,7,0,2023-04-06
SHIP01829,CUST2107,Books,B,Flight,Delhi-Bangalore,6,5,4837.79,6,30.9,6665,6,6,1,2023-09-02
SHIP01830,CUST3054,Fashion,F,Flight,Bangalore-Chennai,5,4,3076.17,6,58.2,6685,5,6,0,2023-11-06
SHIP01831,CUST9470,Sporting Goods,D,Road,Bangalore-Chennai,2,2,381.92,5,50.7,2927,3,8,0,2023-05-15
SHIP01832,CUST1416,Books,F,Road,Delhi-Bangalore,4,2,2930.78,1,62.2,3681,7,6,1,2023-06-27
SHIP01833,CUST1144,Home & Garden,B,Road,Bangalore-Chennai,6,3,2116.32,0,47.9,5097,10,12,0,2023-05-12
SHIP01834,CUST6554,Home & Garden,C,Ship,Kolkata-Delhi,7,1,2974.81,0,15.7,5316,10,12,0,2023-12-30
SHIP01835,CUST8812,Fashion,D,Road,Delhi-Bangalore,4,2,983.29,2,11.4,6271,7,7,1,2023-04-03
SHIP01836,CUST2743,Electronics,D,Flight,Bangalore-Chennai,4,4,3073.06,7,6.9,2346,5,7,0,2023-02-22
SHIP01837,CUST3582,Sporting Goods,F,Flight,Delhi-Mumbai,3,3,4202.03,6,37.5,2906,3,8,0,2023-05-31
SHIP01838,CUST2696,Cosmetics,F,Ship,Delhi-Bangalore,5,2,1017.18,2,48.5,5658,3,4,0,2023-03-31
SHIP01839,CUST4020,Books,D,Flight,Kolkata-Delhi,7,1,396.7,8,1.6,1585,3,2,1,2023-05-17
SHIP01840,CUST4539,Electronics,D,Ship,Kolkata-Delhi,7,1,4452.04,0,61.2,3385,10,12,0,2023-01-10
SHIP01841,CUST7770,Cosmetics,B,Flight,Mumbai-Chennai,4,5,1197.0,1,56.1,4609,6,6,1,2023-04-05
SHIP01842,CUST8267,Cosmetics,B,Road,Delhi-Mumbai,5,2,4793.72,0,48.2,3663,5,8,0,2023-05-23
SHIP01843,CUST6731,Sporting Goods,F,Road,Mumbai-Chennai,1,5,1173.02,3,8.3,6740,7,6,1,2023-03-22
SHIP01844,CUST3952,Sporting Goods,A,Ship,Hyderabad-Pune,1,4,1188.82,0,19.4,5613,5,10,0,2023-09-10
SHIP01845,CUST8052,Books,D,Flight,Kolkata-Delhi,6,3,4137.91,7,56.1,5529,9,8,1,2023-03-06
SHIP01846,CUST9015,Home & Garden,F,Road,Bangalore-Chennai,5,3,214.64,0,32.9,5473,7,8,0,2023-04-16
SHIP01847,CUST7859,Books,D,Flight,Kolkata-Delhi,7,1,931.27,8,0.7,6856,9,10,0,2023-01-02
SHIP01848,CUST1761,Fashion,B,Ship,Mumbai-Chennai,7,3,4422.37,3,40.3,3289,4,7,0,2023-03-29
SHIP01849,CUST1566,Sporting Goods,B,Ship,Delhi-Bangalore,3,2,1311.6,2,0.4,2374,7,10,0,2023-10-21
SHIP01850,CUST1667,Fashion,C,Road,Mumbai-Chennai,3,1,656.26,3,64.3,3323,6,7,0,2023-02-04
SHIP01851,CUST1547,Fashion,D,Road,Hyderabad-Pune,7,5,4061.83,4,45.2,2705,8,13,0,2023-12-16
SHIP01852,CUST4157,Fashion,C,Ship,Kolkata-Delhi,2,5,2191.1,0,52.8,1218,6,11,0,2023-05-06
SHIP01853,CUST4776,Electronics,B,Flight,Mumbai-Chennai,1,2,4410.55,0,28.9,3730,8,11,0,2023-10-03
SHIP01854,CUST3193,Electronics,A,Ship,Delhi-Bangalore,4,4,1070.63,7,29.9,5816,9,10,0,2023-11-10
SHIP01855,CUST2074,Electronics,D,Ship,Hyderabad-Pune,7,3,3240.49,3,58.6,3800,8,9,0,2023-03-23
SHIP01856,CUST3962,Cosmetics,D,Ship,Bangalore-Chennai,2,1,2459.93,3,47.0,2049,4,7,0,2023-03-09
SHIP01857,CUST8757,Home & Garden,B,Road,Hyderabad-Pune,6,4,1334.19,1,58.3,2162,9,14,0,2023-05-21
SHIP01858,CUST2973,Cosmetics,B,Ship,Delhi-Mumbai,5,5,875.86,8,58.7,3583,3,6,0,2023-08-06
SHIP01859,CUST4130,Fashion,A,Ship,Mumbai-Chennai,6,2,4314.29,5,0.6,1770,5,6,0,2023-02-01
SHIP01860,CUST2644,Sporting Goods,A,Flight,Delhi-Bangalore,6,1,2635.38,7,31.5,5843,7,7,1,2023-03-13
SHIP01861,CUST5275,Cosmetics,F,Ship,Mumbai-Chennai,6,3,4313.85,2,63.1,5110,10,14,0,2023-03-13
SHIP01862,CUST6264,Books,F,Ship,Hyderabad-Pune,2,1,1582.3,8,31.4,1339,6,10,0,2023-05-11
SHIP01863,CUST7262,Sporting Goods,B,Ship,Delhi-Bangalore,7,2,2985.67,8,27.9,1780,9,11,0,2023-11-21
SHIP01864,CUST1936,Fashion,C,Flight,Bangalore-Chennai,5,3,4804.17,4,3.7,5257,8,13,0,2023-11-13
SHIP01865,CUST6886,Books,F,Road,Delhi-Bangalore,7,5,941.8,5,45.5,6821,8,12,0,2023-09-15
SHIP01866,CUST3816,Electronics,F,Flight,Kolkata-Delhi,4,2,3326.46,2,23.6,2775,10,10,1,2023-07-27
SHIP01867,CUST2313,Sporting Goods,D,Ship,Hyderabad-Pune,2,2,999.48,5,0.6,1870,8,12,0,2023-07-11
SHIP01868,CUST7647,Fashion,C,Flight,Delhi-Bangalore,5,4,1024.64,4,57.3,6293,5,6,0,2023-12-06
SHIP01869,CUST3662,Fashion,C,Ship,Mumbai-Chennai,5,5,957.52,0,51.2,5960,3,2,1,2023-03-28
SHIP01870,CUST8264,Electronics,B,Flight,Kolkata-Delhi,1,3,4600.95,5,53.8,1431,9,11,0,2023-03-29
SHIP01871,CUST4032,Electronics,D,Flight,Bangalore-Chennai,1,1,3614.16,1,3.2,1691,8,10,0,2023-04-10
SHIP01872,CUST4289,Sporting Goods,F,Ship,Delhi-Bangalore,2,3,4198.13,1,5.6,5848,6,6,1,2023-07-09
SHIP01873,CUST1766,Cosmetics,A,Road,Delhi-Bangalore,4,4,3329.47,5,26.0,4278,6,8,0,2023-01-03
SHIP01874,CUST1899,Cosmetics,D,Ship,Kolkata-Delhi,3,2,3572.69,5,0.7,5689,4,8,0,2023-08-03
SHIP01875,CUST3842,Fashion,C,Flight,Delhi-Mumbai,4,4,3329.27,3,43.8,2684,8,8,1,2023-08-26
SHIP01876,CUST2878,Electronics,F,Flight,Mumbai-Chennai,6,1,4828.49,4,8.9,2638,6,11,0,2023-07-30
SHIP01877,CUST5522,Home & Garden,A,Road,Delhi-Bangalore,4,2,2373.22,6,34.0,4904,4,6,0,2023-06-28
SHIP01878,CUST7913,Books,B,Flight,Hyderabad-Pune,3,2,3156.01,0,53.2,4510,9,14,0,2023-01-17
SHIP01879,CUST6573,Electronics,F,Road,Kolkata-Delhi,1,1,4195.88,7,40.3,5625,4,6,0,2023-06-17
SHIP01880,CUST3994,Electronics,B,Flight,Hyderabad-Pune,2,4,1607.5,4,5.1,5064,6,6,1,2023-06-03
SHIP01881,CUST6658,Cosmetics,C,Ship,Hyderabad-Pune,7,4,2905.74,7,37.1,1088,5,5,1,2023-05-18
SHIP01882,CUST9782,Home & Garden,B,Flight,Delhi-Bangalore,4,5,2882.32,4,44.7,2416,5,6,0,2023-05-31
SHIP01883,CUST5361,Electronics,A,Ship,Hyderabad-Pune,3,2,2554.21,5,40.7,3563,6,9,0,2023-08-11
SHIP01884,CUST3857,Electronics,D,Road,Mumbai-Chennai,2,3,3923.13,0,54.3,1266,10,14,0,2023-05-18
SHIP01885,CUST2272,Home & Garden,D,Ship,Mumbai-Chennai,4,4,3711.49,4,14.4,5138,6,8,0,2023-10-01
SHIP01886,CUST8488,Electronics,D,Road,Kolkata-Delhi,1,5,3786.96,5,57.1,3100,7,8,0,2023-04-19
SHIP01887,CUST3152,Books,D,Ship,Kolkata-Delhi,5,1,1901.94,4,57.3,1713,9,14,0,2023-08-28
SHIP01888,CUST1549,Electronics,B,Flight,Kolkata-Delhi,6,2,2926.64,1,0.7,5235,8,13,0,2023-09-22
SHIP01889,CUST8445,Books,F,Flight,Delhi-Mumbai,3,2,1880.37,6,2.2,1299,7,8,0,2023-01-21
SHIP01890,CUST8277,Home & Garden,D,Road,Hyderabad-Pune,2,2,232.54,7,41.9,6454,6,10,0,2023-05-07
SHIP01891,CUST8716,Books,A,Road,Delhi-Bangalore,2,2,2161.09,7,59.2,6262,6,5,1,2023-07-27
SHIP01892,CUST1264,Sporting Goods,D,Road,Bangalore-Chennai,5,4,1712.57,8,49.4,6539,7,12,0,2023-02-11
SHIP01893,CUST4362,Sporting Goods,D,Ship,Mumbai-Chennai,6,2,3512.24,8,49.1,4275,3,5,0,2023-08-30
SHIP01894,CUST6286,Electronics,C,Road,Delhi-Bangalore,2,1,3502.9,0,17.1,5595,3,7,0,2023-06-11
SHIP01895,CUST2273,Sporting Goods,D,Road,Bangalore-Chennai,4,1,2094.96,3,12.1,1501,9,14,0,2023-12-25
SHIP01896,CUST1242,Cosmetics,B,Road,Hyderabad-Pune,2,5,4212.6,1,43.7,5641,4,6,0,2023-03-25
SHIP01897,CUST3521,Cosmetics,C,Ship,Delhi-Bangalore,4,1,2341.95,0,34.7,3522,5,7,0,2023-03-03
SHIP01898,CUST5783,Fashion,A,Ship,Bangalore-Chennai,6,5,2724.25,3,63.2,1713,7,7,1,2023-07-27
SHIP01899,CUST1315,Electronics,C,Flight,Hyderabad-Pune,5,4,2303.24,6,38.9,1520,6,7,0,2023-06-04
SHIP01900,CUST8195,Fashion,A,Flight,Mumbai-Chennai,5,5,895.79,4,15.1,5199,8,13,0,2023-10-03
SHIP01901,CUST1889,Books,B,Road,Bangalore-Chennai,7,1,2382.95,8,7.3,4862,7,11,0,2023-05-06
SHIP01902,CUST7175,Books,C,Road,Delhi-Bangalore,6,1,1784.33,8,37.7,1424,3,5,0,2023-11-21
SHIP01903,CUST5138,Sporting Goods,B,Road,Hyderabad-Pune,1,3,107.22,7,50.4,1937,4,6,0,2023-11-30
SHIP01904,CUST3557,Cosmetics,C,Ship,Kolkata-Delhi,1,2,252.33,8,2.0,6247,10,9,1,2023-11-03
SHIP01905,CUST7588,Fashion,F,Ship,Hyderabad-Pune,4,5,951.88,4,54.1,5313,4,6,0,2023-03-23
SHIP01906,CUST1315,Cosmetics,B,Road,Hyderabad-Pune,6,5,4833.11,2,41.7,4825,8,13,0,2023-01-16
SHIP01907,CUST7864,Sporting Goods,A,Flight,Hyderabad-Pune,6,1,3624.24,6,55.8,2404,7,6,1,2023-02-08
SHIP01908,CUST3169,Electronics,F,Ship,Hyderabad-Pune,2,1,1276.53,1,29.7,6206,10,12,0,2023-07-20
SHIP01909,CUST5334,Home & Garden,C,Ship,Mumbai-Chennai,7,5,1969.28,2,41.7,3736,5,7,0,2023-04-10
SHIP01910,CUST3926,Electronics,C,Road,Bangalore-Chennai,2,3,895.3,5,14.0,5887,10,9,1,2023-02-11
SHIP01911,CUST3559,Fashion,D,Flight,Delhi-Bangalore,1,2,2801.47,4,37.0,4318,3,6,0,2023-02-16
SHIP01912,CUST7172,Books,D,Ship,Delhi-Bangalore,7,3,1287.19,5,8.6,6650,3,3,1,2023-11-09
SHIP01913,CUST6814,Fashion,D,Flight,Hyderabad-Pune,7,1,3529.57,7,51.3,3280,7,6,1,2023-06-30
SHIP01914,CUST5456,Sporting Goods,F,Ship,Delhi-Mumbai,3,5,2313.67,7,16.2,4026,3,3,1,2023-07-24
SHIP01915,CUST7735,Fashion,B,Ship,Delhi-Bangalore,4,1,1967.68,7,39.3,6119,7,11,0,2023-07-24
SHIP01916,CUST2207,Fashion,C,Road,Mumbai-Chennai,5,4,4842.17,2,8.8,1413,9,10,0,2023-10-27
SHIP01917,CUST9592,Cosmetics,B,Ship,Kolkata-Delhi,5,5,731.17,6,27.1,1595,7,7,1,2023-11-06
SHIP01918,CUST7687,Fashion,B,Flight,Kolkata-Delhi,5,5,4552.54,2,38.2,5941,10,13,0,2023-10-26
SHIP01919,CUST8822,Cosmetics,F,Road,Kolkata-Delhi,6,4,2309.61,2,24.2,4553,6,6,1,2023-06-14
SHIP01920,CUST5047,Home & Garden,F,Ship,Delhi-Mumbai,5,3,4486.54,3,6.2,2639,3,4,0,2023-03-04
SHIP01921,CUST2386,Fashion,B,Flight,Delhi-Mumbai,1,1,4494.34,4,19.3,6344,6,11,0,2023-11-03
SHIP01922,CUST2103,Home & Garden,B,Ship,Mumbai-Chennai,6,5,446.51,4,7.7,2672,10,12,0,2023-03-17
SHIP01923,CUST9905,Cosmetics,B,Ship,Hyderabad-Pune,5,5,2230.42,5,54.1,4143,10,11,0,2023-03-19
SHIP01924,CUST3218,Home & Garden,A,Flight,Hyderabad-Pune,6,2,372.49,2,15.2,2901,7,7,1,2023-12-08
SHIP01925,CUST7989,Cosmetics,F,Ship,Hyderabad-Pune,3,5,4538.15,6,8.1,5656,3,6,0,2023-09-06
SHIP01926,CUST7591,Sporting Goods,B,Ship,Delhi-Mumbai,4,3,1305.42,0,29.2,4346,3,7,0,2023-07-09
SHIP01927,CUST8055,Sporting Goods,C,Flight,Delhi-Bangalore,7,3,4262.91,0,20.1,3517,9,8,1,2023-09-27
SHIP01928,CUST3676,Home & Garden,B,Ship,Bangalore-Chennai,2,4,3336.33,5,55.3,1794,10,11,0,2023-03-03
SHIP01929,CUST9031,Cosmetics,B,Road,Delhi-Bangalore,1,4,4953.84,5,4.0,4432,3,2,1,2023-09-12
SHIP01930,CUST3938,Electronics,B,Road,Mumbai-Chennai,7,5,3746.63,1,38.4,5224,4,9,0,2023-10-22
SHIP01931,CUST8530,Electronics,B,Flight,Bangalore-Chennai,2,3,4273.74,4,17.9,4674,10,10,1,2023-04-18
SHIP01932,CUST1001,Home & Garden,D,Flight,Delhi-Mumbai,4,5,2138.32,2,50.3,3582,7,10,0,2023-11-08
SHIP01933,CUST8707,Cosmetics,C,Ship,Hyderabad-Pune,1,4,3186.39,8,55.5,3926,4,3,1,2023-12-21
SHIP01934,CUST4914,Books,B,Road,Hyderabad-Pune,3,1,1413.12,6,12.5,3095,4,6,0,2023-12-22
SHIP01935,CUST6800,Sporting Goods,A,Flight,Mumbai-Chennai,5,1,3671.71,1,20.9,4701,3,6,0,2023-02-07
SHIP01936,CUST7429,Books,C,Ship,Hyderabad-Pune,6,1,4616.94,0,42.0,4873,7,8,0,2023-11-14
SHIP01937,CUST1185,Sporting Goods,B,Ship,Bangalore-Chennai,3,3,4474.66,1,35.1,1150,3,2,1,2023-05-26
SHIP01938,CUST9944,Fashion,B,Ship,Hyderabad-Pune,1,2,2983.98,6,50.0,6991,6,9,0,2023-12-31
SHIP01939,CUST7090,Sporting Goods,F,Flight,Bangalore-Chennai,3,1,3334.35,8,35.1,2241,3,3,1,2023-09-21
SHIP01940,CUST6536,Electronics,D,Flight,Bangalore-Chennai,4,5,1112.57,3,47.0,3806,9,10,0,2023-03-22
SHIP01941,CUST1909,Fashion,F,Flight,Mumbai-Chennai,3,1,2565.37,8,58.5,4538,9,9,1,2023-04-13
SHIP01942,CUST8912,Electronics,F,Ship,Delhi-Mumbai,6,1,3037.48,1,35.2,6921,10,9,1,2023-09-16
SHIP01943,CUST2292,Electronics,B,Road,Delhi-Bangalore,7,4,1955.0,1,21.8,3258,7,12,0,2023-04-24
SHIP01944,CUST6618,Fashion,D,Ship,Delhi-Bangalore,6,1,646.05,6,2.1,4725,8,11,0,2023-01-25
SHIP01945,CUST6137,Fashion,F,Flight,Bangalore-Chennai,1,4,2439.29,4,23.6,3281,5,5,1,2023-01-10
SHIP01946,CUST1929,Sporting Goods,B,Road,Delhi-Bangalore,1,4,3778.5,4,25.4,1601,7,9,0,2023-12-24
SHIP01947,CUST5461,Cosmetics,D,Flight,Kolkata-Delhi,2,4,981.03,5,45.7,5720,8,12,0,2023-05-05
SHIP01948,CUST4802,Electronics,B,Road,Kolkata-Delhi,1,5,1575.91,2,24.3,5550,9,8,1,2023-07-06
SHIP01949,CUST7361,Sporting Goods,D,Ship,Mumbai-Chennai,7,1,2027.52,0,25.8,2955,10,9,1,2023-04-21
SHIP01950,CUST7077,Electronics,B,Road,Hyderabad-Pune,6,1,3270.2,6,17.3,1065,9,14,0,2023-01-05
SHIP01951,CUST1717,Sporting Goods,A,Ship,Delhi-Mumbai,7,2,3231.56,2,23.7,1190,4,3,1,2023-04-21
SHIP01952,CUST4277,Cosmetics,C,Road,Kolkata-Delhi,6,5,1896.67,1,37.3,2529,7,8,0,2023-03-22
SHIP01953,CUST9739,Cosmetics,A,Ship,Kolkata-Delhi,3,4,4678.78,5,16.8,3239,9,8,1,2023-01-26
SHIP01954,CUST5683,Books,F,Road,Mumbai-Chennai,6,3,4636.07,3,33.4,2018,5,4,1,2023-06-13
SHIP01955,CUST2978,Books,F,Road,Kolkata-Delhi,3,3,2694.02,4,57.6,3318,3,7,0,2023-10-15
SHIP01956,CUST3570,Fashion,F,Road,Mumbai-Chennai,2,1,2517.28,7,3.4,6729,8,10,0,2023-07-27
SHIP01957,CUST4845,Cosmetics,A,Flight,Delhi-Bangalore,3,5,2172.98,7,0.7,4677,9,11,0,2023-01-07
SHIP01958,CUST7653,Electronics,B,Ship,Mumbai-Chennai,7,1,1893.27,5,1.8,4067,5,10,0,2023-08-04
SHIP01959,CUST2111,Cosmetics,B,Road,Bangalore-Chennai,6,1,2173.49,1,20.5,1442,6,10,0,2023-01-03
SHIP01960,CUST2013,Home & Garden,B,Ship,Mumbai-Chennai,3,1,1125.03,5,20.0,5646,8,11,0,2023-08-14
SHIP01961,CUST7150,Home & Garden,C,Ship,Delhi-Mumbai,6,3,3502.54,7,37.9,3615,7,6,1,2023-12-30
SHIP01962,CUST2309,Books,F,Road,Hyderabad-Pune,5,4,2230.16,4,55.1,4314,10,9,1,2023-10-21
SHIP01963,CUST7362,Electronics,F,Ship,Delhi-Bangalore,3,5,2524.99,8,29.9,5480,6,8,0,2023-06-19
SHIP01964,CUST8679,Electronics,B,Ship,Bangalore-Chennai,6,4,4253.07,1,35.2,3001,3,4,0,2023-12-18
SHIP01965,CUST2642,Sporting Goods,B,Ship,Delhi-Mumbai,5,3,2219.18,3,14.1,2176,3,8,0,2023-11-25
SHIP01966,CUST3183,Fashion,F,Flight,Mumbai-Chennai,3,1,1011.61,8,59.9,3639,10,10,1,2023-12-16
SHIP01967,CUST7468,Cosmetics,D,Road,Hyderabad-Pune,6,2,1365.61,7,30.8,2939,6,11,0,2023-03-25
SHIP01968,CUST6540,Books,B,Ship,Delhi-Bangalore,2,2,206.29,1,16.3,1001,5,5,1,2023-10-01
SHIP01969,CUST4094,Fashion,B,Road,Mumbai-Chennai,3,2,1140.85,4,32.2,1578,4,6,0,2023-11-12
SHIP01970,CUST8917,Home & Garden,C,Ship,Mumbai-Chennai,7,3,3481.21,2,58.3,1471,5,8,0,2023-01-05
SHIP01971,CUST2137,Fashion,F,Ship,Delhi-Mumbai,1,1,3611.44,6,51.3,3014,10,11,0,2023-08-12
SHIP01972,CUST4019,Cosmetics,B,Ship,Kolkata-Delhi,4,4,2387.62,3,61.1,4392,6,10,0,2023-03-21
SHIP01973,CUST5894,Books,D,Ship,Kolkata-Delhi,1,2,2836.71,0,15.5,1283,3,5,0,2023-07-25
SHIP01974,CUST3776,Sporting Goods,F,Flight,Delhi-Bangalore,6,3,515.59,0,41.6,6800,8,11,0,2023-06-10
SHIP01975,CUST3167,Cosmetics,C,Ship,Bangalore-Chennai,6,4,2418.89,5,32.9,4506,7,11,0,2023-01-28
SHIP01976,CUST7082,Sporting Goods,A,Flight,Delhi-Bangalore,1,1,1301.04,6,12.4,5164,10,12,0,2023-03-12
SHIP01977,CUST5298,Cosmetics,A,Flight,Hyderabad-Pune,4,3,1643.8,7,42.0,2711,8,12,0,2023-07-26
SHIP01978,CUST8936,Books,F,Road,Bangalore-Chennai,3,5,3969.01,4,38.9,6784,4,7,0,2023-04-22
SHIP01979,CUST6160,Home & Garden,A,Flight,Hyderabad-Pune,6,2,800.32,6,50.4,4575,9,8,1,2023-10-29
SHIP01980,CUST3159,Books,B,Road,Mumbai-Chennai,4,1,740.74,2,46.7,5798,7,7,1,2023-03-07
SHIP01981,CUST6399,Sporting Goods,C,Road,Mumbai-Chennai,2,3,179.79,1,11.9,4689,4,8,0,2023-02-23
SHIP01982,CUST3676,Fashion,B,Road,Hyderabad-Pune,6,3,4701.33,4,11.2,6218,9,13,0,2023-12-24
SHIP01983,CUST8554,Books,F,Road,Kolkata-Delhi,1,5,3894.32,8,9.2,2054,5,6,0,2023-07-23
SHIP01984,CUST9946,Books,D,Ship,Mumbai-Chennai,6,5,4865.4,4,4.4,5277,6,8,0,2023-09-27
SHIP01985,CUST2262,Books,B,Road,Bangalore-Chennai,3,5,3247.93,6,19.9,5710,3,5,0,2023-12-24
SHIP01986,CUST6317,Sporting Goods,D,Road,Kolkata-Delhi,5,3,2880.11,6,12.5,6556,7,9,0,2023-01-13
SHIP01987,CUST8287,Fashion,B,Flight,Delhi-Mumbai,1,5,390.83,2,27.1,4147,6,5,1,2023-11-14
SHIP01988,CUST2621,Cosmetics,C,Flight,Mumbai-Chennai,6,4,3453.48,6,61.8,3707,9,9,1,2023-01-04
SHIP01989,CUST7530,Home & Garden,C,Flight,Kolkata-Delhi,3,1,4956.87,2,16.6,4530,10,14,0,2023-09-25
SHIP01990,CUST1856,Cosmetics,F,Flight,Mumbai-Chennai,5,4,4060.95,2,18.9,1470,7,6,1,2023-01-04
SHIP01991,CUST7268,Home & Garden,C,Flight,Delhi-Mumbai,2,2,4469.69,4,16.9,5196,8,7,1,2023-08-01
SHIP01992,CUST3354,Fashion,B,Road,Kolkata-Delhi,5,4,183.24,3,54.4,4849,10,11,0,2023-01-03
SHIP01993,CUST8415,Electronics,B,Flight,Delhi-Bangalore,1,5,1561.67,4,10.0,2738,3,7,0,2023-02-02
SHIP01994,CUST1740,Books,C,Road,Delhi-Mumbai,5,5,3705.83,3,2.0,5986,9,8,1,2023-03-30
SHIP01995,CUST4483,Home & Garden,F,Ship,Hyderabad-Pune,7,4,3226.05,7,38.8,5717,7,11,0,2023-02-05
SHIP01996,CUST6515,Fashion,F,Flight,Delhi-Mumbai,2,3,2007.28,4,34.2,3447,10,10,1,2023-05-20
SHIP01997,CUST4352,Home & Garden,D,Road,Kolkata-Delhi,3,5,4871.05,0,37.2,5081,8,7,1,2023-08-26
SHIP01998,CUST1308,Home & Garden,F,Road,Hyderabad-Pune,1,2,3323.52,6,0.1,6875,6,9,0,2023-05-09
SHIP01999,CUST1725,Fashion,A,Flight,Hyderabad-Pune,5,2,1727.41,4,39.7,1143,7,8,0,2023-03-17
SHIP02000,CUST3516,Electronics,B,Ship,Hyderabad-Pune,6,4,3358.44,7,18.6,4578,10,10,1,2023-06-09
SHIP02001,CUST6985,Electronics,C,Ship,Hyderabad-Pune,4,3,4967.81,8,46.9,2650,10,11,0,2023-11-09
SHIP02002,CUST3115,Sporting Goods,C,Road,Hyderabad-Pune,7,4,3512.02,4,6.9,4442,3,6,0,2023-09-25
SHIP02003,CUST4600,Fashion,D,Ship,Bangalore-Chennai,6,3,3640.6,6,46.6,3293,5,5,1,2023-11-28
SHIP02004,CUST8873,Home & Garden,F,Ship,Delhi-Mumbai,7,4,1043.1,0,25.0,2489,5,7,0,2023-08-04
SHIP02005,CUST2416,Home & Garden,A,Road,Delhi-Mumbai,4,5,2553.2,4,50.6,4125,6,10,0,2023-11-25
SHIP02006,CUST6118,Cosmetics,F,Road,Hyderabad-Pune,7,1,4674.46,2,15.3,4769,8,13,0,2023-06-24
SHIP02007,CUST8762,Electronics,D,Road,Hyderabad-Pune,5,1,4905.41,2,14.8,6564,5,5,1,2023-12-01
SHIP02008,CUST8019,Home & Garden,C,Road,Hyderabad-Pune,6,4,372.58,8,18.2,4817,3,2,1,2023-12-29
SHIP02009,CUST5251,Electronics,D,Flight,Kolkata-Delhi,3,3,1092.37,8,5.0,5461,10,13,0,2023-06-15
SHIP02010,CUST4442,Cosmetics,F,Ship,Mumbai-Chennai,5,1,1669.99,0,36.3,3478,3,8,0,2023-08-20
SHIP02011,CUST7399,Fashion,D,Road,Delhi-Bangalore,5,3,2797.42,7,26.7,5301,8,11,0,2023-11-08
SHIP02012,CUST1276,Books,D,Flight,Delhi-Mumbai,2,2,3009.02,1,11.7,6174,3,8,0,2023-03-21
SHIP02013,CUST2445,Sporting Goods,F,Ship,Delhi-Bangalore,5,5,2662.67,6,55.1,1805,3,7,0,2023-06-20
SHIP02014,CUST9002,Electronics,D,Flight,Bangalore-Chennai,7,5,279.57,1,3.1,5801,5,10,0,2023-01-14
SHIP02015,CUST3404,Sporting Goods,F,Ship,Kolkata-Delhi,5,5,4477.98,3,17.9,6787,5,5,1,2023-09-04
SHIP02016,CUST8440,Electronics,B,Road,Mumbai-Chennai,1,4,2505.07,7,33.2,4389,9,13,0,2023-06-05
SHIP02017,CUST6805,Books,D,Ship,Kolkata-Delhi,4,2,3724.7,2,54.6,6391,6,6,1,2023-06-23
SHIP02018,CUST6394,Home & Garden,A,Road,Mumbai-Chennai,4,1,1851.63,1,34.1,6061,6,5,1,2023-06-15
SHIP02019,CUST5590,Home & Garden,A,Flight,Mumbai-Chennai,5,5,1125.26,1,20.2,3527,6,9,0,2023-05-21
SHIP02020,CUST2677,Fashion,B,Road,Mumbai-Chennai,7,1,1072.42,8,64.4,1932,10,9,1,2023-11-30
SHIP02021,CUST9746,Sporting Goods,A,Road,Delhi-Mumbai,5,4,4403.87,7,40.2,5405,8,12,0,2023-07-21
SHIP02022,CUST4803,Books,C,Road,Mumbai-Chennai,3,4,2610.65,4,26.8,4875,3,8,0,2023-03-14
SHIP02023,CUST7934,Books,D,Flight,Delhi-Mumbai,1,4,1167.85,2,39.9,4930,7,6,1,2023-04-29
SHIP02024,CUST9290,Books,B,Ship,Mumbai-Chennai,5,4,1893.65,2,39.1,6761,6,11,0,2023-09-13
SHIP02025,CUST4826,Electronics,F,Flight,Hyderabad-Pune,7,2,3582.28,2,36.7,1726,5,9,0,2023-08-13
SHIP02026,CUST5985,Books,B,Ship,Delhi-Bangalore,2,3,543.3,5,4.5,3842,8,11,0,2023-07-08
SHIP02027,CUST8091,Cosmetics,A,Flight,Delhi-Bangalore,3,3,3994.07,7,46.1,4184,7,10,0,2023-05-07
SHIP02028,CUST6658,Books,F,Flight,Hyderabad-Pune,3,1,4615.73,7,17.4,5995,5,9,0,2023-03-04
SHIP02029,CUST8240,Electronics,C,Ship,Delhi-Bangalore,2,1,2616.74,1,26.3,5520,4,6,0,2023-02-02
SHIP02030,CUST2620,Fashion,C,Flight,Bangalore-Chennai,4,4,3525.35,0,45.8,3090,4,8,0,2023-05-27
SHIP02031,CUST8368,Home & Garden,A,Road,Delhi-Bangalore,5,2,2726.47,4,43.2,2977,6,10,0,2023-09-07
SHIP02032,CUST3483,Cosmetics,C,Road,Delhi-Mumbai,5,5,1983.91,2,7.6,2545,6,11,0,2023-01-15
SHIP02033,CUST8531,Electronics,F,Road,Kolkata-Delhi,4,4,2233.99,1,0.1,3567,9,11,0,2023-08-20
SHIP02034,CUST3849,Electronics,B,Ship,Delhi-Bangalore,6,2,1416.46,8,2.6,2710,9,9,1,2023-05-23
SHIP02035,CUST4616,Cosmetics,D,Flight,Hyderabad-Pune,6,1,559.56,7,39.9,3682,10,12,0,2023-10-11
SHIP02036,CUST5523,Cosmetics,A,Flight,Mumbai-Chennai,1,5,904.6,3,50.5,3870,5,9,0,2023-06-05
SHIP02037,CUST7479,Home & Garden,D,Flight,Delhi-Bangalore,7,4,4086.42,1,35.7,3017,4,6,0,2023-06-05
SHIP02038,CUST7219,Fashion,A,Road,Hyderabad-Pune,7,3,3701.81,6,58.1,6191,10,15,0,2023-03-07
SHIP02039,CUST3587,Books,B,Flight,Bangalore-Chennai,4,4,4268.96,4,52.8,3446,8,9,0,2023-10-26
SHIP02040,CUST9971,Home & Garden,A,Ship,Bangalore-Chennai,7,3,1782.05,3,54.1,3220,3,2,1,2023-04-21
SHIP02041,CUST7542,Cosmetics,B,Ship,Hyderabad-Pune,5,2,2906.05,4,30.5,2975,7,11,0,2023-05-11
SHIP02042,CUST6917,Home & Garden,D,Road,Bangalore-Chennai,6,1,1931.58,7,19.0,2621,6,5,1,2023-05-10
SHIP02043,CUST2875,Home & Garden,F,Flight,Hyderabad-Pune,5,4,2989.26,5,13.9,2097,5,6,0,2023-02-17
SHIP02044,CUST6279,Home & Garden,B,Flight,Kolkata-Delhi,6,4,2182.14,8,12.6,6721,3,4,0,2023-01-08
SHIP02045,CUST1979,Electronics,F,Flight,Delhi-Bangalore,1,3,1110.04,1,21.1,1531,8,11,0,2023-01-27
SHIP02046,CUST8886,Sporting Goods,D,Ship,Bangalore-Chennai,1,1,2480.84,8,5.0,4736,7,7,1,2023-08-10
SHIP02047,CUST7641,Books,F,Flight,Kolkata-Delhi,3,2,1720.28,7,54.5,4330,4,3,1,2023-11-11
SHIP02048,CUST4242,Fashion,A,Flight,Mumbai-Chennai,2,2,159.96,0,3.4,2599,3,3,1,2023-08-08
SHIP02049,CUST8073,Home & Garden,C,Road,Delhi-Mumbai,6,3,4586.01,2,10.9,1782,3,3,1,2023-09-15
SHIP02050,CUST1447,Cosmetics,D,Flight,Delhi-Mumbai,1,3,469.4,5,48.0,5639,4,5,0,2023-03-20
SHIP02051,CUST7583,Cosmetics,B,Ship,Bangalore-Chennai,5,2,730.75,2,18.1,1258,5,4,1,2023-02-18
SHIP02052,CUST3137,Fashion,B,Ship,Mumbai-Chennai,4,2,3309.57,1,62.5,6029,8,8,1,2023-10-28
SHIP02053,CUST2865,Fashion,C,Road,Mumbai-Chennai,2,2,2921.79,3,14.8,2427,3,8,0,2023-02-08
SHIP02054,CUST7206,Electronics,B,Ship,Delhi-Bangalore,6,5,1345.4,6,44.2,3730,8,8,1,2023-09-22
SHIP02055,CUST4042,Sporting Goods,D,Flight,Mumbai-Chennai,5,4,2198.16,0,11.3,5781,5,5,1,2023-06-05
SHIP02056,CUST5384,Fashion,A,Road,Hyderabad-Pune,3,2,2242.6,7,41.4,4879,9,11,0,2023-04-09
SHIP02057,CUST6906,Fashion,F,Flight,Delhi-Bangalore,3,4,4190.71,1,21.7,2454,6,7,0,2023-12-05
SHIP02058,CUST6447,Sporting Goods,A,Flight,Kolkata-Delhi,7,4,4806.16,5,51.2,6239,9,11,0,2023-07-09
SHIP02059,CUST7823,Home & Garden,A,Flight,Kolkata-Delhi,7,3,1173.96,6,55.2,6717,3,6,0,2023-08-02
SHIP02060,CUST8234,Home & Garden,D,Flight,Bangalore-Chennai,3,2,1756.51,8,37.7,6647,8,8,1,2023-05-28
SHIP02061,CUST6555,Books,B,Ship,Mumbai-Chennai,2,4,2519.89,2,19.4,3775,9,9,1,2023-11-21
SHIP02062,CUST8498,Books,D,Ship,Bangalore-Chennai,6,5,4662.98,5,17.6,6401,10,9,1,2023-03-22
SHIP02063,CUST6382,Sporting Goods,D,Ship,Bangalore-Chennai,5,1,2123.5,1,25.6,5410,7,9,0,2023-10-08
SHIP02064,CUST8706,Sporting Goods,B,Road,Hyderabad-Pune,7,5,3957.91,1,27.0,3903,5,6,0,2023-10-17
SHIP02065,CUST2364,Electronics,D,Road,Bangalore-Chennai,2,4,533.08,3,1.5,2705,6,10,0,2023-09-14
SHIP02066,CUST1965,Cosmetics,B,Ship,Delhi-Mumbai,3,5,3106.37,7,62.3,6829,10,10,1,2023-07-14
SHIP02067,CUST7334,Books,C,Road,Delhi-Bangalore,1,2,4898.14,4,25.9,2609,3,6,0,2023-03-13
SHIP02068,CUST7502,Fashion,C,Road,Mumbai-Chennai,7,2,3768.46,2,25.3,6755,7,12,0,2023-08-15
SHIP02069,CUST4360,Fashion,F,Ship,Kolkata-Delhi,2,5,4316.82,4,0.7,4239,7,8,0,2023-07-27
SHIP02070,CUST2309,Books,A,Ship,Bangalore-Chennai,4,4,3621.17,7,5.7,4358,7,10,0,2023-12-07
SHIP02071,CUST7745,Books,F,Ship,Delhi-Bangalore,3,2,3040.4,0,6.8,4191,10,14,0,2023-01-14
SHIP02072,CUST1451,Electronics,D,Road,Delhi-Bangalore,5,5,1433.33,0,49.5,1666,4,4,1,2023-06-29
SHIP02073,CUST5459,Home & Garden,B,Flight,Bangalore-Chennai,4,4,3318.28,3,62.2,3241,6,6,1,2023-04-29
SHIP02074,CUST9937,Books,C,Ship,Bangalore-Chennai,1,1,4338.38,7,39.0,1308,4,5,0,2023-01-24
SHIP02075,CUST2493,Electronics,D,Ship,Mumbai-Chennai,5,5,3348.29,1,50.2,1389,4,5,0,2023-10-06
SHIP02076,CUST1633,Fashion,F,Road,Kolkata-Delhi,7,4,4636.57,6,59.5,1270,7,11,0,2023-03-24
SHIP02077,CUST1648,Fashion,C,Ship,Delhi-Mumbai,7,2,1363.3,5,19.7,3139,4,7,0,2023-11-05
SHIP02078,CUST6230,Fashion,A,Flight,Delhi-Mumbai,6,4,2870.82,1,31.6,5847,5,4,1,2023-04-18
SHIP02079,CUST7261,Electronics,A,Flight,Kolkata-Delhi,1,1,3974.51,1,13.2,2107,4,4,1,2023-10-06
SHIP02080,CUST6069,Electronics,B,Flight,Kolkata-Delhi,6,1,891.7,8,36.1,6367,4,7,0,2023-12-16
SHIP02081,CUST2953,Fashion,F,Flight,Bangalore-Chennai,3,3,769.92,7,60.7,1615,4,5,0,2023-02-17
SHIP02082,CUST9357,Home & Garden,D,Flight,Mumbai-Chennai,7,4,1018.86,1,15.5,1652,6,8,0,2023-09-01
SHIP02083,CUST5942,Sporting Goods,A,Road,Kolkata-Delhi,1,5,4993.9,2,16.2,2243,3,7,0,2023-09-13
SHIP02084,CUST1784,Electronics,B,Ship,Mumbai-Chennai,2,3,351.86,6,62.8,2519,4,5,0,2023-05-26
SHIP02085,CUST9976,Home & Garden,C,Flight,Delhi-Bangalore,3,2,3812.53,7,48.1,1614,9,8,1,2023-07-28
SHIP02086,CUST6952,Home & Garden,D,Road,Delhi-Mumbai,6,4,2960.37,4,33.8,3940,3,3,1,2023-11-21
SHIP02087,CUST5625,Sporting Goods,F,Road,Delhi-Bangalore,1,1,1909.3,5,28.1,3849,9,11,0,2023-11-06
SHIP02088,CUST6964,Sporting Goods,C,Ship,Delhi-Bangalore,4,1,2332.86,6,26.3,6352,9,9,1,2023-07-07
SHIP02089,CUST1424,Home & Garden,D,Ship,Kolkata-Delhi,1,1,506.72,4,7.2,2822,8,10,0,2023-07-07
SHIP02090,CUST9343,Books,D,Ship,Mumbai-Chennai,1,5,2280.89,1,57.0,1028,3,8,0,2023-07-13
SHIP02091,CUST1966,Books,C,Ship,Kolkata-Delhi,2,5,789.52,7,26.5,2574,9,11,0,2023-10-05
SHIP02092,CUST3643,Fashion,B,Ship,Hyderabad-Pune,2,2,957.45,2,18.5,5391,4,3,1,2023-06-29
SHIP02093,CUST3548,Sporting Goods,B,Flight,Hyderabad-Pune,5,5,1556.09,0,17.7,1319,7,9,0,2023-06-17
SHIP02094,CUST2897,Fashion,C,Ship,Bangalore-Chennai,1,2,1800.44,0,53.7,3575,7,9,0,2023-11-06
SHIP02095,CUST3385,Fashion,F,Road,Delhi-Bangalore,7,1,3978.57,6,18.8,6239,6,7,0,2023-08-15
SHIP02096,CUST1670,Sporting Goods,D,Road,Delhi-Bangalore,1,2,4640.51,0,55.3,1194,8,10,0,2023-10-12
SHIP02097,CUST5713,Books,C,Ship,Mumbai-Chennai,1,5,1731.29,2,51.1,5182,7,6,1,2023-11-15
SHIP02098,CUST5717,Cosmetics,F,Flight,Kolkata-Delhi,3,2,2797.95,2,5.5,5177,4,8,0,2023-05-15
SHIP02099,CUST4637,Home & Garden,D,Road,Bangalore-Chennai,6,1,3401.07,3,30.2,5793,6,5,1,2023-07-17
SHIP02100,CUST2594,Fashion,F,Road,Bangalore-Chennai,4,3,4662.7,3,53.4,4297,4,8,0,2023-03-16
SHIP02101,CUST6294,Home & Garden,D,Flight,Hyderabad-Pune,5,3,3519.58,0,35.4,3279,3,4,0,2023-06-19
SHIP02102,CUST7866,Sporting Goods,D,Road,Bangalore-Chennai,1,3,1860.5,2,33.8,5450,5,8,0,2023-01-01
SHIP02103,CUST2092,Books,A,Flight,Mumbai-Chennai,4,4,1278.9,7,49.1,4041,9,8,1,2023-07-13
SHIP02104,CUST7538,Home & Garden,B,Flight,Kolkata-Delhi,1,2,2149.45,8,4.5,5814,10,9,1,2023-02-12
SHIP02105,CUST4603,Books,A,Road,Mumbai-Chennai,2,4,3642.14,2,41.6,4258,3,3,1,2023-07-03
SHIP02106,CUST8533,Cosmetics,B,Flight,Delhi-Mumbai,5,3,3409.03,3,48.4,3052,7,8,0,2023-06-04
SHIP02107,CUST9393,Electronics,A,Flight,Delhi-Mumbai,4,2,1608.29,5,22.2,4263,5,5,1,2023-06-04
SHIP02108,CUST6538,Home & Garden,D,Flight,Hyderabad-Pune,1,4,953.17,7,36.6,4103,4,5,0,2023-10-01
SHIP02109,CUST3695,Home & Garden,D,Ship,Delhi-Bangalore,7,2,1185.95,2,40.3,3768,3,3,1,2023-05-23
SHIP02110,CUST4641,Electronics,C,Road,Hyderabad-Pune,7,2,2674.27,3,3.0,1165,7,8,0,2023-04-03
SHIP02111,CUST7427,Fashion,F,Road,Delhi-Mumbai,4,2,586.12,4,61.8,5917,5,8,0,2023-08-11
SHIP02112,CUST1433,Home & Garden,A,Flight,Kolkata-Delhi,5,2,4535.35,5,44.5,5836,5,10,0,2023-03-09
SHIP02113,CUST4439,Cosmetics,A,Flight,Delhi-Bangalore,2,3,3782.47,3,7.9,2889,5,7,0,2023-07-15
SHIP02114,CUST5949,Sporting Goods,C,Ship,Delhi-Bangalore,2,1,2148.14,0,6.9,2960,5,8,0,2023-01-24
SHIP02115,CUST4697,Cosmetics,F,Flight,Delhi-Mumbai,5,1,110.1,0,11.9,5765,6,6,1,2023-07-11
SHIP02116,CUST7173,Fashion,B,Flight,Kolkata-Delhi,6,3,3530.07,1,33.4,4018,8,10,0,2023-02-20
SHIP02117,CUST1040,Books,D,Road,Hyderabad-Pune,7,2,1211.83,4,51.6,3819,8,11,0,2023-06-08
SHIP02118,CUST2357,Cosmetics,D,Flight,Hyderabad-Pune,7,1,1495.83,6,18.8,3358,6,6,1,2023-04-30
SHIP02119,CUST2937,Sporting Goods,C,Flight,Delhi-Bangalore,6,5,3526.57,1,59.8,6489,6,8,0,2023-01-07
SHIP02120,CUST7893,Books,D,Flight,Delhi-Mumbai,3,2,3328.28,6,4.3,1217,10,12,0,2023-08-08
SHIP02121,CUST6261,Cosmetics,F,Ship,Kolkata-Delhi,6,1,4006.05,0,10.1,3014,5,8,0,2023-02-14
SHIP02122,CUST7402,Cosmetics,F,Road,Kolkata-Delhi,1,4,3183.08,7,41.1,2675,4,8,0,2023-02-28
SHIP02123,CUST3476,Fashion,D,Ship,Hyderabad-Pune,3,5,861.03,2,24.6,6208,8,8,1,2023-03-11
SHIP02124,CUST7023,Cosmetics,B,Flight,Delhi-Mumbai,1,3,4244.44,4,12.5,1328,7,11,0,2023-09-20
SHIP02125,CUST8431,Home & Garden,B,Road,Hyderabad-Pune,5,2,4381.14,1,13.5,3127,3,7,0,2023-05-06
SHIP02126,CUST9228,Cosmetics,D,Road,Delhi-Bangalore,2,4,3799.33,8,46.4,1846,9,10,0,2023-11-03
SHIP02127,CUST4304,Books,D,Flight,Mumbai-Chennai,5,1,4423.68,5,58.2,5290,10,14,0,2023-10-11
SHIP02128,CUST2611,Home & Garden,A,Flight,Mumbai-Chennai,2,4,2025.3,2,28.0,2804,5,4,1,2023-02-18
SHIP02129,CUST8992,Fashion,C,Flight,Mumbai-Chennai,2,2,2496.14,5,43.7,3572,8,7,1,2023-03-15
SHIP02130,CUST7729,Home & Garden,F,Flight,Hyderabad-Pune,3,5,2186.72,2,18.1,5732,9,12,0,2023-08-29
SHIP02131,CUST2971,Electronics,C,Flight,Bangalore-Chennai,2,3,128.49,6,37.6,5648,7,11,0,2023-07-08
SHIP02132,CUST9746,Home & Garden,A,Ship,Bangalore-Chennai,1,4,3852.99,7,56.9,6824,9,10,0,2023-07-16
SHIP02133,CUST4791,Books,C,Road,Delhi-Mumbai,5,4,2963.1,3,16.7,3206,10,10,1,2023-11-02
SHIP02134,CUST2806,Home & Garden,D,Road,Mumbai-Chennai,1,2,821.99,3,19.0,5042,5,4,1,2023-03-09
SHIP02135,CUST1102,Home & Garden,C,Flight,Bangalore-Chennai,5,4,4304.05,2,24.3,5257,10,13,0,2023-12-20
SHIP02136,CUST1850,Cosmetics,A,Ship,Delhi-Bangalore,6,5,2695.53,1,19.0,5550,7,11,0,2023-12-02
SHIP02137,CUST4163,Cosmetics,B,Road,Delhi-Mumbai,5,3,1651.62,6,31.7,6978,5,10,0,2023-05-05
SHIP02138,CUST4229,Cosmetics,B,Road,Delhi-Bangalore,7,5,2189.06,0,7.3,2133,10,9,1,2023-07-22
SHIP02139,CUST9486,Home & Garden,F,Flight,Delhi-Bangalore,4,3,3888.85,8,13.2,2740,5,4,1,2023-01-26
SHIP02140,CUST7242,Electronics,F,Ship,Bangalore-Chennai,5,5,2086.81,1,45.3,4122,9,14,0,2023-08-20
SHIP02141,CUST5148,Sporting Goods,C,Flight,Hyderabad-Pune,2,1,2855.23,5,59.6,3293,3,8,0,2023-06-21
SHIP02142,CUST3385,Home & Garden,F,Flight,Delhi-Mumbai,5,2,1933.58,0,5.0,3718,3,2,1,2023-04-07
SHIP02143,CUST8785,Home & Garden,F,Road,Bangalore-Chennai,6,1,2750.38,0,14.1,5291,7,9,0,2023-02-26
SHIP02144,CUST2116,Electronics,C,Ship,Mumbai-Chennai,2,1,1808.0,6,58.1,3784,3,4,0,2023-05-11
SHIP02145,CUST6409,Fashion,F,Road,Bangalore-Chennai,1,3,2623.75,3,31.0,4752,4,8,0,2023-04-20
SHIP02146,CUST1818,Fashion,A,Road,Bangalore-Chennai,1,1,4618.65,8,60.5,4124,8,9,0,2023-09-16
SHIP02147,CUST8979,Cosmetics,F,Flight,Delhi-Mumbai,1,5,282.29,7,51.4,6382,7,9,0,2023-02-26
SHIP02148,CUST9636,Books,F,Road,Bangalore-Chennai,2,4,3538.46,6,6.1,3996,4,6,0,2023-11-07
SHIP02149,CUST7920,Electronics,A,Road,Hyderabad-Pune,4,4,2248.85,8,13.1,2631,9,11,0,2023-09-22
SHIP02150,CUST8806,Electronics,C,Ship,Mumbai-Chennai,5,2,1937.13,4,23.2,5416,5,7,0,2023-02-03
SHIP02151,CUST7913,Home & Garden,D,Road,Delhi-Bangalore,5,3,1309.88,3,64.2,5739,4,7,0,2023-06-28
SHIP02152,CUST7355,Cosmetics,B,Ship,Kolkata-Delhi,7,4,1742.24,0,4.3,3705,5,6,0,2023-03-23
SHIP02153,CUST9979,Cosmetics,F,Ship,Delhi-Mumbai,7,2,131.65,8,22.2,2290,7,9,0,2023-08-08
SHIP02154,CUST7295,Cosmetics,F,Road,Bangalore-Chennai,2,3,1651.61,5,52.7,6817,10,10,1,2023-09-03
SHIP02155,CUST3060,Sporting Goods,C,Flight,Kolkata-Delhi,1,2,121.65,8,30.4,2560,3,3,1,2023-06-13
SHIP02156,CUST8731,Fashion,A,Road,Kolkata-Delhi,7,2,2822.29,2,61.8,4892,3,6,0,2023-10-16
SHIP02157,CUST2980,Sporting Goods,C,Ship,Mumbai-Chennai,2,4,3297.12,6,12.9,5936,10,12,0,2023-03-01
SHIP02158,CUST2358,Fashion,A,Ship,Delhi-Bangalore,6,3,789.98,4,43.9,5004,3,2,1,2023-08-15
SHIP02159,CUST6714,Books,D,Road,Bangalore-Chennai,4,4,560.28,6,60.8,6552,6,10,0,2023-01-27
SHIP02160,CUST6976,Books,F,Flight,Mumbai-Chennai,7,4,2072.92,7,26.4,1333,10,9,1,2023-07-12
SHIP02161,CUST4191,Home & Garden,C,Ship,Delhi-Mumbai,5,3,846.46,4,61.4,6525,9,12,0,2023-05-01
SHIP02162,CUST6972,Fashion,D,Road,Delhi-Bangalore,6,2,723.2,1,37.7,3116,9,13,0,2023-12-31
SHIP02163,CUST1217,Cosmetics,A,Flight,Bangalore-Chennai,3,4,3391.63,6,3.3,1934,6,9,0,2023-12-27
SHIP02164,CUST2872,Electronics,C,Ship,Bangalore-Chennai,6,1,314.9,6,46.1,2240,8,10,0,2023-11-24
SHIP02165,CUST9256,Electronics,B,Flight,Mumbai-Chennai,5,5,3617.06,4,54.9,3754,9,8,1,2023-01-16
SHIP02166,CUST4330,Fashion,C,Flight,Hyderabad-Pune,5,2,1854.97,1,39.0,1883,10,15,0,2023-10-12
SHIP02167,CUST8733,Sporting Goods,A,Flight,Kolkata-Delhi,2,5,4628.22,6,55.4,6560,7,10,0,2023-07-26
SHIP02168,CUST1375,Fashion,A,Flight,Bangalore-Chennai,2,4,2174.08,2,50.6,2163,6,11,0,2023-03-21
SHIP02169,CUST6457,Home & Garden,F,Ship,Bangalore-Chennai,4,2,1521.48,0,52.7,6645,7,9,0,2023-10-03
SHIP02170,CUST7408,Books,A,Ship,Mumbai-Chennai,6,4,3970.56,5,5.6,1197,5,4,1,2023-10-07
SHIP02171,CUST3346,Cosmetics,A,Flight,Bangalore-Chennai,2,1,4407.63,3,64.2,3623,8,9,0,2023-04-17
SHIP02172,CUST4556,Cosmetics,F,Road,Delhi-Bangalore,7,1,538.1,0,3.7,1308,9,14,0,2023-12-02
SHIP02173,CUST4846,Electronics,F,Flight,Hyderabad-Pune,1,1,4066.76,4,55.5,5355,3,6,0,2023-11-01
SHIP02174,CUST4778,Home & Garden,C,Ship,Mumbai-Chennai,5,5,3804.39,0,40.4,2885,3,3,1,2023-09-27
SHIP02175,CUST4614,Books,D,Flight,Kolkata-Delhi,1,2,3874.54,6,11.1,6264,3,4,0,2023-12-28
SHIP02176,CUST3299,Fashion,D,Road,Delhi-Mumbai,3,5,1585.19,7,58.1,3100,3,6,0,2023-02-12
SHIP02177,CUST6693,Books,B,Ship,Delhi-Mumbai,1,3,3436.32,3,43.8,3003,10,15,0,2023-01-02
SHIP02178,CUST8088,Cosmetics,B,Road,Kolkata-Delhi,5,5,1522.06,2,6.2,5788,3,8,0,2023-11-10
SHIP02179,CUST3292,Books,D,Road,Delhi-Bangalore,4,4,3693.89,5,42.1,6967,4,8,0,2023-06-07
SHIP02180,CUST7998,Cosmetics,A,Road,Kolkata-Delhi,4,4,4361.69,2,42.8,5445,4,6,0,2023-09-06
SHIP02181,CUST8085,Sporting Goods,F,Road,Bangalore-Chennai,3,1,530.13,6,57.1,6241,6,8,0,2023-05-01
SHIP02182,CUST3816,Sporting Goods,B,Ship,Kolkata-Delhi,4,4,2274.88,8,0.7,6728,5,7,0,2023-07-25
SHIP02183,CUST7505,Electronics,D,Flight,Delhi-Bangalore,2,5,4592.21,8,62.9,1005,6,8,0,2023-11-26
SHIP02184,CUST4962,Home & Garden,F,Road,Delhi-Mumbai,2,3,1772.85,7,31.2,2247,10,11,0,2023-10-25
SHIP02185,CUST9126,Cosmetics,C,Ship,Hyderabad-Pune,7,2,4569.46,5,62.4,5359,9,10,0,2023-11-05
SHIP02186,CUST2186,Books,C,Ship,Kolkata-Delhi,1,4,1715.34,8,37.9,5683,3,4,0,2023-01-16
SHIP02187,CUST6775,Cosmetics,C,Ship,Hyderabad-Pune,5,4,493.37,1,54.7,3526,4,9,0,2023-03-13
SHIP02188,CUST6915,Electronics,A,Road,Hyderabad-Pune,2,3,1421.87,2,34.0,4663,9,8,1,2023-01-29
SHIP02189,CUST8586,Electronics,B,Road,Delhi-Mumbai,7,2,2989.29,0,8.0,6989,10,11,0,2023-11-24
SHIP02190,CUST1216,Electronics,F,Flight,Bangalore-Chennai,1,4,1448.66,0,26.1,6268,5,6,0,2023-11-21
SHIP02191,CUST3655,Fashion,B,Flight,Hyderabad-Pune,2,1,3206.54,0,25.0,1342,8,8,1,2023-04-03
SHIP02192,CUST4204,Electronics,B,Flight,Delhi-Bangalore,4,4,780.57,7,23.6,4846,3,8,0,2023-09-13
SHIP02193,CUST6351,Cosmetics,A,Road,Mumbai-Chennai,3,4,4735.58,5,58.6,6556,7,6,1,2023-12-24
SHIP02194,CUST7232,Sporting Goods,D,Ship,Mumbai-Chennai,6,3,1340.44,5,14.2,3705,10,11,0,2023-01-26
SHIP02195,CUST8030,Sporting Goods,F,Road,Kolkata-Delhi,3,5,1073.27,4,32.9,3430,4,5,0,2023-07-14
SHIP02196,CUST9962,Cosmetics,B,Flight,Kolkata-Delhi,2,4,4895.32,4,33.6,2968,6,10,0,2023-06-30
SHIP02197,CUST8548,Cosmetics,C,Road,Kolkata-Delhi,1,5,4515.35,4,15.8,6328,5,4,1,2023-12-06
SHIP02198,CUST4578,Books,C,Flight,Delhi-Bangalore,7,4,4984.4,5,56.3,1259,9,14,0,2023-11-09
SHIP02199,CUST6228,Electronics,C,Road,Delhi-Mumbai,5,2,2706.86,6,30.1,1067,8,7,1,2023-06-06
SHIP02200,CUST5593,Fashion,F,Ship,Hyderabad-Pune,1,4,2289.5,7,59.0,5835,3,5,0,2023-04-11
SHIP02201,CUST6658,Books,A,Ship,Hyderabad-Pune,1,1,2166.38,5,36.3,3876,8,9,0,2023-11-22
SHIP02202,CUST3173,Books,A,Flight,Mumbai-Chennai,1,2,4801.17,1,20.3,3813,4,5,0,2023-01-20
SHIP02203,CUST8602,Sporting Goods,C,Road,Bangalore-Chennai,6,2,4139.38,7,40.3,3708,6,5,1,2023-03-13
SHIP02204,CUST2829,Fashion,B,Road,Mumbai-Chennai,5,1,1446.38,2,26.1,2512,6,5,1,2023-02-21
SHIP02205,CUST3441,Sporting Goods,D,Road,Kolkata-Delhi,2,3,643.95,0,34.0,5062,10,15,0,2023-05-16
SHIP02206,CUST6735,Home & Garden,C,Flight,Delhi-Mumbai,3,4,4886.32,1,38.0,3655,6,9,0,2023-04-09
SHIP02207,CUST5987,Home & Garden,C,Flight,Bangalore-Chennai,2,4,3522.83,6,8.8,2527,4,3,1,2023-09-02
SHIP02208,CUST4273,Fashion,D,Flight,Kolkata-Delhi,1,2,4244.69,5,54.0,4068,4,6,0,2023-08-22
SHIP02209,CUST7969,Home & Garden,A,Ship,Kolkata-Delhi,1,5,1361.94,1,33.2,6365,9,13,0,2023-03-27
SHIP02210,CUST1231,Sporting Goods,F,Ship,Kolkata-Delhi,5,2,510.8,6,15.6,2924,10,12,0,2023-03-23
SHIP02211,CUST9094,Electronics,C,Flight,Delhi-Mumbai,6,3,3633.41,8,9.3,2024,8,7,1,2023-08-12
SHIP02212,CUST2637,Fashion,B,Flight,Delhi-Bangalore,7,5,4606.81,8,62.2,3527,9,11,0,2023-04-27
SHIP02213,CUST5780,Books,B,Ship,Delhi-Bangalore,3,5,4097.96,6,19.4,1378,8,13,0,2023-02-16
SHIP02214,CUST4891,Electronics,B,Flight,Delhi-Bangalore,4,3,3858.83,7,24.6,2513,5,8,0,2023-03-31
SHIP02215,CUST5797,Sporting Goods,A,Road,Mumbai-Chennai,6,3,1051.0,1,33.9,6793,4,3,1,2023-06-19
SHIP02216,CUST5075,Cosmetics,F,Flight,Delhi-Bangalore,7,1,4444.33,2,43.2,5794,6,10,0,2023-06-03
SHIP02217,CUST2756,Home & Garden,A,Flight,Delhi-Bangalore,6,5,661.99,7,39.3,4193,10,12,0,2023-03-02
SHIP02218,CUST8404,Fashion,B,Road,Delhi-Mumbai,7,4,792.15,1,48.3,6989,8,13,0,2023-02-02
SHIP02219,CUST3549,Fashion,A,Road,Hyderabad-Pune,2,4,2879.28,1,51.1,4626,10,10,1,2023-11-13
SHIP02220,CUST8129,Cosmetics,A,Ship,Mumbai-Chennai,2,5,2617.84,7,31.7,4621,6,10,0,2023-08-24
SHIP02221,CUST2326,Home & Garden,B,Ship,Mumbai-Chennai,3,3,350.48,2,0.4,6293,7,8,0,2023-11-01
SHIP02222,CUST4998,Sporting Goods,D,Road,Hyderabad-Pune,1,2,3749.4,4,41.5,1452,9,13,0,2023-09-24
SHIP02223,CUST9241,Cosmetics,D,Flight,Delhi-Mumbai,2,1,1433.78,3,17.8,6610,5,8,0,2023-06-11
SHIP02224,CUST5875,Books,A,Road,Bangalore-Chennai,6,2,1276.46,6,35.2,1788,10,14,0,2023-06-28
SHIP02225,CUST3165,Cosmetics,B,Ship,Delhi-Mumbai,7,3,590.63,3,18.3,1492,3,2,1,2023-05-05
SHIP02226,CUST3616,Fashion,A,Ship,Delhi-Bangalore,5,5,928.39,3,11.3,5507,4,7,0,2023-06-08
SHIP02227,CUST7336,Sporting Goods,A,Road,Bangalore-Chennai,4,2,2135.15,0,15.4,5631,6,10,0,2023-02-09
SHIP02228,CUST8846,Fashion,D,Road,Delhi-Mumbai,4,5,3003.3,4,42.1,4509,4,8,0,2023-12-26
SHIP02229,CUST1700,Electronics,C,Ship,Delhi-Mumbai,3,1,3924.66,7,59.4,4741,10,10,1,2023-01-24
SHIP02230,CUST5407,Sporting Goods,C,Ship,Bangalore-Chennai,6,5,4205.95,5,6.8,2775,4,6,0,2023-05-04
SHIP02231,CUST7083,Electronics,A,Road,Delhi-Mumbai,5,3,4012.88,4,23.5,3976,10,9,1,2023-09-28
SHIP02232,CUST3322,Sporting Goods,D,Flight,Mumbai-Chennai,4,1,3040.2,7,27.8,1641,9,12,0,2023-08-30
SHIP02233,CUST2905,Books,F,Road,Kolkata-Delhi,7,2,4247.64,3,38.0,4283,6,8,0,2023-08-17
SHIP02234,CUST7253,Cosmetics,F,Ship,Delhi-Mumbai,3,3,2522.65,7,6.4,5460,4,4,1,2023-07-25
SHIP02235,CUST1762,Fashion,B,Ship,Bangalore-Chennai,6,3,3369.36,1,19.6,4202,10,14,0,2023-05-27
SHIP02236,CUST7951,Fashion,B,Ship,Mumbai-Chennai,6,1,450.93,7,27.0,1792,9,9,1,2023-09-11
SHIP02237,CUST2675,Home & Garden,B,Flight,Hyderabad-Pune,2,1,3044.73,8,47.9,2697,7,7,1,2023-11-17
SHIP02238,CUST1445,Home & Garden,D,Flight,Kolkata-Delhi,5,5,1998.75,8,58.7,1178,9,10,0,2023-09-03
SHIP02239,CUST4790,Electronics,A,Flight,Hyderabad-Pune,2,4,3446.27,3,26.1,2859,6,8,0,2023-10-10
SHIP02240,CUST3967,Books,B,Road,Hyderabad-Pune,1,2,2464.52,0,24.9,5901,4,9,0,2023-06-26
SHIP02241,CUST1715,Home & Garden,A,Flight,Bangalore-Chennai,6,2,2937.15,1,35.3,2395,6,7,0,2023-02-02
SHIP02242,CUST5600,Cosmetics,A,Road,Delhi-Bangalore,1,1,2728.72,7,45.3,4280,5,8,0,2023-03-22
SHIP02243,CUST6483,Books,D,Road,Hyderabad-Pune,6,5,3315.23,7,58.1,5764,3,8,0,2023-09-03
SHIP02244,CUST1931,Home & Garden,B,Ship,Delhi-Mumbai,4,1,640.86,8,55.5,3750,10,13,0,2023-11-04
SHIP02245,CUST2555,Sporting Goods,F,Road,Bangalore-Chennai,1,1,2220.08,7,13.7,6609,9,10,0,2023-09-22
SHIP02246,CUST2551,Cosmetics,B,Ship,Delhi-Bangalore,5,4,4907.24,5,54.1,4675,8,10,0,2023-05-05
SHIP02247,CUST2693,Cosmetics,F,Flight,Hyderabad-Pune,4,2,2491.22,8,33.0,1726,5,9,0,2023-08-01
SHIP02248,CUST1877,Cosmetics,F,Ship,Bangalore-Chennai,1,1,3841.69,0,32.5,4489,6,9,0,2023-12-20
SHIP02249,CUST3813,Electronics,D,Ship,Bangalore-Chennai,2,4,4612.52,3,5.0,6029,10,11,0,2023-04-07
SHIP02250,CUST1600,Electronics,C,Road,Hyderabad-Pune,7,1,1289.1,2,39.1,3423,8,9,0,2023-10-24
SHIP02251,CUST9249,Fashion,C,Road,Kolkata-Delhi,7,2,3432.4,8,49.3,2013,8,11,0,2023-06-20
SHIP02252,CUST4568,Sporting Goods,B,Ship,Mumbai-Chennai,7,3,618.62,4,4.5,5916,5,7,0,2023-05-23
SHIP02253,CUST2093,Books,C,Flight,Kolkata-Delhi,2,1,4112.61,2,45.9,4324,5,6,0,2023-10-13
SHIP02254,CUST9880,Cosmetics,B,Road,Hyderabad-Pune,3,3,1365.22,3,47.0,5545,3,2,1,2023-12-23
SHIP02255,CUST2537,Home & Garden,D,Ship,Delhi-Mumbai,5,2,142.52,7,38.9,5270,7,8,0,2023-04-30
SHIP02256,CUST1755,Books,F,Flight,Bangalore-Chennai,6,3,1875.58,8,30.2,6157,8,13,0,2023-11-15
SHIP02257,CUST3880,Books,A,Flight,Kolkata-Delhi,6,2,1710.25,1,27.2,5163,7,11,0,2023-01-17
SHIP02258,CUST4535,Sporting Goods,D,Ship,Kolkata-Delhi,4,1,2443.27,2,7.9,6381,4,3,1,2023-04-16
SHIP02259,CUST1183,Books,B,Flight,Delhi-Bangalore,6,2,3267.06,4,6.1,6052,6,10,0,2023-05-31
SHIP02260,CUST7746,Books,B,Ship,Bangalore-Chennai,2,4,1632.09,0,6.1,5458,6,11,0,2023-02-01
SHIP02261,CUST5754,Home & Garden,B,Flight,Hyderabad-Pune,7,3,860.98,0,10.2,3289,4,8,0,2023-06-08
SHIP02262,CUST1119,Books,F,Flight,Kolkata-Delhi,4,3,3537.6,1,7.7,5216,6,11,0,2023-07-08
SHIP02263,CUST6510,Cosmetics,C,Ship,Hyderabad-Pune,7,5,1496.54,4,32.2,2576,9,13,0,2023-02-03
SHIP02264,CUST1637,Home & Garden,C,Road,Delhi-Bangalore,3,3,4951.58,0,33.1,2467,4,4,1,2023-08-28
SHIP02265,CUST2156,Electronics,B,Flight,Kolkata-Delhi,3,5,1409.12,2,2.3,2429,9,14,0,2023-02-08
SHIP02266,CUST7252,Cosmetics,F,Road,Kolkata-Delhi,5,2,3899.3,5,15.2,5401,6,8,0,2023-07-15
SHIP02267,CUST5096,Electronics,A,Road,Hyderabad-Pune,7,2,3083.27,0,54.3,2888,9,8,1,2023-10-19
SHIP02268,CUST3437,Home & Garden,A,Flight,Kolkata-Delhi,6,2,2610.7,3,17.6,2567,7,7,1,2023-05-24
SHIP02269,CUST9476,Sporting Goods,F,Ship,Delhi-Bangalore,3,2,2415.94,1,61.0,5315,6,11,0,2023-06-03
SHIP02270,CUST5168,Books,A,Road,Kolkata-Delhi,7,3,4078.48,2,18.5,6959,9,11,0,2023-11-10
SHIP02271,CUST3188,Sporting Goods,C,Flight,Delhi-Mumbai,4,3,1100.59,0,37.5,3845,5,7,0,2023-11-14
SHIP02272,CUST9569,Sporting Goods,C,Road,Mumbai-Chennai,4,1,1318.82,6,52.4,5956,5,10,0,2023-10-14
SHIP02273,CUST4432,Home & Garden,F,Ship,Kolkata-Delhi,4,3,319.53,7,8.1,5501,9,10,0,2023-06-17
SHIP02274,CUST6574,Home & Garden,B,Road,Hyderabad-Pune,4,2,4679.35,4,48.1,6001,6,5,1,2023-01-20
SHIP02275,CUST9459,Cosmetics,D,Flight,Hyderabad-Pune,5,5,2939.01,7,1.1,6740,9,13,0,2023-07-13
SHIP02276,CUST1364,Cosmetics,F,Ship,Delhi-Mumbai,7,3,3144.0,1,5.3,2760,4,6,0,2023-12-25
SHIP02277,CUST2681,Home & Garden,D,Flight,Mumbai-Chennai,4,4,3666.69,0,42.4,1627,7,12,0,2023-08-18
SHIP02278,CUST2571,Cosmetics,D,Road,Mumbai-Chennai,3,5,4445.41,2,13.3,6687,9,8,1,2023-12-18
SHIP02279,CUST8126,Sporting Goods,F,Flight,Delhi-Mumbai,3,3,3821.4,0,42.0,4350,6,7,0,2023-11-09
SHIP02280,CUST4757,Cosmetics,C,Flight,Delhi-Mumbai,2,3,4516.08,8,28.3,4863,9,14,0,2023-12-29
SHIP02281,CUST3037,Home & Garden,A,Ship,Mumbai-Chennai,1,2,2740.69,7,27.8,2412,5,6,0,2023-08-17
SHIP02282,CUST9424,Electronics,D,Ship,Hyderabad-Pune,6,3,2907.55,6,55.9,1424,9,14,0,2023-06-04
SHIP02283,CUST9391,Home & Garden,B,Ship,Bangalore-Chennai,7,1,206.5,1,55.3,2157,9,9,1,2023-06-15
SHIP02284,CUST7182,Sporting Goods,C,Ship,Hyderabad-Pune,6,2,107.52,4,41.8,5126,10,13,0,2023-10-23
SHIP02285,CUST9023,Cosmetics,C,Road,Kolkata-Delhi,7,4,338.99,3,25.2,4399,8,8,1,2023-12-29
SHIP02286,CUST7921,Fashion,C,Flight,Bangalore-Chennai,3,2,3181.45,4,26.2,5896,5,4,1,2023-04-10
SHIP02287,CUST4811,Electronics,F,Ship,Bangalore-Chennai,2,2,1189.52,7,44.2,1727,9,13,0,2023-05-06
SHIP02288,CUST8348,Fashion,A,Flight,Mumbai-Chennai,3,3,2358.82,6,11.2,4387,10,14,0,2023-01-25
SHIP02289,CUST7429,Cosmetics,F,Flight,Bangalore-Chennai,1,5,3109.84,8,59.5,5959,5,7,0,2023-05-06
SHIP02290,CUST5341,Cosmetics,C,Road,Mumbai-Chennai,6,3,3285.31,4,54.6,6839,10,15,0,2023-09-11
SHIP02291,CUST6802,Fashion,D,Road,Kolkata-Delhi,7,3,4403.07,0,62.5,2966,8,8,1,2023-10-28
SHIP02292,CUST7879,Sporting Goods,D,Flight,Delhi-Mumbai,3,2,210.38,7,27.4,3905,10,12,0,2023-08-27
SHIP02293,CUST8293,Home & Garden,B,Flight,Delhi-Mumbai,1,3,3796.47,3,42.4,2703,4,5,0,2023-11-02
SHIP02294,CUST1953,Electronics,A,Road,Mumbai-Chennai,6,1,4001.91,5,25.9,6947,3,6,0,2023-10-29
SHIP02295,CUST5315,Home & Garden,B,Road,Mumbai-Chennai,6,4,1890.74,5,62.0,2640,5,5,1,2023-05-29
SHIP02296,CUST1522,Books,A,Ship,Mumbai-Chennai,4,1,4291.79,1,4.6,3011,5,7,0,2023-08-09
SHIP02297,CUST6925,Cosmetics,A,Ship,Hyderabad-Pune,6,5,2559.13,6,54.2,1658,7,10,0,2023-12-07
SHIP02298,CUST6214,Sporting Goods,B,Road,Kolkata-Delhi,7,3,2068.79,1,20.3,3510,4,7,0,2023-02-22
SHIP02299,CUST2523,Sporting Goods,D,Road,Kolkata-Delhi,6,1,1475.25,7,47.7,4371,10,12,0,2023-08-06
SHIP02300,CUST7281,Sporting Goods,B,Road,Hyderabad-Pune,1,3,3588.87,5,26.3,5918,9,13,0,2023-11-30
SHIP02301,CUST2110,Home & Garden,B,Road,Delhi-Bangalore,6,2,117.68,2,37.3,2523,8,7,1,2023-09-27
SHIP02302,CUST1284,Home & Garden,C,Flight,Bangalore-Chennai,2,5,2721.65,2,59.5,1549,10,12,0,2023-05-27
SHIP02303,CUST2101,Fashion,A,Road,Kolkata-Delhi,4,1,1610.8,4,29.3,2995,7,6,1,2023-07-01
SHIP02304,CUST2479,Home & Garden,D,Road,Bangalore-Chennai,5,3,921.53,7,19.5,3477,6,9,0,2023-10-30
SHIP02305,CUST6362,Sporting Goods,C,Flight,Delhi-Mumbai,1,2,4589.99,3,50.9,4939,5,4,1,2023-04-07
SHIP02306,CUST2344,Sporting Goods,D,Flight,Mumbai-Chennai,7,4,2447.42,1,13.2,2667,6,11,0,2023-07-02
SHIP02307,CUST4078,Electronics,B,Flight,Hyderabad-Pune,3,2,1410.93,6,50.2,5378,8,7,1,2023-09-16
SHIP02308,CUST9638,Sporting Goods,C,Road,Delhi-Bangalore,6,1,2495.9,5,22.3,6100,4,5,0,2023-04-18
SHIP02309,CUST9560,Home & Garden,A,Ship,Hyderabad-Pune,4,3,1868.93,8,54.6,1906,3,8,0,2023-10-23
SHIP02310,CUST3913,Fashion,F,Ship,Delhi-Mumbai,5,2,1624.14,1,35.6,6869,9,11,0,2023-06-26
SHIP02311,CUST4212,Sporting Goods,A,Flight,Kolkata-Delhi,2,3,722.96,2,20.3,2286,3,7,0,2023-01-29
SHIP02312,CUST7061,Sporting Goods,D,Road,Delhi-Bangalore,7,1,4218.04,1,11.3,5218,4,8,0,2023-11-08
SHIP02313,CUST4165,Home & Garden,A,Ship,Mumbai-Chennai,6,4,531.79,3,5.5,6252,8,8,1,2023-08-30
SHIP02314,CUST1884,Electronics,C,Ship,Delhi-Mumbai,2,1,4061.49,4,0.7,4612,8,9,0,2023-04-11
SHIP02315,CUST2635,Electronics,F,Road,Kolkata-Delhi,3,5,2790.24,5,20.8,4332,4,8,0,2023-12-31
SHIP02316,CUST6333,Home & Garden,A,Road,Bangalore-Chennai,2,5,2995.96,2,26.4,6028,9,9,1,2023-06-06
SHIP02317,CUST1902,Cosmetics,C,Road,Delhi-Mumbai,5,1,212.25,1,59.7,4132,7,8,0,2023-03-20
SHIP02318,CUST2528,Electronics,A,Road,Bangalore-Chennai,5,2,884.18,4,8.7,2011,9,13,0,2023-11-12
SHIP02319,CUST7838,Sporting Goods,B,Ship,Bangalore-Chennai,1,4,1843.61,6,11.1,4121,9,12,0,2023-03-14
SHIP02320,CUST9668,Fashion,C,Flight,Hyderabad-Pune,7,1,3754.2,0,22.4,2887,9,9,1,2023-01-16
SHIP02321,CUST6762,Cosmetics,B,Ship,Hyderabad-Pune,6,4,340.87,3,10.3,1249,5,9,0,2023-11-21
SHIP02322,CUST8590,Home & Garden,F,Flight,Hyderabad-Pune,4,2,1345.03,3,36.2,2000,3,7,0,2023-12-05
SHIP02323,CUST2447,Home & Garden,C,Ship,Bangalore-Chennai,7,1,1722.8,8,57.5,6263,5,8,0,2023-06-29
SHIP02324,CUST9454,Cosmetics,A,Flight,Delhi-Mumbai,3,5,240.53,2,17.0,4428,3,7,0,2023-03-17
SHIP02325,CUST8816,Home & Garden,D,Flight,Bangalore-Chennai,5,3,304.12,0,16.7,1683,8,13,0,2023-06-03
SHIP02326,CUST5253,Fashion,A,Ship,Kolkata-Delhi,3,3,2213.93,2,14.3,5578,8,10,0,2023-07-20
SHIP02327,CUST9363,Cosmetics,D,Flight,Kolkata-Delhi,6,5,3154.86,3,4.8,4189,10,13,0,2023-09-18
SHIP02328,CUST3096,Fashion,F,Ship,Delhi-Mumbai,1,2,2824.46,0,59.9,4948,3,5,0,2023-11-28
SHIP02329,CUST2304,Sporting Goods,F,Ship,Delhi-Bangalore,5,1,1115.84,1,49.4,6982,7,11,0,2023-08-17
SHIP02330,CUST6286,Books,B,Road,Delhi-Bangalore,6,5,1520.26,1,38.3,1999,7,12,0,2023-09-24
SHIP02331,CUST1782,Home & Garden,B,Flight,Kolkata-Delhi,2,5,1272.91,5,57.4,4349,7,9,0,2023-10-16
SHIP02332,CUST1922,Sporting Goods,C,Road,Delhi-Bangalore,2,4,2517.78,8,16.6,5182,10,10,1,2023-11-24
SHIP02333,CUST9662,Books,D,Flight,Kolkata-Delhi,6,2,3005.71,2,23.9,6435,9,14,0,2023-11-17
SHIP02334,CUST9610,Fashion,F,Ship,Delhi-Mumbai,5,2,855.89,5,13.6,4578,5,10,0,2023-03-23
SHIP02335,CUST5882,Books,D,Flight,Kolkata-Delhi,6,4,2561.67,6,18.1,5519,8,10,0,2023-10-02
SHIP02336,CUST5599,Sporting Goods,C,Road,Kolkata-Delhi,3,2,488.81,5,41.4,1664,6,8,0,2023-05-18
SHIP02337,CUST6402,Sporting Goods,B,Road,Bangalore-Chennai,5,4,1445.24,7,62.7,1712,10,11,0,2023-06-26
SHIP02338,CUST5769,Sporting Goods,D,Road,Delhi-Bangalore,4,4,1683.83,1,54.5,6340,4,8,0,2023-11-22
SHIP02339,CUST9077,Cosmetics,C,Flight,Delhi-Bangalore,3,5,2090.67,5,4.7,3934,4,9,0,2023-11-12
SHIP02340,CUST7607,Cosmetics,F,Road,Kolkata-Delhi,2,1,4576.22,0,36.8,2692,9,10,0,2023-02-27
SHIP02341,CUST4009,Electronics,A,Flight,Delhi-Bangalore,7,1,520.72,5,37.4,6342,8,12,0,2023-09-16
SHIP02342,CUST3368,Fashion,F,Flight,Hyderabad-Pune,7,2,1596.02,2,31.2,4360,5,5,1,2023-05-24
SHIP02343,CUST9518,Home & Garden,D,Road,Bangalore-Chennai,1,1,4041.88,8,63.1,3249,3,6,0,2023-11-18
SHIP02344,CUST4220,Home & Garden,F,Ship,Delhi-Mumbai,7,3,4365.29,7,48.6,4069,3,8,0,2023-04-15
SHIP02345,CUST2709,Home & Garden,C,Flight,Mumbai-Chennai,4,1,1790.75,2,58.0,1335,9,11,0,2023-09-06
SHIP02346,CUST7601,Books,B,Flight,Delhi-Bangalore,1,3,3772.0,6,60.1,3448,9,11,0,2023-05-17
SHIP02347,CUST3509,Books,F,Flight,Kolkata-Delhi,4,2,4034.8,5,48.0,2398,4,3,1,2023-11-03
SHIP02348,CUST4563,Sporting Goods,B,Ship,Bangalore-Chennai,4,4,1766.9,5,35.7,1731,4,5,0,2023-06-14
SHIP02349,CUST7828,Home & Garden,B,Road,Mumbai-Chennai,4,4,3242.6,4,18.8,4239,5,7,0,2023-04-04
SHIP02350,CUST1366,Cosmetics,C,Ship,Bangalore-Chennai,7,5,3515.14,1,39.5,1529,3,5,0,2023-10-15
SHIP02351,CUST7067,Electronics,B,Road,Bangalore-Chennai,6,3,1564.78,4,39.3,2353,10,12,0,2023-07-11
SHIP02352,CUST2643,Cosmetics,C,Road,Hyderabad-Pune,2,5,3820.74,3,33.6,6276,8,8,1,2023-12-11
SHIP02353,CUST8796,Home & Garden,D,Flight,Kolkata-Delhi,3,4,3922.65,0,31.3,3962,8,12,0,2023-10-20
SHIP02354,CUST5314,Books,B,Road,Mumbai-Chennai,2,4,2731.51,7,6.6,4363,8,9,0,2023-11-10
SHIP02355,CUST5352,Sporting Goods,A,Flight,Kolkata-Delhi,6,2,1562.45,1,22.5,3948,5,5,1,2023-01-02
SHIP02356,CUST1834,Books,A,Ship,Delhi-Mumbai,3,3,2365.48,3,49.8,6034,10,12,0,2023-03-05
SHIP02357,CUST2175,Books,C,Road,Hyderabad-Pune,4,2,947.45,5,30.4,5099,7,7,1,2023-12-06
SHIP02358,CUST2701,Fashion,C,Flight,Bangalore-Chennai,6,4,1614.2,6,34.7,6314,8,10,0,2023-05-11
SHIP02359,CUST6145,Fashion,B,Ship,Hyderabad-Pune,3,3,1812.64,0,54.2,6522,8,10,0,2023-04-20
SHIP02360,CUST5938,Cosmetics,C,Road,Delhi-Mumbai,6,4,2072.01,2,51.2,5349,8,10,0,2023-11-03
SHIP02361,CUST2926,Fashion,D,Ship,Delhi-Bangalore,2,3,2275.79,4,1.2,1833,7,11,0,2023-11-24
SHIP02362,CUST8284,Books,A,Flight,Bangalore-Chennai,4,5,2496.78,3,63.3,2019,7,9,0,2023-10-31
SHIP02363,CUST6571,Electronics,F,Road,Delhi-Bangalore,4,3,1927.03,6,2.4,4780,8,12,0,2023-06-13
SHIP02364,CUST7361,Electronics,A,Ship,Kolkata-Delhi,3,5,3421.24,0,49.3,4590,3,3,1,2023-11-08
SHIP02365,CUST5418,Sporting Goods,A,Flight,Hyderabad-Pune,4,5,972.68,8,20.3,6569,3,5,0,2023-08-24
SHIP02366,CUST3557,Electronics,C,Road,Delhi-Bangalore,6,5,3876.19,6,28.9,6544,4,6,0,2023-12-27
SHIP02367,CUST8019,Cosmetics,B,Flight,Bangalore-Chennai,7,3,3545.83,6,3.0,1473,6,7,0,2023-04-12
SHIP02368,CUST9748,Sporting Goods,B,Flight,Delhi-Mumbai,2,2,4024.14,1,49.0,6014,10,10,1,2023-03-10
SHIP02369,CUST4105,Electronics,F,Flight,Mumbai-Chennai,2,4,3212.74,3,28.1,6508,3,2,1,2023-05-20
SHIP02370,CUST7783,Cosmetics,A,Road,Mumbai-Chennai,5,1,1060.48,0,43.2,4737,6,7,0,2023-09-03
SHIP02371,CUST8159,Home & Garden,F,Ship,Kolkata-Delhi,7,1,2616.96,5,11.8,6483,6,11,0,2023-07-06
SHIP02372,CUST5332,Books,A,Ship,Hyderabad-Pune,7,5,2012.67,1,5.7,2034,9,9,1,2023-08-30
SHIP02373,CUST2237,Home & Garden,B,Flight,Delhi-Bangalore,7,4,504.78,1,38.1,6258,5,5,1,2023-03-27
SHIP02374,CUST6015,Cosmetics,C,Flight,Mumbai-Chennai,6,3,1949.96,5,45.5,2481,5,10,0,2023-06-20
SHIP02375,CUST5590,Home & Garden,A,Ship,Hyderabad-Pune,1,5,3362.09,5,5.5,4129,8,12,0,2023-06-12
SHIP02376,CUST1299,Books,C,Ship,Delhi-Mumbai,2,5,4145.09,8,6.5,5858,10,10,1,2023-09-19
SHIP02377,CUST9404,Home & Garden,A,Road,Mumbai-Chennai,7,4,4701.59,4,24.8,2102,6,8,0,2023-08-08
SHIP02378,CUST5276,Books,F,Ship,Delhi-Bangalore,2,3,1408.12,0,58.5,1911,5,4,1,2023-02-08
SHIP02379,CUST9875,Fashion,D,Ship,Delhi-Bangalore,1,5,2460.25,6,59.8,4839,5,7,0,2023-03-28
SHIP02380,CUST1173,Cosmetics,D,Flight,Delhi-Mumbai,5,2,3899.85,6,9.4,5945,10,9,1,2023-10-21
SHIP02381,CUST7898,Books,D,Road,Delhi-Mumbai,6,4,1009.15,1,32.4,1342,8,7,1,2023-09-05
SHIP02382,CUST9456,Cosmetics,F,Ship,Bangalore-Chennai,3,1,2554.92,3,2.9,6499,7,10,0,2023-09-26
SHIP02383,CUST6382,Cosmetics,C,Road,Kolkata-Delhi,4,3,635.02,1,26.1,3645,5,7,0,2023-06-02
SHIP02384,CUST1334,Cosmetics,C,Road,Delhi-Mumbai,5,4,3261.35,3,19.4,3754,6,9,0,2023-12-16
SHIP02385,CUST8383,Books,A,Ship,Hyderabad-Pune,1,3,2837.4,1,12.2,5463,4,8,0,2023-11-02
SHIP02386,CUST8611,Electronics,D,Flight,Delhi-Bangalore,1,3,4619.14,1,38.9,6223,5,8,0,2023-07-20
SHIP02387,CUST6585,Fashion,D,Ship,Delhi-Bangalore,2,1,2174.87,0,35.8,5178,9,13,0,2023-03-12
SHIP02388,CUST9427,Electronics,B,Road,Delhi-Bangalore,2,3,2771.66,8,53.8,2573,10,11,0,2023-05-22
SHIP02389,CUST6932,Cosmetics,B,Flight,Delhi-Mumbai,4,3,1756.55,4,24.5,2783,4,3,1,2023-07-29
SHIP02390,CUST3669,Books,A,Flight,Delhi-Mumbai,7,1,837.65,8,15.9,1710,8,7,1,2023-01-14
SHIP02391,CUST8900,Sporting Goods,F,Ship,Delhi-Bangalore,3,5,2323.6,7,60.4,1667,8,9,0,2023-09-20
SHIP02392,CUST4149,Electronics,C,Flight,Hyderabad-Pune,4,1,4476.93,4,4.8,3077,10,14,0,2023-01-14
SHIP02393,CUST2527,Cosmetics,C,Road,Delhi-Bangalore,7,5,2993.92,3,15.5,4155,9,8,1,2023-06-18
SHIP02394,CUST8430,Cosmetics,D,Flight,Bangalore-Chennai,4,1,146.01,4,14.6,3659,7,6,1,2023-10-13
SHIP02395,CUST4820,Electronics,D,Ship,Delhi-Mumbai,2,2,967.53,6,48.6,6919,10,14,0,2023-11-22
SHIP02396,CUST5325,Home & Garden,A,Ship,Mumbai-Chennai,5,3,4494.83,0,38.1,6741,10,11,0,2023-09-13
SHIP02397,CUST2918,Sporting Goods,A,Flight,Kolkata-Delhi,1,3,4241.12,2,31.4,4727,10,14,0,2023-04-22
SHIP02398,CUST5897,Cosmetics,D,Ship,Delhi-Mumbai,1,1,2472.17,7,25.5,4682,8,13,0,2023-10-24
SHIP02399,CUST6752,Cosmetics,C,Flight,Delhi-Bangalore,5,5,3972.22,2,10.8,6596,8,9,0,2023-12-11
SHIP02400,CUST6535,Home & Garden,A,Ship,Hyderabad-Pune,1,5,2586.61,6,34.3,3857,6,7,0,2023-09-17
SHIP02401,CUST7208,Books,F,Road,Hyderabad-Pune,2,4,431.63,8,8.6,4356,9,8,1,2023-08-11
SHIP02402,CUST8255,Cosmetics,D,Flight,Hyderabad-Pune,3,4,300.31,3,37.0,4328,10,9,1,2023-11-16
SHIP02403,CUST9142,Cosmetics,F,Ship,Bangalore-Chennai,7,4,441.82,1,3.6,4586,5,7,0,2023-04-25
SHIP02404,CUST3130,Sporting Goods,F,Flight,Delhi-Bangalore,2,1,2093.65,2,18.7,2343,6,7,0,2023-03-05
SHIP02405,CUST4962,Electronics,B,Ship,Hyderabad-Pune,5,2,1335.93,6,1.5,4286,6,6,1,2023-12-17
SHIP02406,CUST5236,Books,B,Road,Delhi-Mumbai,4,5,1784.57,2,12.4,4585,3,8,0,2023-07-13
SHIP02407,CUST6005,Electronics,B,Road,Mumbai-Chennai,2,4,3605.47,0,2.1,4133,9,10,0,2023-03-13
SHIP02408,CUST6510,Home & Garden,F,Flight,Mumbai-Chennai,2,1,670.59,8,50.9,3096,7,8,0,2023-09-29
SHIP02409,CUST6095,Fashion,F,Ship,Mumbai-Chennai,2,4,2109.97,4,63.1,3991,5,6,0,2023-06-29
SHIP02410,CUST8858,Sporting Goods,D,Road,Hyderabad-Pune,6,4,2767.35,0,44.1,1344,8,13,0,2023-01-16
SHIP02411,CUST3130,Fashion,A,Ship,Delhi-Mumbai,4,1,4519.63,1,40.4,6874,6,10,0,2023-10-30
SHIP02412,CUST7794,Fashion,F,Road,Bangalore-Chennai,2,5,4074.44,8,50.5,2306,8,11,0,2023-07-25
SHIP02413,CUST2249,Home & Garden,B,Flight,Hyderabad-Pune,3,4,951.04,1,30.8,6460,10,10,1,2023-12-25
SHIP02414,CUST2881,Cosmetics,A,Ship,Delhi-Bangalore,7,2,2755.32,8,0.4,1036,9,10,0,2023-06-03
SHIP02415,CUST1677,Fashion,F,Flight,Mumbai-Chennai,3,1,835.31,0,9.6,2304,3,4,0,2023-02-10
SHIP02416,CUST6912,Home & Garden,C,Flight,Delhi-Mumbai,4,3,2696.15,2,42.8,6703,3,2,1,2023-09-08
SHIP02417,CUST7648,Cosmetics,B,Flight,Mumbai-Chennai,6,1,3921.6,5,11.1,6578,4,3,1,2023-05-18
SHIP02418,CUST3798,Electronics,B,Road,Kolkata-Delhi,1,4,2719.31,5,19.0,5447,10,11,0,2023-05-22
SHIP02419,CUST7102,Sporting Goods,D,Ship,Delhi-Bangalore,6,5,1159.22,8,46.0,1085,6,6,1,2023-01-07
SHIP02420,CUST5253,Home & Garden,D,Road,Delhi-Bangalore,2,2,2066.55,1,17.4,6436,9,8,1,2023-02-15
SHIP02421,CUST2633,Sporting Goods,D,Ship,Delhi-Mumbai,3,1,3639.6,6,32.3,4959,8,11,0,2023-12-27
SHIP02422,CUST3115,Home & Garden,A,Road,Delhi-Bangalore,1,1,4257.09,2,35.7,6905,5,4,1,2023-11-13
SHIP02423,CUST4716,Books,B,Road,Kolkata-Delhi,7,1,4173.57,3,49.0,5796,8,8,1,2023-05-02
SHIP02424,CUST2689,Home & Garden,F,Road,Mumbai-Chennai,3,1,478.89,3,52.1,6291,8,11,0,2023-03-24
SHIP02425,CUST3701,Electronics,D,Flight,Kolkata-Delhi,3,1,4975.1,4,59.5,3449,10,9,1,2023-05-25
SHIP02426,CUST7750,Fashion,D,Ship,Mumbai-Chennai,5,1,2633.94,8,15.5,1574,10,15,0,2023-05-02
SHIP02427,CUST8697,Books,D,Ship,Bangalore-Chennai,4,4,2452.08,4,19.3,6204,5,6,0,2023-12-01
SHIP02428,CUST6613,Home & Garden,F,Flight,Hyderabad-Pune,4,2,3057.65,6,23.5,1903,7,7,1,2023-11-19
SHIP02429,CUST6036,Fashion,F,Road,Bangalore-Chennai,1,2,3105.58,0,49.6,2854,8,10,0,2023-12-31
SHIP02430,CUST1307,Books,C,Ship,Mumbai-Chennai,4,5,4334.31,0,40.7,6906,7,10,0,2023-11-28
SHIP02431,CUST1155,Sporting Goods,A,Flight,Bangalore-Chennai,3,4,1217.47,6,8.3,2374,3,6,0,2023-05-27
SHIP02432,CUST3267,Fashion,C,Flight,Hyderabad-Pune,2,1,1182.04,3,3.4,1692,9,11,0,2023-12-22
SHIP02433,CUST1960,Electronics,C,Ship,Kolkata-Delhi,2,1,4726.69,1,48.9,2510,7,12,0,2023-11-19
SHIP02434,CUST2078,Home & Garden,D,Flight,Kolkata-Delhi,5,1,4406.13,1,33.9,2031,5,7,0,2023-06-09
SHIP02435,CUST9642,Books,C,Flight,Mumbai-Chennai,2,2,2918.52,3,54.2,6303,6,6,1,2023-06-18
SHIP02436,CUST7806,Books,D,Flight,Delhi-Mumbai,3,2,4328.92,0,51.3,2361,8,11,0,2023-08-02
SHIP02437,CUST5934,Cosmetics,B,Flight,Mumbai-Chennai,1,1,3626.54,2,39.3,1130,9,14,0,2023-03-25
SHIP02438,CUST1910,Cosmetics,C,Flight,Kolkata-Delhi,1,3,1575.42,7,32.7,3043,3,7,0,2023-11-22
SHIP02439,CUST1860,Books,C,Ship,Bangalore-Chennai,2,1,2062.71,7,38.9,6931,8,9,0,2023-05-14
SHIP02440,CUST8256,Home & Garden,C,Road,Delhi-Bangalore,5,2,1598.31,3,44.5,4278,3,7,0,2023-08-10
SHIP02441,CUST4473,Books,F,Ship,Bangalore-Chennai,3,2,2615.58,8,45.1,3739,3,4,0,2023-06-13
SHIP02442,CUST9371,Electronics,B,Ship,Delhi-Mumbai,4,2,1458.45,3,40.9,6564,10,10,1,2023-05-08
SHIP02443,CUST4768,Cosmetics,C,Ship,Delhi-Bangalore,2,3,3814.95,4,1.4,5669,6,5,1,2023-04-03
SHIP02444,CUST8514,Fashion,A,Ship,Delhi-Bangalore,3,1,1688.56,1,26.0,2028,8,8,1,2024-01-01
SHIP02445,CUST6351,Electronics,A,Flight,Bangalore-Chennai,1,3,4741.33,5,34.7,5084,6,11,0,2023-03-09
SHIP02446,CUST5370,Books,A,Flight,Delhi-Bangalore,2,3,4736.89,6,19.9,1644,3,8,0,2023-10-28
SHIP02447,CUST2435,Fashion,C,Ship,Hyderabad-Pune,7,1,4712.76,8,4.9,1746,5,6,0,2023-07-10
SHIP02448,CUST1349,Home & Garden,B,Road,Bangalore-Chennai,3,5,4808.89,1,40.1,4853,6,11,0,2023-06-26
SHIP02449,CUST9146,Home & Garden,C,Flight,Delhi-Mumbai,4,4,4007.96,2,62.3,6175,4,5,0,2023-12-21
SHIP02450,CUST5030,Electronics,D,Ship,Bangalore-Chennai,4,2,4242.34,1,43.6,5394,5,6,0,2023-07-29
SHIP02451,CUST4890,Home & Garden,B,Ship,Delhi-Mumbai,4,4,4703.78,5,2.7,2260,8,12,0,2023-08-10
SHIP02452,CUST7314,Sporting Goods,C,Road,Bangalore-Chennai,4,5,2282.42,1,19.9,6618,3,4,0,2023-11-07
SHIP02453,CUST1392,Sporting Goods,A,Road,Hyderabad-Pune,1,1,316.24,4,49.7,4420,6,10,0,2023-08-05
SHIP02454,CUST4547,Sporting Goods,B,Flight,Hyderabad-Pune,5,5,2830.61,8,38.6,1313,4,9,0,2023-01-26
SHIP02455,CUST2877,Cosmetics,B,Road,Hyderabad-Pune,1,4,4837.74,7,46.0,3886,7,12,0,2023-07-20
SHIP02456,CUST6787,Cosmetics,F,Ship,Mumbai-Chennai,6,1,3338.11,6,21.7,4278,4,7,0,2023-12-17
SHIP02457,CUST3885,Sporting Goods,A,Ship,Kolkata-Delhi,2,4,867.31,0,47.1,5538,5,7,0,2023-09-03
SHIP02458,CUST5757,Cosmetics,B,Road,Delhi-Bangalore,4,2,1823.35,4,1.2,5225,4,8,0,2023-12-09
SHIP02459,CUST1471,Sporting Goods,B,Ship,Kolkata-Delhi,5,4,4766.27,8,49.4,5784,6,10,0,2023-12-31
SHIP02460,CUST5182,Home & Garden,C,Road,Hyderabad-Pune,2,4,2361.11,1,16.9,4938,8,7,1,2023-11-25
SHIP02461,CUST8123,Cosmetics,F,Road,Bangalore-Chennai,4,4,1925.61,8,21.9,5025,7,10,0,2023-01-19
SHIP02462,CUST5986,Home & Garden,D,Ship,Mumbai-Chennai,6,5,3998.47,6,13.5,3487,4,3,1,2023-08-06
SHIP02463,CUST9253,Electronics,D,Ship,Hyderabad-Pune,2,1,3626.82,2,22.7,3835,6,11,0,2023-02-15
SHIP02464,CUST4935,Cosmetics,D,Flight,Delhi-Bangalore,1,2,587.17,7,44.7,4940,9,10,0,2023-04-20
SHIP02465,CUST7810,Electronics,C,Flight,Hyderabad-Pune,4,2,161.81,1,9.3,6445,4,7,0,2023-03-24
SHIP02466,CUST5752,Home & Garden,C,Ship,Bangalore-Chennai,1,3,1549.36,0,33.0,6897,3,3,1,2023-07-11
SHIP02467,CUST4420,Sporting Goods,D,Flight,Bangalore-Chennai,4,2,2650.1,7,8.8,4092,3,7,0,2023-10-16
SHIP02468,CUST1216,Fashion,C,Ship,Hyderabad-Pune,2,1,234.74,1,18.9,3563,4,6,0,2023-04-20
SHIP02469,CUST4703,Electronics,D,Road,Bangalore-Chennai,3,1,2244.65,6,20.4,3223,5,8,0,2023-06-07
SHIP02470,CUST3500,Sporting Goods,F,Flight,Bangalore-Chennai,2,3,588.9,6,10.2,3759,9,14,0,2023-07-18
SHIP02471,CUST7622,Electronics,A,Ship,Delhi-Bangalore,2,1,735.23,4,2.5,4131,5,7,0,2023-06-17
SHIP02472,CUST4022,Home & Garden,A,Road,Mumbai-Chennai,5,5,3709.24,4,6.6,5231,10,12,0,2023-02-22
SHIP02473,CUST1196,Home & Garden,A,Flight,Kolkata-Delhi,4,1,3577.23,1,55.2,2781,5,10,0,2023-09-17
SHIP02474,CUST5815,Home & Garden,D,Road,Hyderabad-Pune,1,5,2828.68,3,27.1,3673,5,7,0,2023-09-27
SHIP02475,CUST6291,Sporting Goods,C,Flight,Mumbai-Chennai,2,1,809.26,4,45.1,2222,5,7,0,2023-07-20
SHIP02476,CUST7437,Fashion,A,Ship,Kolkata-Delhi,2,4,476.37,5,2.7,1603,7,10,0,2023-10-06
SHIP02477,CUST3498,Cosmetics,D,Road,Hyderabad-Pune,7,1,4608.42,1,39.3,3036,4,7,0,2023-01-17
SHIP02478,CUST2397,Electronics,C,Flight,Delhi-Mumbai,7,5,2882.52,1,54.0,5752,9,8,1,2023-07-16
SHIP02479,CUST7199,Books,F,Ship,Mumbai-Chennai,6,4,2105.11,8,43.5,2731,5,9,0,2023-06-11
SHIP02480,CUST4611,Home & Garden,A,Flight,Delhi-Mumbai,2,1,2626.78,1,61.4,5606,7,6,1,2023-01-24
SHIP02481,CUST6600,Electronics,B,Ship,Mumbai-Chennai,6,1,2280.18,0,20.1,4689,4,5,0,2023-01-05
SHIP02482,CUST7784,Electronics,F,Road,Mumbai-Chennai,7,1,4052.69,6,29.5,3424,3,6,0,2023-07-04
SHIP02483,CUST2133,Electronics,B,Ship,Mumbai-Chennai,7,3,3838.34,6,17.7,4881,10,13,0,2023-04-19
SHIP02484,CUST8499,Home & Garden,D,Road,Mumbai-Chennai,7,1,2329.47,4,1.8,2759,5,10,0,2023-03-20
SHIP02485,CUST9605,Cosmetics,A,Road,Delhi-Bangalore,2,5,622.06,3,25.6,6037,10,11,0,2023-05-13
SHIP02486,CUST7627,Home & Garden,A,Ship,Kolkata-Delhi,1,2,922.37,7,22.8,1535,7,6,1,2023-04-06
SHIP02487,CUST7497,Fashion,A,Road,Delhi-Mumbai,1,1,4982.61,6,41.9,3419,3,4,0,2023-09-08
SHIP02488,CUST3715,Home & Garden,B,Flight,Delhi-Mumbai,4,3,204.46,4,28.7,5268,9,14,0,2023-02-18
SHIP02489,CUST5920,Sporting Goods,D,Road,Bangalore-Chennai,5,5,2995.62,8,16.4,1568,9,11,0,2023-11-03
SHIP02490,CUST5037,Cosmetics,A,Ship,Delhi-Mumbai,4,4,119.25,1,28.9,2817,10,9,1,2023-11-29
SHIP02491,CUST6078,Sporting Goods,B,Ship,Delhi-Mumbai,4,5,605.99,1,28.8,5700,10,11,0,2023-10-21
SHIP02492,CUST1598,Home & Garden,F,Ship,Delhi-Bangalore,1,3,1504.41,1,61.4,3921,9,14,0,2023-01-27
SHIP02493,CUST7928,Cosmetics,C,Ship,Delhi-Bangalore,2,5,1584.89,6,64.0,3805,8,13,0,2023-10-31
SHIP02494,CUST2784,Cosmetics,A,Ship,Bangalore-Chennai,2,3,1294.64,0,57.0,1453,8,8,1,2023-04-28
SHIP02495,CUST3950,Cosmetics,D,Flight,Delhi-Bangalore,6,4,3616.4,7,42.1,4738,7,10,0,2023-12-22
SHIP02496,CUST4546,Sporting Goods,C,Flight,Bangalore-Chennai,2,3,2582.18,2,60.4,2606,6,5,1,2023-08-21
SHIP02497,CUST7162,Home & Garden,B,Road,Delhi-Bangalore,7,4,3328.38,6,36.0,6437,8,13,0,2023-09-27
SHIP02498,CUST2281,Fashion,C,Road,Delhi-Bangalore,7,1,4483.28,7,59.6,4199,4,5,0,2023-12-26
SHIP02499,CUST1096,Home & Garden,C,Road,Bangalore-Chennai,1,4,4376.3,5,30.1,2026,10,9,1,2023-08-09
SHIP02500,CUST7366,Fashion,C,Ship,Kolkata-Delhi,6,5,2830.73,3,60.7,4039,4,8,0,2023-03-04
SHIP02501,CUST7564,Fashion,F,Road,Bangalore-Chennai,5,4,176.32,4,43.1,6147,7,9,0,2023-06-04
SHIP02502,CUST1080,Fashion,F,Road,Delhi-Bangalore,3,2,2429.64,1,47.1,4236,8,9,0,2023-09-06
SHIP02503,CUST3472,Home & Garden,C,Ship,Hyderabad-Pune,7,1,1713.41,2,25.3,1439,9,13,0,2023-10-26
SHIP02504,CUST2314,Electronics,A,Ship,Mumbai-Chennai,4,1,2134.86,7,12.5,3112,3,2,1,2023-12-08
SHIP02505,CUST9425,Electronics,B,Ship,Delhi-Bangalore,1,1,3395.67,8,33.3,6366,7,12,0,2023-11-16
SHIP02506,CUST7151,Sporting Goods,F,Ship,Bangalore-Chennai,6,5,4278.22,7,8.3,6520,6,9,0,2023-06-05
SHIP02507,CUST5320,Books,C,Road,Delhi-Mumbai,4,4,4748.57,3,40.8,4380,6,5,1,2023-02-01
SHIP02508,CUST2150,Sporting Goods,B,Ship,Delhi-Mumbai,7,5,2780.06,2,1.4,2747,8,9,0,2023-08-03
SHIP02509,CUST5709,Electronics,D,Flight,Delhi-Mumbai,6,2,4159.5,2,12.3,3144,4,7,0,2023-07-23
SHIP02510,CUST8149,Sporting Goods,B,Flight,Hyderabad-Pune,2,3,4574.0,1,26.9,4788,4,8,0,2023-11-18
SHIP02511,CUST4994,Fashion,B,Road,Bangalore-Chennai,1,5,3697.45,2,63.5,2146,9,10,0,2023-01-08
SHIP02512,CUST8441,Electronics,B,Flight,Hyderabad-Pune,2,4,2957.55,5,55.0,2355,5,9,0,2023-07-25
SHIP02513,CUST7790,Home & Garden,C,Flight,Bangalore-Chennai,5,3,3824.59,3,52.1,6159,5,6,0,2023-04-05
SHIP02514,CUST9882,Cosmetics,F,Ship,Delhi-Mumbai,1,3,3937.45,3,14.4,4490,9,14,0,2023-12-27
SHIP02515,CUST9515,Electronics,C,Road,Kolkata-Delhi,4,1,4220.46,5,45.7,5864,7,6,1,2023-11-06
SHIP02516,CUST7367,Books,B,Flight,Hyderabad-Pune,4,5,355.44,5,37.5,6636,3,8,0,2023-11-24
SHIP02517,CUST5365,Cosmetics,B,Flight,Delhi-Bangalore,1,4,975.03,6,25.7,1184,5,4,1,2024-01-01
SHIP02518,CUST6308,Sporting Goods,C,Ship,Hyderabad-Pune,7,1,958.52,5,22.4,6072,6,6,1,2023-04-08
SHIP02519,CUST8460,Sporting Goods,B,Road,Mumbai-Chennai,4,5,1647.65,5,4.4,6271,10,12,0,2023-04-27
SHIP02520,CUST5414,Books,A,Ship,Delhi-Mumbai,4,2,4939.43,7,0.8,6820,5,6,0,2023-08-20
SHIP02521,CUST7438,Books,D,Flight,Delhi-Mumbai,1,2,1887.36,8,19.0,2313,9,9,1,2023-07-01
SHIP02522,CUST1236,Sporting Goods,A,Flight,Kolkata-Delhi,2,1,3741.27,8,45.5,5735,6,6,1,2023-01-16
SHIP02523,CUST3282,Sporting Goods,D,Ship,Delhi-Bangalore,7,1,292.65,7,44.4,5273,5,9,0,2023-05-10
SHIP02524,CUST8231,Fashion,D,Flight,Mumbai-Chennai,5,3,831.79,0,30.7,1053,6,5,1,2023-03-29
SHIP02525,CUST1368,Sporting Goods,C,Ship,Hyderabad-Pune,4,3,4165.06,1,28.4,6869,4,7,0,2023-08-18
SHIP02526,CUST8043,Fashion,D,Flight,Delhi-Mumbai,2,5,3683.71,5,23.0,1748,5,7,0,2023-11-10
SHIP02527,CUST2323,Electronics,F,Ship,Hyderabad-Pune,3,5,3866.06,2,8.4,2416,3,2,1,2023-07-06
SHIP02528,CUST1210,Fashion,D,Ship,Kolkata-Delhi,2,2,1279.07,0,10.0,6359,6,10,0,2023-01-25
SHIP02529,CUST4119,Books,C,Road,Delhi-Bangalore,7,3,1067.71,7,21.5,2676,6,5,1,2023-12-28
SHIP02530,CUST3319,Sporting Goods,A,Road,Delhi-Mumbai,7,4,3576.37,3,8.1,4492,4,6,0,2023-10-21
SHIP02531,CUST8720,Books,C,Ship,Delhi-Bangalore,2,1,1345.77,4,59.1,1526,9,14,0,2023-10-13
SHIP02532,CUST8141,Cosmetics,C,Road,Kolkata-Delhi,1,1,3460.29,4,18.9,3713,3,5,0,2023-02-20
SHIP02533,CUST2556,Cosmetics,D,Flight,Delhi-Bangalore,5,4,4167.66,2,33.5,5803,3,2,1,2023-06-18
SHIP02534,CUST2949,Home & Garden,A,Flight,Delhi-Mumbai,6,5,4825.19,6,40.0,6776,5,6,0,2023-02-19
SHIP02535,CUST3001,Home & Garden,B,Road,Mumbai-Chennai,3,2,3520.84,2,8.7,5527,9,8,1,2023-04-10
SHIP02536,CUST9982,Fashion,D,Road,Kolkata-Delhi,6,3,1251.56,4,48.1,6729,3,4,0,2023-09-15
SHIP02537,CUST3856,Home & Garden,B,Road,Mumbai-Chennai,1,1,526.0,5,50.5,3659,7,9,0,2023-07-27
SHIP02538,CUST8133,Fashion,D,Flight,Bangalore-Chennai,5,5,2737.68,6,2.6,1675,8,11,0,2023-12-18
SHIP02539,CUST1306,Fashion,A,Flight,Mumbai-Chennai,7,5,4465.38,8,0.5,5857,10,11,0,2023-09-30
SHIP02540,CUST8074,Electronics,C,Ship,Delhi-Bangalore,5,2,1903.08,5,62.4,3416,10,9,1,2023-10-06
SHIP02541,CUST1740,Home & Garden,C,Road,Kolkata-Delhi,4,3,2280.09,1,7.0,2543,8,11,0,2023-04-03
SHIP02542,CUST4661,Electronics,C,Flight,Kolkata-Delhi,4,2,2266.54,4,21.1,6593,10,13,0,2023-10-08
SHIP02543,CUST1009,Sporting Goods,F,Flight,Hyderabad-Pune,5,4,4566.66,0,51.9,1893,4,3,1,2023-07-19
SHIP02544,CUST3974,Electronics,B,Ship,Kolkata-Delhi,6,5,3016.05,6,4.0,5210,8,12,0,2023-03-27
SHIP02545,CUST8088,Books,A,Ship,Bangalore-Chennai,5,5,4451.8,3,0.5,5061,6,7,0,2023-08-23
SHIP02546,CUST2914,Books,B,Road,Hyderabad-Pune,5,4,2928.85,2,30.3,6188,7,9,0,2023-02-24
SHIP02547,CUST1796,Fashion,B,Road,Bangalore-Chennai,4,5,4421.45,5,57.4,2192,8,12,0,2023-07-21
SHIP02548,CUST9390,Cosmetics,F,Road,Delhi-Mumbai,5,3,3902.12,7,25.7,2988,8,12,0,2023-11-26
SHIP02549,CUST1140,Books,A,Flight,Delhi-Bangalore,4,5,1494.38,4,50.8,3561,3,7,0,2023-10-19
SHIP02550,CUST5139,Home & Garden,C,Ship,Delhi-Mumbai,4,4,2949.5,2,48.3,2109,10,14,0,2023-11-25
SHIP02551,CUST5666,Books,B,Flight,Kolkata-Delhi,7,3,4968.22,1,44.8,1253,9,13,0,2023-06-25
SHIP02552,CUST9444,Fashion,F,Road,Mumbai-Chennai,6,5,3729.78,7,52.8,6767,7,7,1,2023-06-24
SHIP02553,CUST6148,Cosmetics,F,Ship,Bangalore-Chennai,4,3,2141.53,8,4.7,4907,9,10,0,2023-09-17
SHIP02554,CUST6023,Books,A,Flight,Bangalore-Chennai,2,1,4980.79,1,52.4,4817,7,12,0,2023-04-22
SHIP02555,CUST4167,Home & Garden,A,Road,Bangalore-Chennai,1,4,2588.52,3,25.2,2283,10,12,0,2023-02-18
SHIP02556,CUST9209,Home & Garden,C,Ship,Delhi-Bangalore,2,4,2950.05,5,8.4,5541,5,5,1,2023-04-12
SHIP02557,CUST4068,Fashion,A,Ship,Bangalore-Chennai,7,4,1643.8,2,29.8,3568,8,12,0,2023-01-23
SHIP02558,CUST5665,Sporting Goods,D,Ship,Mumbai-Chennai,5,1,1023.04,2,16.0,4949,8,13,0,2023-03-02
SHIP02559,CUST7944,Sporting Goods,C,Ship,Hyderabad-Pune,2,3,1638.42,5,45.2,1343,10,9,1,2023-05-30
SHIP02560,CUST7735,Electronics,D,Flight,Delhi-Mumbai,2,4,4874.44,4,60.9,3952,5,4,1,2023-01-21
SHIP02561,CUST7416,Electronics,B,Ship,Hyderabad-Pune,5,2,4643.14,1,62.2,2208,7,12,0,2023-08-29
SHIP02562,CUST7856,Home & Garden,A,Flight,Bangalore-Chennai,4,1,4540.02,2,56.5,5432,10,14,0,2023-01-08
SHIP02563,CUST1432,Home & Garden,D,Flight,Mumbai-Chennai,4,5,3505.38,3,43.6,3102,6,10,0,2023-12-30
SHIP02564,CUST6572,Sporting Goods,C,Ship,Delhi-Bangalore,4,2,3557.89,6,0.4,5083,8,9,0,2023-06-15
SHIP02565,CUST6105,Fashion,B,Road,Delhi-Bangalore,4,4,4303.35,3,37.5,5920,10,15,0,2023-10-03
SHIP02566,CUST7734,Electronics,A,Road,Delhi-Bangalore,6,2,2061.51,6,46.9,2164,3,4,0,2023-12-14
SHIP02567,CUST4010,Books,B,Ship,Delhi-Mumbai,5,4,1935.17,5,44.0,4280,9,12,0,2023-01-09
SHIP02568,CUST1608,Cosmetics,D,Ship,Bangalore-Chennai,1,3,3423.25,2,2.5,2697,4,6,0,2023-11-07
SHIP02569,CUST1543,Cosmetics,D,Road,Kolkata-Delhi,2,1,1973.72,1,35.8,2586,6,7,0,2023-06-08
SHIP02570,CUST4788,Sporting Goods,A,Road,Hyderabad-Pune,2,5,4607.34,2,7.3,3762,6,11,0,2023-12-18
SHIP02571,CUST2393,Fashion,B,Flight,Delhi-Mumbai,7,1,4498.81,2,57.5,5185,6,5,1,2023-09-03
SHIP02572,CUST8282,Books,C,Ship,Kolkata-Delhi,7,1,1646.23,8,21.1,5435,6,10,0,2023-08-26
SHIP02573,CUST9970,Fashion,A,Flight,Delhi-Bangalore,2,2,3495.55,8,54.0,1211,10,15,0,2023-03-27
SHIP02574,CUST1868,Home & Garden,C,Flight,Bangalore-Chennai,4,3,2566.02,5,8.9,3217,4,4,1,2023-08-04
SHIP02575,CUST7831,Books,A,Road,Kolkata-Delhi,7,3,2255.81,4,59.6,3806,10,12,0,2023-01-07
SHIP02576,CUST4563,Cosmetics,F,Flight,Bangalore-Chennai,3,4,2524.61,8,17.0,4616,5,6,0,2023-08-25
SHIP02577,CUST5466,Cosmetics,C,Flight,Kolkata-Delhi,4,1,4970.64,1,9.2,6036,3,8,0,2023-12-23
SHIP02578,CUST6018,Fashion,D,Road,Delhi-Mumbai,7,5,768.02,2,58.1,6628,10,10,1,2023-10-07
SHIP02579,CUST7187,Home & Garden,A,Flight,Delhi-Mumbai,1,3,1059.79,7,4.8,5226,4,8,0,2023-11-26
SHIP02580,CUST7343,Books,D,Road,Hyderabad-Pune,1,2,463.93,6,24.6,4866,9,8,1,2023-06-21
SHIP02581,CUST3364,Cosmetics,F,Road,Delhi-Bangalore,1,2,3828.75,4,8.7,6609,8,12,0,2023-02-02
SHIP02582,CUST5424,Electronics,D,Ship,Delhi-Mumbai,5,5,519.44,8,44.3,5556,8,8,1,2023-07-11
SHIP02583,CUST1045,Books,A,Flight,Delhi-Mumbai,6,5,3919.28,6,31.6,1841,3,6,0,2023-08-14
SHIP02584,CUST8856,Cosmetics,A,Road,Delhi-Mumbai,4,3,385.25,3,14.6,5488,8,8,1,2023-01-21
SHIP02585,CUST7214,Cosmetics,B,Road,Mumbai-Chennai,4,1,3381.49,5,63.3,1750,8,12,0,2023-08-15
SHIP02586,CUST1008,Electronics,D,Ship,Delhi-Mumbai,4,5,3710.86,0,47.2,1096,3,8,0,2023-10-20
SHIP02587,CUST6701,Books,C,Road,Kolkata-Delhi,2,2,3546.31,2,2.1,1097,8,7,1,2023-03-18
SHIP02588,CUST6971,Sporting Goods,F,Flight,Mumbai-Chennai,6,4,3404.75,5,41.6,5908,5,8,0,2023-08-29
SHIP02589,CUST8394,Books,C,Flight,Delhi-Bangalore,3,2,1979.53,4,43.5,2357,9,10,0,2023-11-01
SHIP02590,CUST7626,Home & Garden,A,Flight,Bangalore-Chennai,2,4,1529.43,5,6.0,2537,3,4,0,2023-02-12
SHIP02591,CUST4764,Cosmetics,D,Flight,Bangalore-Chennai,5,5,2291.71,8,7.5,6538,6,8,0,2023-11-10
SHIP02592,CUST9686,Home & Garden,C,Flight,Delhi-Mumbai,7,4,1575.78,0,52.0,5267,9,14,0,2023-01-03
SHIP02593,CUST9457,Sporting Goods,A,Flight,Mumbai-Chennai,5,5,270.81,0,13.7,3764,7,10,0,2023-07-20
SHIP02594,CUST1739,Books,C,Flight,Mumbai-Chennai,3,3,231.37,8,28.4,2496,9,9,1,2023-05-26
SHIP02595,CUST6199,Fashion,D,Road,Hyderabad-Pune,1,1,4516.67,1,44.9,1464,7,8,0,2023-05-05
SHIP02596,CUST2160,Sporting Goods,C,Flight,Bangalore-Chennai,4,5,3087.47,5,38.8,2359,8,13,0,2023-12-21
SHIP02597,CUST7751,Electronics,F,Road,Delhi-Bangalore,1,4,3643.74,3,42.3,6678,4,4,1,2023-07-02
SHIP02598,CUST3559,Fashion,D,Flight,Delhi-Bangalore,3,5,4842.25,7,43.1,2099,3,8,0,2023-01-21
SHIP02599,CUST5857,Sporting Goods,B,Road,Hyderabad-Pune,7,4,4614.8,8,56.2,6883,3,4,0,2023-06-19
SHIP02600,CUST8708,Books,C,Road,Bangalore-Chennai,5,3,2289.6,6,0.3,2429,5,4,1,2023-05-25
SHIP02601,CUST8893,Books,F,Flight,Bangalore-Chennai,4,2,494.96,6,5.1,2500,6,8,0,2023-02-23
SHIP02602,CUST1776,Home & Garden,C,Ship,Hyderabad-Pune,7,2,2176.73,6,40.3,5124,10,11,0,2023-10-02
SHIP02603,CUST9597,Cosmetics,D,Flight,Mumbai-Chennai,3,3,2612.33,7,49.3,1567,10,13,0,2023-10-05
SHIP02604,CUST2893,Sporting Goods,B,Road,Hyderabad-Pune,6,2,2138.15,0,44.9,5932,6,7,0,2023-01-03
SHIP02605,CUST8433,Home & Garden,A,Road,Hyderabad-Pune,2,3,1946.7,3,33.5,1222,9,9,1,2023-12-23
SHIP02606,CUST9650,Home & Garden,C,Flight,Hyderabad-Pune,2,4,3621.96,5,26.5,1572,4,4,1,2023-05-23
SHIP02607,CUST7587,Fashion,B,Road,Delhi-Bangalore,7,1,4833.83,7,1.8,4431,8,10,0,2023-10-11
SHIP02608,CUST9494,Electronics,C,Ship,Delhi-Mumbai,4,1,743.47,2,29.2,3453,8,11,0,2023-05-10
SHIP02609,CUST4492,Cosmetics,B,Road,Bangalore-Chennai,7,4,430.29,6,41.3,2326,6,6,1,2023-01-28
SHIP02610,CUST6769,Cosmetics,B,Ship,Delhi-Mumbai,2,1,1127.56,0,32.0,2523,7,8,0,2023-08-22
SHIP02611,CUST7473,Cosmetics,A,Flight,Bangalore-Chennai,3,3,3150.66,8,21.5,4287,10,13,0,2023-01-25
SHIP02612,CUST8094,Home & Garden,C,Ship,Hyderabad-Pune,1,2,3179.55,8,44.2,2441,9,9,1,2023-07-01
SHIP02613,CUST3807,Books,F,Road,Hyderabad-Pune,4,4,2961.6,5,54.2,6025,8,8,1,2023-02-08
SHIP02614,CUST9617,Home & Garden,B,Road,Hyderabad-Pune,2,5,4951.73,7,57.4,3689,7,9,0,2023-10-29
SHIP02615,CUST2298,Books,B,Road,Delhi-Bangalore,7,5,2747.93,7,5.9,2372,5,4,1,2023-05-05
SHIP02616,CUST1274,Fashion,D,Flight,Hyderabad-Pune,4,3,721.2,7,60.4,4936,6,10,0,2023-03-23
SHIP02617,CUST9873,Books,C,Ship,Kolkata-Delhi,2,5,2367.57,6,63.8,6917,9,9,1,2023-08-07
SHIP02618,CUST9287,Cosmetics,D,Road,Delhi-Bangalore,7,3,2244.39,1,62.2,1059,6,6,1,2023-01-04
SHIP02619,CUST9797,Fashion,B,Flight,Bangalore-Chennai,6,3,4085.0,5,31.2,3802,9,9,1,2023-12-07
SHIP02620,CUST3114,Cosmetics,D,Road,Bangalore-Chennai,7,1,374.08,5,13.8,5347,9,9,1,2023-04-09
SHIP02621,CUST8697,Fashion,A,Ship,Kolkata-Delhi,2,2,934.05,5,53.0,4671,8,12,0,2023-10-27
SHIP02622,CUST3674,Home & Garden,A,Road,Delhi-Bangalore,3,3,1754.98,6,33.9,6951,3,4,0,2023-12-30
SHIP02623,CUST8506,Books,A,Flight,Delhi-Mumbai,1,4,2435.71,8,34.9,1566,6,9,0,2023-08-19
SHIP02624,CUST7903,Books,C,Flight,Bangalore-Chennai,4,2,2685.45,5,24.7,1083,8,13,0,2023-10-26
SHIP02625,CUST5334,Books,D,Flight,Bangalore-Chennai,2,2,1018.32,2,40.5,1577,7,8,0,2023-09-21
SHIP02626,CUST6411,Home & Garden,F,Flight,Bangalore-Chennai,4,1,151.78,6,57.9,2959,5,6,0,2023-10-06
SHIP02627,CUST5571,Fashion,D,Flight,Delhi-Mumbai,4,4,217.74,8,38.7,2690,7,8,0,2023-10-26
SHIP02628,CUST1773,Fashion,B,Road,Hyderabad-Pune,1,1,1282.49,8,32.4,4079,3,2,1,2023-03-07
SHIP02629,CUST5059,Home & Garden,D,Road,Hyderabad-Pune,1,3,4466.35,8,50.4,1620,5,8,0,2023-04-25
SHIP02630,CUST1277,Electronics,C,Ship,Delhi-Bangalore,4,3,4204.76,3,21.2,4755,3,6,0,2023-12-11
SHIP02631,CUST8370,Cosmetics,B,Road,Kolkata-Delhi,1,3,4637.41,5,39.5,6407,3,3,1,2023-11-22
SHIP02632,CUST5846,Home & Garden,D,Flight,Hyderabad-Pune,3,5,2893.21,5,1.7,3806,8,10,0,2023-12-23
SHIP02633,CUST7336,Fashion,F,Road,Bangalore-Chennai,1,4,662.19,8,23.7,3344,8,12,0,2023-05-03
SHIP02634,CUST6652,Fashion,C,Ship,Bangalore-Chennai,7,3,802.72,0,61.3,6478,4,7,0,2023-04-25
SHIP02635,CUST7461,Books,C,Ship,Delhi-Mumbai,5,2,553.4,5,31.9,6820,5,10,0,2023-02-08
SHIP02636,CUST1983,Fashion,A,Road,Delhi-Bangalore,4,4,3848.67,4,30.1,1210,7,8,0,2023-03-18
SHIP02637,CUST4089,Books,C,Road,Delhi-Bangalore,2,1,3950.29,4,57.1,3340,5,6,0,2023-01-30
SHIP02638,CUST3832,Sporting Goods,B,Flight,Delhi-Bangalore,3,1,2921.79,1,11.4,6869,3,7,0,2023-12-26
SHIP02639,CUST1635,Home & Garden,B,Flight,Kolkata-Delhi,5,3,2956.67,0,46.0,3312,4,9,0,2023-10-10
SHIP02640,CUST2450,Fashion,B,Ship,Mumbai-Chennai,3,4,139.99,8,58.5,1712,10,13,0,2023-05-10
SHIP02641,CUST4821,Home & Garden,F,Road,Mumbai-Chennai,4,1,1090.43,6,45.0,4782,4,4,1,2023-06-04
SHIP02642,CUST2428,Fashion,D,Ship,Mumbai-Chennai,7,2,668.28,1,9.8,2355,9,12,0,2023-08-01
SHIP02643,CUST4339,Sporting Goods,A,Ship,Delhi-Mumbai,1,3,3001.11,4,36.4,2333,4,8,0,2023-12-29
SHIP02644,CUST9655,Books,A,Road,Kolkata-Delhi,6,4,1579.89,5,10.3,1958,3,6,0,2023-10-07
SHIP02645,CUST1591,Sporting Goods,B,Ship,Bangalore-Chennai,2,2,1672.57,8,47.3,6703,4,8,0,2023-10-22
SHIP02646,CUST3483,Fashion,D,Road,Kolkata-Delhi,4,1,4959.34,1,59.2,1696,6,5,1,2023-08-15
SHIP02647,CUST4566,Books,F,Road,Delhi-Mumbai,5,1,4450.5,7,18.9,3630,3,8,0,2023-12-02
SHIP02648,CUST4374,Fashion,A,Ship,Mumbai-Chennai,7,3,3002.93,6,1.8,5039,3,2,1,2023-05-03
SHIP02649,CUST8778,Cosmetics,C,Ship,Bangalore-Chennai,4,4,1799.09,2,23.3,6349,4,5,0,2023-09-23
SHIP02650,CUST2232,Cosmetics,B,Ship,Kolkata-Delhi,1,2,3344.47,8,47.3,1760,10,10,1,2023-04-26
SHIP02651,CUST8200,Electronics,B,Road,Hyderabad-Pune,4,2,396.09,6,56.5,1186,3,4,0,2023-12-20
SHIP02652,CUST5602,Cosmetics,F,Flight,Kolkata-Delhi,6,5,1303.27,2,64.1,3030,3,4,0,2023-11-01
SHIP02653,CUST1971,Electronics,D,Ship,Bangalore-Chennai,6,3,2662.28,0,50.8,5751,6,10,0,2023-08-25
SHIP02654,CUST5494,Books,A,Road,Kolkata-Delhi,2,2,994.77,4,14.0,1250,10,15,0,2023-02-03
SHIP02655,CUST9043,Home & Garden,C,Road,Hyderabad-Pune,6,5,2805.09,2,15.8,3744,9,10,0,2023-10-01
SHIP02656,CUST9075,Fashion,B,Road,Mumbai-Chennai,5,2,3460.89,8,61.5,3247,3,8,0,2023-10-23
SHIP02657,CUST4466,Sporting Goods,A,Road,Kolkata-Delhi,7,1,4822.89,4,33.8,2352,8,9,0,2023-02-27
SHIP02658,CUST9890,Sporting Goods,B,Road,Bangalore-Chennai,4,2,2042.26,3,9.4,2970,6,8,0,2023-09-11
SHIP02659,CUST4856,Cosmetics,C,Flight,Mumbai-Chennai,5,3,2125.15,4,33.6,4928,3,2,1,2023-05-13
SHIP02660,CUST4782,Cosmetics,A,Ship,Delhi-Mumbai,4,2,617.68,5,22.4,2381,7,6,1,2023-07-21
SHIP02661,CUST1611,Electronics,C,Flight,Hyderabad-Pune,3,1,2613.07,1,48.7,3206,10,12,0,2023-07-24
SHIP02662,CUST7059,Cosmetics,B,Road,Delhi-Mumbai,6,3,3585.56,6,58.0,1595,7,12,0,2023-02-10
SHIP02663,CUST2937,Electronics,C,Flight,Delhi-Mumbai,7,2,4399.51,1,5.8,5977,9,12,0,2023-07-15
SHIP02664,CUST6453,Home & Garden,C,Road,Bangalore-Chennai,3,4,4859.6,4,11.4,4262,5,7,0,2023-01-12
SHIP02665,CUST5185,Fashion,D,Flight,Delhi-Mumbai,3,1,1072.18,4,41.1,3578,6,8,0,2023-09-17
SHIP02666,CUST6802,Books,D,Flight,Delhi-Mumbai,1,2,4963.13,1,6.0,4388,7,8,0,2023-10-18
SHIP02667,CUST3454,Fashion,F,Flight,Hyderabad-Pune,4,3,3466.25,1,42.4,6953,5,5,1,2023-09-12
SHIP02668,CUST7399,Sporting Goods,B,Road,Mumbai-Chennai,6,1,4717.28,5,54.5,6168,10,14,0,2023-04-17
SHIP02669,CUST4173,Home & Garden,A,Road,Hyderabad-Pune,5,1,2091.3,5,2.2,1929,10,9,1,2023-10-27
SHIP02670,CUST5253,Electronics,B,Flight,Hyderabad-Pune,6,3,2853.67,3,56.7,4881,4,4,1,2023-07-30
SHIP02671,CUST7880,Fashion,D,Road,Mumbai-Chennai,6,5,1743.38,1,19.8,2484,10,9,1,2023-01-08
SHIP02672,CUST7343,Cosmetics,F,Flight,Mumbai-Chennai,2,1,4906.76,7,54.8,6719,8,9,0,2023-05-26
SHIP02673,CUST3136,Cosmetics,C,Ship,Hyderabad-Pune,1,1,650.01,1,42.1,4660,8,13,0,2023-08-11
SHIP02674,CUST8552,Sporting Goods,C,Road,Mumbai-Chennai,5,2,1247.75,1,53.0,6829,6,7,0,2023-06-06
SHIP02675,CUST3659,Cosmetics,C,Road,Hyderabad-Pune,5,4,3620.32,0,3.4,4645,6,9,0,2023-04-27
SHIP02676,CUST2694,Fashion,F,Flight,Bangalore-Chennai,6,3,2297.51,1,47.9,2961,3,5,0,2023-10-12
SHIP02677,CUST5943,Sporting Goods,C,Ship,Bangalore-Chennai,7,3,951.28,3,20.4,3872,3,8,0,2023-05-19
SHIP02678,CUST4309,Books,B,Flight,Delhi-Bangalore,6,5,4067.42,5,55.9,6393,5,10,0,2023-10-05
SHIP02679,CUST3042,Books,B,Ship,Delhi-Bangalore,4,3,1953.95,7,61.8,4869,10,13,0,2023-10-12
SHIP02680,CUST6597,Sporting Goods,F,Ship,Bangalore-Chennai,6,1,4195.38,7,62.4,6530,4,9,0,2023-02-12
SHIP02681,CUST8989,Books,F,Ship,Delhi-Mumbai,4,1,472.73,6,16.8,4127,7,6,1,2023-01-02
SHIP02682,CUST9271,Fashion,A,Road,Kolkata-Delhi,3,3,945.06,4,56.8,5009,4,3,1,2023-10-26
SHIP02683,CUST9457,Sporting Goods,C,Road,Delhi-Bangalore,2,4,4999.95,7,63.1,5583,6,10,0,2023-12-10
SHIP02684,CUST1925,Cosmetics,F,Road,Delhi-Mumbai,6,2,1769.12,2,21.7,1776,10,12,0,2023-01-03
SHIP02685,CUST1504,Sporting Goods,B,Ship,Kolkata-Delhi,4,5,4860.79,0,39.9,6454,5,4,1,2023-11-29
SHIP02686,CUST3431,Sporting Goods,D,Flight,Bangalore-Chennai,7,2,2791.64,3,53.9,6296,9,11,0,2023-01-10
SHIP02687,CUST7715,Home & Garden,D,Road,Hyderabad-Pune,2,1,3865.83,0,53.9,2547,8,10,0,2023-02-02
SHIP02688,CUST1346,Cosmetics,A,Ship,Kolkata-Delhi,5,1,2685.88,8,48.9,4415,10,9,1,2023-10-31
SHIP02689,CUST4683,Fashion,A,Flight,Bangalore-Chennai,1,5,4823.12,8,15.2,5133,9,14,0,2023-10-24
SHIP02690,CUST8130,Cosmetics,C,Road,Kolkata-Delhi,7,4,4675.96,2,40.0,3847,7,10,0,2023-03-21
SHIP02691,CUST5692,Books,C,Flight,Kolkata-Delhi,3,4,752.84,7,25.7,6545,3,8,0,2023-09-01
SHIP02692,CUST9353,Fashion,F,Ship,Kolkata-Delhi,5,3,2542.22,5,0.2,1330,7,6,1,2023-11-03
SHIP02693,CUST3168,Fashion,A,Ship,Kolkata-Delhi,2,4,3096.14,3,3.8,2024,6,7,0,2023-06-20
SHIP02694,CUST6657,Fashion,C,Flight,Delhi-Bangalore,2,1,3097.76,0,64.9,4780,9,13,0,2023-05-11
SHIP02695,CUST7243,Fashion,C,Ship,Kolkata-Delhi,5,3,818.53,2,17.7,4274,7,12,0,2023-01-21
SHIP02696,CUST3050,Home & Garden,F,Ship,Kolkata-Delhi,7,5,3008.42,0,4.0,3934,10,11,0,2023-03-04
SHIP02697,CUST4422,Fashion,B,Flight,Kolkata-Delhi,2,2,4965.26,2,9.7,3907,6,8,0,2023-07-28
SHIP02698,CUST4782,Cosmetics,B,Ship,Kolkata-Delhi,6,2,1012.57,3,6.6,2909,9,9,1,2023-09-24
SHIP02699,CUST1871,Electronics,F,Road,Hyderabad-Pune,3,2,3309.4,4,60.8,1278,6,10,0,2023-08-30
SHIP02700,CUST1182,Home & Garden,B,Ship,Delhi-Bangalore,7,2,3445.72,8,57.7,5215,6,10,0,2023-08-17
SHIP02701,CUST7015,Cosmetics,A,Ship,Mumbai-Chennai,6,4,4465.17,0,17.5,2795,6,9,0,2023-05-24
SHIP02702,CUST9581,Books,C,Road,Bangalore-Chennai,1,4,4752.44,6,35.1,6345,10,9,1,2023-10-31
SHIP02703,CUST6841,Home & Garden,C,Road,Bangalore-Chennai,2,1,1901.48,8,51.5,4797,9,10,0,2023-07-09
SHIP02704,CUST1493,Home & Garden,B,Road,Delhi-Bangalore,6,4,1071.27,6,34.0,3970,5,7,0,2023-05-29
SHIP02705,CUST9620,Sporting Goods,B,Road,Hyderabad-Pune,1,2,3055.83,7,59.4,6545,6,7,0,2023-03-09
SHIP02706,CUST2315,Books,C,Ship,Delhi-Bangalore,2,1,3009.93,5,49.2,6522,6,10,0,2023-04-19
SHIP02707,CUST2322,Books,A,Ship,Mumbai-Chennai,1,4,2235.97,8,26.3,6497,9,10,0,2023-07-05
SHIP02708,CUST8499,Fashion,C,Flight,Kolkata-Delhi,4,1,4367.08,8,27.9,2165,3,5,0,2023-11-27
SHIP02709,CUST2458,Books,A,Ship,Hyderabad-Pune,3,2,1621.06,7,24.8,2250,8,12,0,2023-11-12
SHIP02710,CUST7560,Fashion,D,Flight,Delhi-Bangalore,5,4,1216.48,4,40.0,5886,4,5,0,2023-06-30
SHIP02711,CUST6699,Home & Garden,C,Flight,Mumbai-Chennai,4,3,1072.09,7,3.8,5018,7,6,1,2023-04-13
SHIP02712,CUST3451,Books,A,Ship,Bangalore-Chennai,2,4,4706.07,6,43.6,2814,6,5,1,2023-01-28
SHIP02713,CUST8556,Fashion,B,Ship,Bangalore-Chennai,2,3,4598.81,7,17.4,2751,5,6,0,2023-07-19
SHIP02714,CUST7413,Electronics,A,Road,Delhi-Mumbai,1,5,150.84,8,33.8,4246,4,6,0,2023-12-08
SHIP02715,CUST4405,Books,B,Flight,Mumbai-Chennai,3,4,3890.39,8,57.6,6144,3,7,0,2023-08-15
SHIP02716,CUST9422,Home & Garden,F,Flight,Bangalore-Chennai,3,1,2473.28,6,51.7,6049,6,10,0,2023-08-29
SHIP02717,CUST9120,Electronics,D,Flight,Bangalore-Chennai,6,3,3228.65,8,7.0,3339,3,6,0,2023-04-12
SHIP02718,CUST5045,Books,C,Flight,Kolkata-Delhi,5,3,1349.21,7,51.5,6641,8,13,0,2023-09-09
SHIP02719,CUST9996,Electronics,C,Ship,Hyderabad-Pune,5,1,3329.99,6,28.4,1719,6,9,0,2023-08-14
SHIP02720,CUST5963,Books,D,Flight,Delhi-Mumbai,5,5,4619.58,8,32.7,4645,6,8,0,2023-10-05
SHIP02721,CUST6812,Electronics,F,Flight,Hyderabad-Pune,3,5,1150.18,0,25.7,3649,7,7,1,2023-05-16
SHIP02722,CUST1738,Sporting Goods,F,Road,Hyderabad-Pune,7,4,1474.05,2,17.2,2821,3,3,1,2023-05-03
SHIP02723,CUST6870,Home & Garden,F,Flight,Hyderabad-Pune,3,2,4984.06,2,53.3,6619,7,12,0,2023-04-29
SHIP02724,CUST4852,Sporting Goods,D,Ship,Delhi-Mumbai,5,5,320.53,5,56.4,4437,8,10,0,2023-01-17
SHIP02725,CUST1011,Home & Garden,F,Ship,Delhi-Bangalore,4,4,1371.83,4,29.9,5774,7,9,0,2023-08-07
SHIP02726,CUST7980,Electronics,B,Ship,Delhi-Mumbai,7,3,316.97,3,47.3,6575,4,8,0,2023-02-11
SHIP02727,CUST6753,Sporting Goods,D,Road,Hyderabad-Pune,6,1,3228.52,0,2.8,3479,9,13,0,2023-06-10
SHIP02728,CUST4630,Fashion,B,Flight,Delhi-Bangalore,7,5,2138.32,6,0.1,2830,4,5,0,2023-09-24
SHIP02729,CUST1424,Fashion,F,Flight,Kolkata-Delhi,2,5,156.65,0,4.5,3410,8,9,0,2023-01-01
SHIP02730,CUST2551,Sporting Goods,A,Flight,Hyderabad-Pune,1,4,3763.6,1,38.9,5977,8,13,0,2023-08-27
SHIP02731,CUST7122,Electronics,C,Flight,Delhi-Mumbai,5,1,3392.03,3,54.2,5721,4,4,1,2023-07-25
SHIP02732,CUST2335,Sporting Goods,D,Road,Kolkata-Delhi,1,4,138.16,0,41.7,5999,9,12,0,2023-08-13
SHIP02733,CUST3669,Sporting Goods,C,Ship,Kolkata-Delhi,6,1,3040.8,1,10.0,5841,5,8,0,2023-04-15
SHIP02734,CUST2216,Fashion,C,Road,Mumbai-Chennai,2,2,306.25,4,2.7,1427,6,6,1,2023-03-13
SHIP02735,CUST2196,Cosmetics,D,Flight,Hyderabad-Pune,5,3,1988.25,7,16.6,1056,6,8,0,2023-12-13
SHIP02736,CUST2118,Books,B,Flight,Bangalore-Chennai,2,1,3283.37,0,64.7,5848,9,11,0,2023-02-24
SHIP02737,CUST6210,Cosmetics,A,Ship,Delhi-Mumbai,1,5,2214.95,1,35.2,1994,8,7,1,2023-08-08
SHIP02738,CUST4768,Books,F,Road,Delhi-Bangalore,2,1,992.34,5,37.9,5161,5,10,0,2023-12-09
SHIP02739,CUST1975,Cosmetics,B,Ship,Delhi-Mumbai,7,3,4098.37,5,39.0,5546,10,13,0,2023-03-11
SHIP02740,CUST7339,Books,A,Road,Kolkata-Delhi,7,5,337.17,4,23.4,3816,4,9,0,2023-01-11
SHIP02741,CUST3309,Electronics,B,Flight,Delhi-Mumbai,5,1,2084.25,4,50.4,6644,5,4,1,2023-02-03
SHIP02742,CUST7669,Electronics,F,Road,Delhi-Mumbai,6,5,2547.86,1,16.7,5520,3,4,0,2023-05-11
SHIP02743,CUST6335,Home & Garden,C,Road,Mumbai-Chennai,1,4,156.62,5,53.9,5108,6,7,0,2023-08-06
SHIP02744,CUST8483,Home & Garden,C,Flight,Kolkata-Delhi,5,5,1180.15,8,59.4,3853,3,5,0,2023-03-09
SHIP02745,CUST3320,Sporting Goods,C,Ship,Mumbai-Chennai,2,5,3323.83,4,40.3,4721,3,5,0,2023-05-13
SHIP02746,CUST6180,Fashion,F,Flight,Kolkata-Delhi,4,4,3063.62,5,12.7,1784,10,12,0,2023-04-02
SHIP02747,CUST9116,Fashion,F,Road,Kolkata-Delhi,1,4,4947.22,6,57.9,3622,9,14,0,2023-05-27
SHIP02748,CUST7347,Fashion,F,Flight,Kolkata-Delhi,1,1,3816.92,6,8.9,6891,3,3,1,2023-12-18
SHIP02749,CUST4107,Home & Garden,F,Road,Delhi-Bangalore,3,4,4393.03,6,31.4,1376,9,11,0,2023-01-05
SHIP02750,CUST7200,Fashion,D,Road,Kolkata-Delhi,7,3,319.55,1,58.3,5073,4,6,0,2023-07-09
SHIP02751,CUST3416,Home & Garden,B,Flight,Delhi-Bangalore,2,3,841.72,6,54.0,1005,5,5,1,2023-02-14
SHIP02752,CUST6061,Sporting Goods,D,Ship,Kolkata-Delhi,2,1,1873.63,0,22.1,2230,8,12,0,2023-09-25
SHIP02753,CUST4730,Home & Garden,B,Ship,Delhi-Bangalore,6,1,2623.67,5,59.7,1136,3,7,0,2023-07-04
SHIP02754,CUST4767,Home & Garden,B,Ship,Delhi-Bangalore,2,1,132.48,1,57.4,5740,8,11,0,2023-11-16
SHIP02755,CUST2785,Home & Garden,A,Flight,Delhi-Mumbai,7,5,4638.57,7,33.3,3172,7,8,0,2023-04-26
SHIP02756,CUST8628,Cosmetics,F,Road,Delhi-Bangalore,6,3,321.15,2,6.3,1940,6,10,0,2023-11-22
SHIP02757,CUST4736,Electronics,B,Flight,Hyderabad-Pune,5,5,495.97,1,42.5,1349,9,12,0,2023-03-17
SHIP02758,CUST3664,Cosmetics,C,Flight,Hyderabad-Pune,7,5,3798.62,6,52.7,6564,9,9,1,2023-06-09
SHIP02759,CUST8757,Cosmetics,C,Flight,Delhi-Bangalore,4,2,3859.5,4,32.6,5367,8,9,0,2023-09-16
SHIP02760,CUST3442,Home & Garden,C,Flight,Bangalore-Chennai,2,2,3233.03,3,21.3,1553,5,5,1,2023-09-10
SHIP02761,CUST4056,Sporting Goods,A,Flight,Delhi-Mumbai,2,3,1748.41,3,36.0,5319,10,13,0,2023-12-14
SHIP02762,CUST3602,Electronics,C,Flight,Kolkata-Delhi,4,4,1960.49,6,46.1,5360,5,8,0,2023-08-30
SHIP02763,CUST9112,Home & Garden,C,Road,Bangalore-Chennai,7,5,2289.06,2,3.6,4871,5,8,0,2023-10-07
SHIP02764,CUST4524,Books,D,Road,Mumbai-Chennai,5,2,603.34,2,25.7,1780,8,8,1,2023-02-06
SHIP02765,CUST2346,Home & Garden,C,Ship,Delhi-Mumbai,6,1,174.6,6,5.3,3344,3,5,0,2023-06-01
SHIP02766,CUST7257,Home & Garden,C,Road,Kolkata-Delhi,3,3,4664.71,3,4.5,6016,8,8,1,2023-10-30
SHIP02767,CUST6937,Fashion,B,Ship,Mumbai-Chennai,7,5,4670.9,2,40.4,6040,10,9,1,2023-03-04
SHIP02768,CUST1412,Electronics,B,Road,Mumbai-Chennai,2,3,1577.49,7,23.7,6828,10,9,1,2023-02-17
SHIP02769,CUST7772,Books,A,Road,Hyderabad-Pune,5,5,552.37,7,33.3,1439,8,13,0,2023-10-10
SHIP02770,CUST3514,Cosmetics,F,Flight,Delhi-Bangalore,4,4,4890.39,3,33.5,5022,5,4,1,2023-07-07
SHIP02771,CUST4451,Fashion,A,Ship,Delhi-Bangalore,2,2,4367.62,5,17.2,1335,7,10,0,2023-01-24
SHIP02772,CUST8380,Fashion,A,Flight,Bangalore-Chennai,6,5,1169.88,6,36.1,3536,10,9,1,2023-05-29
SHIP02773,CUST5191,Electronics,D,Ship,Delhi-Bangalore,4,4,2114.54,5,26.1,1030,10,12,0,2023-09-12
SHIP02774,CUST3655,Sporting Goods,B,Ship,Delhi-Bangalore,7,5,722.59,3,55.8,5124,10,12,0,2023-03-13
SHIP02775,CUST3703,Cosmetics,F,Flight,Kolkata-Delhi,2,4,1381.0,3,38.9,2618,9,14,0,2023-10-03
SHIP02776,CUST8059,Sporting Goods,B,Road,Delhi-Mumbai,4,4,3334.65,6,2.1,3237,3,4,0,2023-07-04
SHIP02777,CUST3977,Fashion,C,Road,Mumbai-Chennai,2,3,2653.15,4,37.6,5607,8,8,1,2023-02-18
SHIP02778,CUST6067,Cosmetics,C,Ship,Delhi-Bangalore,3,2,679.92,6,48.7,4831,4,3,1,2023-09-24
SHIP02779,CUST1310,Home & Garden,F,Road,Bangalore-Chennai,2,4,1336.86,8,6.2,6646,4,6,0,2023-12-29
SHIP02780,CUST6728,Home & Garden,F,Road,Bangalore-Chennai,3,5,4667.05,2,4.8,3021,9,13,0,2023-06-23
SHIP02781,CUST2710,Fashion,D,Ship,Bangalore-Chennai,4,3,2923.38,2,31.8,4778,10,13,0,2023-04-12
SHIP02782,CUST8802,Cosmetics,C,Road,Delhi-Bangalore,3,5,2183.21,3,54.2,3528,9,12,0,2023-09-10
SHIP02783,CUST2195,Sporting Goods,C,Ship,Hyderabad-Pune,1,5,3296.55,4,11.6,5025,4,6,0,2023-05-12
SHIP02784,CUST1212,Books,D,Flight,Delhi-Mumbai,3,1,262.47,1,5.3,5995,5,5,1,2023-04-13
SHIP02785,CUST9612,Electronics,C,Flight,Delhi-Bangalore,6,2,2122.22,4,32.5,2280,4,5,0,2023-06-07
SHIP02786,CUST1209,Electronics,A,Road,Hyderabad-Pune,4,1,4021.12,6,50.5,3048,4,5,0,2023-10-27
SHIP02787,CUST1303,Home & Garden,F,Road,Delhi-Mumbai,3,4,1198.44,0,24.8,6022,10,14,0,2023-11-07
SHIP02788,CUST4787,Cosmetics,D,Ship,Delhi-Mumbai,5,4,679.04,2,49.5,4752,9,11,0,2023-12-08
SHIP02789,CUST4665,Books,B,Ship,Mumbai-Chennai,5,4,2881.31,7,63.8,3186,5,7,0,2023-06-06
SHIP02790,CUST2696,Books,C,Flight,Bangalore-Chennai,4,5,1057.8,7,30.3,1971,8,11,0,2023-08-29
SHIP02791,CUST6050,Books,F,Ship,Kolkata-Delhi,6,4,1107.45,2,47.5,4389,4,8,0,2023-06-21
SHIP02792,CUST7946,Sporting Goods,C,Flight,Hyderabad-Pune,5,5,4350.67,8,27.3,1514,3,8,0,2023-10-28
SHIP02793,CUST6620,Books,F,Flight,Delhi-Bangalore,3,5,1954.66,7,56.0,5842,3,8,0,2023-09-26
SHIP02794,CUST4187,Cosmetics,C,Flight,Kolkata-Delhi,1,2,1975.13,2,31.9,5036,7,12,0,2023-04-19
SHIP02795,CUST7450,Home & Garden,C,Road,Kolkata-Delhi,6,4,1986.55,4,53.3,6185,9,14,0,2023-06-29
SHIP02796,CUST6715,Home & Garden,B,Flight,Kolkata-Delhi,3,3,3274.09,2,16.5,3986,7,9,0,2023-02-10
SHIP02797,CUST3779,Sporting Goods,A,Road,Bangalore-Chennai,3,5,3094.59,5,57.1,6256,6,8,0,2023-09-11
SHIP02798,CUST4883,Cosmetics,C,Flight,Hyderabad-Pune,7,1,3886.98,7,34.1,4068,7,8,0,2023-01-14
SHIP02799,CUST4255,Books,F,Flight,Kolkata-Delhi,5,2,1014.0,1,16.1,5922,6,9,0,2023-04-21
SHIP02800,CUST1702,Books,C,Ship,Kolkata-Delhi,2,4,1124.26,4,5.7,1010,9,10,0,2023-09-26
SHIP02801,CUST5219,Electronics,C,Ship,Delhi-Mumbai,7,2,2097.3,8,15.0,5366,9,9,1,2023-04-01
SHIP02802,CUST8075,Fashion,B,Flight,Kolkata-Delhi,4,3,3273.82,4,45.0,4228,10,14,0,2023-10-25
SHIP02803,CUST5057,Fashion,B,Flight,Delhi-Bangalore,7,5,3134.72,4,7.2,5871,9,13,0,2023-01-20
SHIP02804,CUST5647,Electronics,A,Ship,Delhi-Mumbai,2,4,2237.43,7,52.3,1902,5,10,0,2023-01-28
SHIP02805,CUST5899,Sporting Goods,C,Road,Kolkata-Delhi,4,5,3205.85,3,33.7,2933,8,7,1,2023-07-20
SHIP02806,CUST5318,Home & Garden,B,Flight,Kolkata-Delhi,7,3,1421.0,7,34.3,2723,3,5,0,2023-02-14
SHIP02807,CUST4005,Cosmetics,A,Ship,Kolkata-Delhi,1,4,4317.52,7,21.7,4853,8,7,1,2023-06-26
SHIP02808,CUST9876,Books,A,Ship,Hyderabad-Pune,2,2,4426.93,6,60.0,2789,3,5,0,2023-02-13
SHIP02809,CUST9060,Cosmetics,C,Flight,Hyderabad-Pune,6,5,2652.49,4,62.4,1839,4,4,1,2023-04-07
SHIP02810,CUST7737,Sporting Goods,D,Ship,Mumbai-Chennai,6,5,3914.66,0,31.8,1541,6,6,1,2023-09-13
SHIP02811,CUST6953,Electronics,A,Flight,Mumbai-Chennai,1,4,275.48,7,34.3,5406,3,7,0,2023-07-27
SHIP02812,CUST5405,Sporting Goods,B,Ship,Delhi-Bangalore,3,5,4222.98,5,30.1,4545,7,9,0,2023-09-29
SHIP02813,CUST1118,Home & Garden,C,Road,Delhi-Bangalore,4,2,2618.96,0,12.3,4700,8,12,0,2023-05-26
SHIP02814,CUST7389,Home & Garden,B,Road,Delhi-Mumbai,4,4,3746.61,5,48.5,5117,6,11,0,2023-12-06
SHIP02815,CUST1682,Sporting Goods,F,Road,Hyderabad-Pune,3,5,1156.5,3,64.7,6125,7,8,0,2023-05-17
SHIP02816,CUST7090,Cosmetics,A,Road,Mumbai-Chennai,2,4,3134.64,0,8.1,3962,3,5,0,2023-11-17
SHIP02817,CUST1618,Fashion,F,Road,Bangalore-Chennai,5,4,1967.38,3,1.4,5918,5,5,1,2023-11-29
SHIP02818,CUST7546,Home & Garden,C,Ship,Delhi-Bangalore,1,4,3026.49,1,52.2,3254,5,5,1,2023-07-03
SHIP02819,CUST8584,Fashion,B,Ship,Delhi-Mumbai,2,5,1850.68,1,36.3,3673,3,8,0,2023-04-03
SHIP02820,CUST3097,Fashion,A,Road,Hyderabad-Pune,2,1,3814.51,6,60.7,2034,3,2,1,2023-05-30
SHIP02821,CUST3038,Books,A,Road,Delhi-Bangalore,1,3,1556.88,4,46.1,2781,3,4,0,2023-09-28
SHIP02822,CUST8324,Fashion,F,Road,Bangalore-Chennai,2,3,4172.04,5,41.5,3682,8,10,0,2023-09-06
SHIP02823,CUST7139,Electronics,F,Ship,Kolkata-Delhi,2,2,3846.97,2,28.4,3248,6,9,0,2023-02-23
SHIP02824,CUST2613,Sporting Goods,C,Ship,Mumbai-Chennai,3,4,3459.25,8,50.9,6418,5,8,0,2023-07-01
SHIP02825,CUST1672,Fashion,A,Road,Delhi-Mumbai,5,4,3666.86,5,54.9,3144,4,5,0,2023-06-23
SHIP02826,CUST6547,Electronics,C,Road,Hyderabad-Pune,3,5,3723.31,5,47.9,5181,10,12,0,2023-02-22
SHIP02827,CUST5720,Cosmetics,C,Ship,Delhi-Bangalore,3,1,2273.74,6,38.7,3958,5,9,0,2023-05-11
SHIP02828,CUST4446,Home & Garden,C,Road,Hyderabad-Pune,1,1,2588.17,2,43.2,4658,8,13,0,2023-06-30
SHIP02829,CUST5915,Cosmetics,D,Road,Kolkata-Delhi,4,3,1923.31,2,24.0,6800,10,15,0,2023-06-18
SHIP02830,CUST9426,Cosmetics,B,Flight,Bangalore-Chennai,5,2,2464.38,7,40.0,1139,4,4,1,2023-04-22
SHIP02831,CUST5669,Home & Garden,C,Road,Mumbai-Chennai,5,3,2889.03,6,30.0,3172,10,9,1,2023-12-30
SHIP02832,CUST3172,Fashion,F,Flight,Kolkata-Delhi,6,4,675.32,5,23.7,2810,4,6,0,2023-08-07
SHIP02833,CUST8379,Cosmetics,D,Flight,Hyderabad-Pune,6,1,1940.46,1,50.8,2253,8,7,1,2023-03-28
SHIP02834,CUST8908,Cosmetics,C,Ship,Delhi-Mumbai,3,3,4747.33,3,18.0,5066,10,10,1,2023-12-14
SHIP02835,CUST5635,Home & Garden,C,Road,Delhi-Bangalore,7,3,1830.64,5,57.7,3978,3,2,1,2023-06-23
SHIP02836,CUST3015,Cosmetics,F,Road,Delhi-Bangalore,2,3,3992.23,7,45.5,4396,9,14,0,2023-04-06
SHIP02837,CUST6834,Electronics,C,Road,Hyderabad-Pune,1,1,2563.44,0,19.1,1650,9,12,0,2023-01-28
SHIP02838,CUST6400,Books,D,Road,Mumbai-Chennai,7,2,558.1,7,37.9,2827,10,9,1,2023-07-09
SHIP02839,CUST1757,Sporting Goods,B,Ship,Bangalore-Chennai,6,4,276.63,8,63.9,5475,9,12,0,2023-07-16
SHIP02840,CUST1400,Electronics,A,Flight,Mumbai-Chennai,7,5,1064.83,1,6.0,4026,8,12,0,2023-12-14
SHIP02841,CUST3650,Cosmetics,C,Ship,Delhi-Mumbai,5,2,3461.26,3,46.0,5674,6,6,1,2023-01-23
SHIP02842,CUST1697,Fashion,A,Road,Bangalore-Chennai,2,5,2846.53,7,33.7,6364,9,9,1,2023-09-13
SHIP02843,CUST4461,Sporting Goods,C,Flight,Kolkata-Delhi,5,1,3788.18,6,50.2,4541,4,7,0,2023-09-30
SHIP02844,CUST3213,Books,A,Road,Delhi-Bangalore,3,5,3526.86,2,19.1,4315,9,9,1,2023-05-20
SHIP02845,CUST5556,Fashion,D,Flight,Mumbai-Chennai,7,1,1362.52,8,12.6,6605,9,10,0,2023-09-04
SHIP02846,CUST8112,Cosmetics,B,Flight,Hyderabad-Pune,7,3,2639.59,8,30.8,3476,5,10,0,2023-09-11
SHIP02847,CUST3765,Home & Garden,D,Road,Kolkata-Delhi,6,1,1599.18,4,25.0,5995,7,10,0,2023-10-18
SHIP02848,CUST6487,Fashion,A,Flight,Mumbai-Chennai,7,4,2076.54,2,12.7,3286,6,11,0,2023-10-19
SHIP02849,CUST7207,Sporting Goods,A,Road,Hyderabad-Pune,7,4,1414.52,6,25.4,6469,3,3,1,2023-11-17
SHIP02850,CUST9810,Fashion,B,Road,Delhi-Bangalore,2,2,1404.82,8,31.9,2521,4,3,1,2023-12-05
SHIP02851,CUST4404,Fashion,D,Road,Hyderabad-Pune,7,3,360.85,6,43.9,1526,3,3,1,2023-08-28
SHIP02852,CUST9059,Home & Garden,F,Flight,Kolkata-Delhi,5,2,352.14,4,51.2,3685,6,9,0,2023-07-31
SHIP02853,CUST8362,Books,D,Road,Bangalore-Chennai,7,3,4145.81,7,32.7,5600,9,13,0,2023-06-16
SHIP02854,CUST6526,Electronics,B,Flight,Bangalore-Chennai,6,4,3293.13,4,41.5,5928,3,2,1,2023-06-30
SHIP02855,CUST4673,Fashion,D,Ship,Mumbai-Chennai,4,1,1351.26,6,23.1,3058,7,7,1,2023-08-01
SHIP02856,CUST2006,Home & Garden,B,Ship,Bangalore-Chennai,5,4,2271.08,7,46.5,4020,7,7,1,2023-01-22
SHIP02857,CUST6337,Electronics,F,Ship,Hyderabad-Pune,5,3,3386.28,0,52.3,4349,5,4,1,2023-05-08
SHIP02858,CUST4857,Fashion,C,Road,Mumbai-Chennai,1,5,529.19,4,64.3,2520,8,12,0,2023-02-21
SHIP02859,CUST9203,Cosmetics,D,Flight,Bangalore-Chennai,2,2,4285.62,0,50.7,2055,5,9,0,2023-10-16
SHIP02860,CUST2569,Electronics,D,Ship,Bangalore-Chennai,7,5,3116.45,1,47.9,5022,6,6,1,2023-10-08
SHIP02861,CUST3475,Fashion,F,Ship,Hyderabad-Pune,3,3,2349.73,4,37.7,4329,3,2,1,2023-07-06
SHIP02862,CUST1342,Home & Garden,B,Flight,Delhi-Mumbai,6,2,1821.6,6,6.2,1926,8,11,0,2023-11-03
SHIP02863,CUST9254,Fashion,A,Flight,Delhi-Mumbai,6,4,2447.76,5,8.0,1328,7,7,1,2023-06-12
SHIP02864,CUST3509,Fashion,A,Flight,Hyderabad-Pune,5,4,1508.75,3,53.5,1903,9,8,1,2023-01-06
SHIP02865,CUST3539,Electronics,C,Ship,Delhi-Mumbai,5,2,2273.0,3,52.0,2471,7,9,0,2023-05-03
SHIP02866,CUST6757,Cosmetics,A,Ship,Delhi-Bangalore,2,4,523.59,6,62.9,3783,9,11,0,2023-07-30
SHIP02867,CUST5104,Cosmetics,C,Flight,Mumbai-Chennai,2,4,2338.82,2,58.1,6525,3,5,0,2023-03-16
SHIP02868,CUST8750,Books,A,Ship,Kolkata-Delhi,6,3,652.4,0,57.8,3918,6,8,0,2023-11-19
SHIP02869,CUST1682,Cosmetics,F,Ship,Mumbai-Chennai,4,1,3885.75,2,5.4,5280,9,12,0,2023-09-07
SHIP02870,CUST8432,Books,F,Ship,Delhi-Bangalore,2,3,4017.25,3,37.3,2881,4,9,0,2023-07-16
SHIP02871,CUST7071,Home & Garden,F,Flight,Bangalore-Chennai,5,3,4844.76,6,21.5,1459,6,5,1,2023-11-19
SHIP02872,CUST4085,Fashion,A,Road,Hyderabad-Pune,2,1,824.74,2,25.7,3171,10,13,0,2023-06-01
SHIP02873,CUST6477,Books,C,Road,Delhi-Mumbai,5,1,799.15,0,19.8,6344,9,13,0,2023-09-28
SHIP02874,CUST5993,Sporting Goods,F,Ship,Mumbai-Chennai,1,1,3073.28,3,18.5,3990,4,5,0,2023-12-30
SHIP02875,CUST4327,Fashion,A,Flight,Kolkata-Delhi,6,3,3529.52,3,30.3,1433,6,6,1,2023-08-02
SHIP02876,CUST5617,Electronics,D,Flight,Delhi-Bangalore,4,4,261.72,2,6.2,4788,3,6,0,2023-10-04
SHIP02877,CUST8222,Electronics,A,Ship,Mumbai-Chennai,6,5,931.12,3,56.1,6141,3,8,0,2023-05-19
SHIP02878,CUST9832,Home & Garden,D,Road,Delhi-Mumbai,4,4,3065.14,5,2.4,5950,10,9,1,2023-08-18
SHIP02879,CUST4915,Electronics,A,Ship,Bangalore-Chennai,3,3,4473.15,1,50.3,5969,4,6,0,2023-05-02
SHIP02880,CUST2206,Cosmetics,F,Ship,Kolkata-Delhi,3,4,236.86,4,47.0,1353,6,6,1,2023-11-30
SHIP02881,CUST5849,Home & Garden,B,Road,Mumbai-Chennai,5,2,4663.84,5,30.4,6439,9,10,0,2023-12-27
SHIP02882,CUST7040,Electronics,F,Flight,Kolkata-Delhi,2,1,2397.97,5,27.6,6345,10,15,0,2023-07-15
SHIP02883,CUST3623,Cosmetics,A,Ship,Bangalore-Chennai,6,4,3959.42,1,7.9,4572,5,7,0,2023-02-26
SHIP02884,CUST1432,Sporting Goods,B,Flight,Delhi-Mumbai,5,1,2988.88,0,52.9,1550,3,7,0,2023-03-02
SHIP02885,CUST4216,Fashion,D,Road,Kolkata-Delhi,6,2,2684.17,5,60.4,6474,10,9,1,2023-01-26
SHIP02886,CUST9122,Electronics,A,Flight,Bangalore-Chennai,5,4,757.25,6,32.9,1823,10,12,0,2023-09-09
SHIP02887,CUST7992,Books,F,Flight,Mumbai-Chennai,4,1,4824.29,7,13.1,3604,4,7,0,2023-06-21
SHIP02888,CUST2836,Sporting Goods,B,Ship,Delhi-Mumbai,3,1,4857.58,5,26.1,6974,8,10,0,2023-12-23
SHIP02889,CUST9694,Books,F,Ship,Mumbai-Chennai,1,1,2530.35,1,27.6,3176,10,15,0,2023-05-25
SHIP02890,CUST4098,Home & Garden,F,Ship,Hyderabad-Pune,2,1,2501.32,7,17.0,4680,9,13,0,2023-08-31
SHIP02891,CUST4911,Home & Garden,F,Road,Bangalore-Chennai,6,3,3307.57,4,14.1,2926,7,9,0,2023-08-19
SHIP02892,CUST8695,Electronics,B,Flight,Delhi-Bangalore,7,1,4227.53,3,4.0,4112,8,10,0,2023-11-06
SHIP02893,CUST3016,Fashion,D,Flight,Delhi-Mumbai,5,1,2886.13,3,13.7,2957,7,9,0,2023-11-24
SHIP02894,CUST2250,Fashion,F,Flight,Hyderabad-Pune,2,1,1672.59,6,34.5,5223,3,3,1,2023-11-18
SHIP02895,CUST4857,Home & Garden,C,Ship,Kolkata-Delhi,6,2,360.99,4,50.4,5021,10,11,0,2023-04-29
SHIP02896,CUST3029,Electronics,B,Road,Delhi-Bangalore,4,5,4287.02,3,18.9,4017,7,9,0,2023-09-16
SHIP02897,CUST3706,Fashion,B,Road,Delhi-Bangalore,1,4,3259.47,8,28.0,1066,4,6,0,2023-04-29
SHIP02898,CUST5536,Books,D,Flight,Bangalore-Chennai,6,1,1649.7,7,45.0,5054,6,9,0,2023-11-30
SHIP02899,CUST2292,Cosmetics,C,Ship,Delhi-Mumbai,2,3,1137.25,5,13.4,3028,10,15,0,2023-10-16
SHIP02900,CUST6413,Cosmetics,C,Ship,Hyderabad-Pune,2,4,873.81,4,33.5,2540,4,3,1,2023-12-20
SHIP02901,CUST7113,Cosmetics,C,Flight,Delhi-Bangalore,5,3,1065.69,1,26.5,4093,9,12,0,2023-12-26
SHIP02902,CUST9799,Home & Garden,C,Ship,Kolkata-Delhi,5,3,1216.36,4,17.3,1869,10,9,1,2023-09-24
SHIP02903,CUST1256,Home & Garden,B,Flight,Bangalore-Chennai,5,4,1376.17,3,22.7,5788,3,8,0,2023-02-04
SHIP02904,CUST2749,Sporting Goods,A,Road,Hyderabad-Pune,6,5,2136.73,1,13.9,2274,5,4,1,2023-01-01
SHIP02905,CUST6258,Fashion,F,Flight,Hyderabad-Pune,6,1,593.65,5,46.6,1307,6,7,0,2023-08-18
SHIP02906,CUST7052,Cosmetics,A,Road,Delhi-Mumbai,7,4,1502.83,2,25.0,3473,6,7,0,2023-08-23
SHIP02907,CUST7819,Fashion,A,Ship,Delhi-Mumbai,7,2,1774.24,4,51.5,6103,8,9,0,2023-05-26
SHIP02908,CUST5095,Sporting Goods,C,Ship,Kolkata-Delhi,7,1,3778.67,3,43.3,2876,5,5,1,2023-12-06
SHIP02909,CUST2016,Sporting Goods,C,Flight,Kolkata-Delhi,6,1,3631.64,0,27.1,3046,7,9,0,2023-07-16
SHIP02910,CUST6856,Electronics,D,Ship,Mumbai-Chennai,2,1,1372.82,1,48.1,1003,4,3,1,2023-08-15
SHIP02911,CUST2748,Cosmetics,C,Flight,Delhi-Mumbai,4,5,303.87,5,28.3,6443,5,5,1,2023-05-30
SHIP02912,CUST5420,Electronics,B,Ship,Bangalore-Chennai,2,4,2021.12,0,9.1,3789,4,7,0,2023-06-21
SHIP02913,CUST6234,Sporting Goods,A,Flight,Bangalore-Chennai,5,1,3368.22,7,35.7,5635,4,5,0,2023-08-09
SHIP02914,CUST3911,Books,C,Road,Delhi-Bangalore,2,1,4090.76,1,41.8,1840,3,7,0,2023-06-18
SHIP02915,CUST5429,Sporting Goods,A,Flight,Delhi-Mumbai,3,1,3780.29,3,53.0,3964,7,7,1,2023-10-20
SHIP02916,CUST4105,Sporting Goods,A,Flight,Delhi-Bangalore,4,3,853.8,1,53.9,6821,9,12,0,2023-10-25
SHIP02917,CUST5947,Electronics,B,Ship,Hyderabad-Pune,5,3,3539.02,6,40.2,5122,3,2,1,2023-08-19
SHIP02918,CUST5870,Sporting Goods,A,Road,Hyderabad-Pune,2,4,1014.43,1,16.1,4158,9,11,0,2023-07-06
SHIP02919,CUST2667,Cosmetics,C,Flight,Bangalore-Chennai,6,5,706.4,5,12.4,2224,10,14,0,2023-06-17
SHIP02920,CUST1416,Electronics,A,Ship,Delhi-Mumbai,5,3,4425.08,3,6.7,4298,4,7,0,2023-12-02
SHIP02921,CUST3998,Sporting Goods,C,Road,Delhi-Mumbai,6,2,823.0,4,25.6,4219,5,5,1,2023-05-29
SHIP02922,CUST4976,Fashion,A,Ship,Mumbai-Chennai,2,3,878.74,8,27.6,1322,10,15,0,2023-02-11
SHIP02923,CUST1485,Home & Garden,B,Road,Bangalore-Chennai,2,5,3781.34,7,41.6,4494,10,12,0,2023-07-17
SHIP02924,CUST1848,Sporting Goods,D,Flight,Delhi-Bangalore,1,1,2299.22,5,11.6,3392,9,11,0,2023-06-04
SHIP02925,CUST4582,Books,A,Flight,Delhi-Mumbai,1,5,3601.96,7,62.8,2184,3,2,1,2023-05-04
SHIP02926,CUST3253,Home & Garden,C,Ship,Kolkata-Delhi,3,3,4438.28,6,48.4,6459,7,12,0,2023-08-25
SHIP02927,CUST8952,Cosmetics,B,Road,Hyderabad-Pune,3,2,1175.7,1,52.3,2386,6,9,0,2023-04-02
SHIP02928,CUST4140,Books,B,Flight,Hyderabad-Pune,6,4,2628.27,7,57.5,1325,6,8,0,2023-11-28
SHIP02929,CUST4805,Home & Garden,D,Road,Delhi-Bangalore,1,5,3109.56,5,37.6,1579,7,7,1,2023-11-30
SHIP02930,CUST4065,Books,A,Road,Delhi-Bangalore,3,2,1631.06,7,46.8,3835,4,8,0,2023-08-07
SHIP02931,CUST1054,Cosmetics,D,Flight,Delhi-Mumbai,6,5,2802.74,4,36.8,6395,3,8,0,2023-08-29
SHIP02932,CUST8472,Cosmetics,F,Flight,Bangalore-Chennai,4,2,3866.62,3,35.5,1094,9,9,1,2023-06-27
SHIP02933,CUST2195,Sporting Goods,C,Road,Mumbai-Chennai,6,3,1461.73,2,10.6,4037,8,11,0,2023-07-03
SHIP02934,CUST4213,Fashion,A,Road,Mumbai-Chennai,5,1,1819.99,1,37.8,2705,8,9,0,2023-02-21
SHIP02935,CUST2630,Electronics,F,Flight,Kolkata-Delhi,3,3,625.55,3,63.5,4513,8,7,1,2023-12-27
SHIP02936,CUST1160,Home & Garden,A,Flight,Delhi-Mumbai,4,2,2533.48,2,9.1,3136,6,8,0,2023-07-02
SHIP02937,CUST8976,Sporting Goods,D,Ship,Bangalore-Chennai,2,2,1160.75,8,7.3,5226,5,7,0,2023-12-26
SHIP02938,CUST9623,Sporting Goods,F,Ship,Mumbai-Chennai,7,3,3406.25,5,57.0,1983,4,6,0,2023-02-02
SHIP02939,CUST6196,Sporting Goods,D,Ship,Kolkata-Delhi,7,2,444.62,4,39.4,2686,4,4,1,2023-08-14
SHIP02940,CUST9766,Sporting Goods,D,Ship,Delhi-Bangalore,1,4,3686.82,5,50.8,5763,6,5,1,2023-01-09
SHIP02941,CUST1438,Fashion,F,Ship,Hyderabad-Pune,7,1,1292.93,6,19.4,4049,7,11,0,2023-01-14
SHIP02942,CUST1729,Fashion,A,Road,Delhi-Bangalore,3,1,3561.47,0,35.4,4667,4,8,0,2023-01-20
SHIP02943,CUST5289,Cosmetics,A,Flight,Bangalore-Chennai,5,4,2711.5,3,11.9,1526,3,3,1,2023-09-23
SHIP02944,CUST8835,Electronics,B,Road,Delhi-Bangalore,1,3,1019.77,4,43.2,3095,7,10,0,2023-11-07
SHIP02945,CUST6026,Home & Garden,B,Ship,Delhi-Mumbai,4,3,425.08,0,52.3,3410,6,10,0,2023-04-15
SHIP02946,CUST1196,Books,C,Ship,Delhi-Bangalore,1,2,1747.52,5,62.4,4729,9,8,1,2023-02-03
SHIP02947,CUST8739,Fashion,B,Road,Delhi-Bangalore,5,3,2173.99,7,8.5,1697,7,7,1,2023-01-25
SHIP02948,CUST9564,Sporting Goods,F,Road,Hyderabad-Pune,4,5,4540.49,7,31.9,4900,10,12,0,2023-02-09
SHIP02949,CUST4567,Sporting Goods,D,Flight,Bangalore-Chennai,1,2,3970.19,8,5.5,5700,10,11,0,2023-02-02
SHIP02950,CUST3633,Electronics,C,Road,Kolkata-Delhi,2,1,1447.06,1,38.2,3613,6,9,0,2023-08-22
SHIP02951,CUST7715,Sporting Goods,A,Road,Bangalore-Chennai,7,4,4158.67,3,18.2,5411,8,12,0,2023-09-14
SHIP02952,CUST7598,Home & Garden,A,Ship,Bangalore-Chennai,6,1,1804.4,7,52.3,5177,3,5,0,2023-10-24
SHIP02953,CUST2737,Sporting Goods,C,Ship,Bangalore-Chennai,4,2,261.54,4,53.8,5922,8,11,0,2023-04-09
SHIP02954,CUST3993,Cosmetics,A,Road,Hyderabad-Pune,3,3,252.37,6,14.8,3572,6,11,0,2023-05-01
SHIP02955,CUST3298,Electronics,D,Road,Delhi-Mumbai,7,3,1066.38,8,42.7,2522,9,11,0,2023-01-05
SHIP02956,CUST6882,Books,C,Road,Mumbai-Chennai,7,2,3401.47,4,18.4,1295,3,7,0,2023-06-27
SHIP02957,CUST7769,Cosmetics,D,Road,Hyderabad-Pune,7,5,2736.43,2,41.9,6979,10,15,0,2023-09-22
SHIP02958,CUST1512,Books,A,Flight,Delhi-Bangalore,6,1,4635.28,0,50.0,6067,5,10,0,2023-02-24
SHIP02959,CUST3044,Fashion,C,Flight,Delhi-Mumbai,6,4,1898.6,7,34.9,1127,7,9,0,2023-02-04
SHIP02960,CUST6089,Sporting Goods,D,Flight,Kolkata-Delhi,1,5,2150.35,4,9.7,4550,7,6,1,2023-01-12
SHIP02961,CUST5925,Cosmetics,A,Road,Mumbai-Chennai,5,5,2130.7,1,7.5,1128,5,10,0,2023-05-30
SHIP02962,CUST8638,Electronics,B,Ship,Delhi-Bangalore,3,4,3905.13,4,42.9,2836,4,7,0,2023-08-26
SHIP02963,CUST3205,Home & Garden,D,Road,Kolkata-Delhi,7,5,2874.84,7,42.7,3100,3,5,0,2023-05-06
SHIP02964,CUST1934,Home & Garden,B,Road,Delhi-Mumbai,7,4,2267.32,8,60.7,5697,3,8,0,2023-04-20
SHIP02965,CUST3635,Home & Garden,D,Ship,Mumbai-Chennai,7,5,693.94,3,3.8,5191,5,6,0,2023-07-26
SHIP02966,CUST5015,Fashion,B,Ship,Mumbai-Chennai,3,4,4096.39,1,33.2,2021,9,14,0,2023-05-28
SHIP02967,CUST2321,Cosmetics,A,Ship,Delhi-Bangalore,3,2,4527.29,7,17.6,6970,5,7,0,2023-07-08
SHIP02968,CUST8684,Home & Garden,A,Road,Mumbai-Chennai,2,4,776.55,1,56.9,6503,5,6,0,2023-07-15
SHIP02969,CUST2196,Home & Garden,C,Ship,Bangalore-Chennai,1,1,3000.18,0,41.6,1227,5,5,1,2023-03-05
SHIP02970,CUST2678,Fashion,D,Road,Hyderabad-Pune,2,1,3941.89,5,56.6,2446,9,8,1,2023-09-08
SHIP02971,CUST5338,Fashion,D,Flight,Bangalore-Chennai,2,3,4099.88,8,17.3,2114,4,8,0,2023-06-08
SHIP02972,CUST2964,Electronics,D,Ship,Bangalore-Chennai,3,5,2897.29,4,17.6,2160,8,13,0,2023-08-06
SHIP02973,CUST2397,Sporting Goods,C,Flight,Mumbai-Chennai,2,4,3839.62,5,34.8,2263,9,14,0,2023-12-26
SHIP02974,CUST7041,Electronics,F,Ship,Mumbai-Chennai,7,5,2944.59,4,62.9,2498,9,12,0,2023-03-07
SHIP02975,CUST6690,Sporting Goods,C,Road,Delhi-Bangalore,7,3,2604.76,3,61.7,6149,6,6,1,2023-04-10
SHIP02976,CUST9322,Sporting Goods,A,Flight,Delhi-Mumbai,7,4,1649.15,7,46.5,5165,8,12,0,2023-03-29
SHIP02977,CUST8390,Fashion,C,Flight,Mumbai-Chennai,2,3,986.09,7,32.0,4952,4,7,0,2023-12-18
SHIP02978,CUST7398,Home & Garden,F,Ship,Delhi-Mumbai,3,4,1483.33,0,3.2,1071,7,8,0,2023-05-21
SHIP02979,CUST9372,Fashion,D,Flight,Hyderabad-Pune,4,2,4805.38,7,23.7,3990,9,12,0,2023-09-30
SHIP02980,CUST4733,Sporting Goods,C,Road,Mumbai-Chennai,6,4,201.42,1,9.1,1181,6,8,0,2023-08-25
SHIP02981,CUST3574,Home & Garden,C,Flight,Bangalore-Chennai,2,5,2231.81,1,49.1,1495,7,6,1,2023-08-28
SHIP02982,CUST5143,Cosmetics,A,Flight,Hyderabad-Pune,2,4,4765.78,5,43.4,1853,6,6,1,2023-11-20
SHIP02983,CUST3037,Books,D,Ship,Delhi-Bangalore,2,3,387.72,3,48.7,6673,10,11,0,2023-04-14
SHIP02984,CUST9331,Sporting Goods,C,Flight,Delhi-Bangalore,4,5,2908.72,2,44.6,2988,7,7,1,2023-12-12
SHIP02985,CUST5335,Sporting Goods,D,Road,Mumbai-Chennai,3,3,3062.04,5,46.2,3900,9,8,1,2023-09-13
SHIP02986,CUST2900,Fashion,D,Road,Delhi-Bangalore,6,1,2515.76,4,44.3,6396,10,14,0,2023-09-17
SHIP02987,CUST9668,Fashion,B,Ship,Bangalore-Chennai,3,1,890.87,3,25.6,6453,5,7,0,2023-02-24
SHIP02988,CUST2677,Cosmetics,D,Flight,Bangalore-Chennai,1,3,4894.62,4,47.3,4190,5,7,0,2023-07-18
SHIP02989,CUST2626,Electronics,B,Road,Kolkata-Delhi,2,5,489.33,1,62.7,3868,8,12,0,2023-07-07
SHIP02990,CUST3150,Sporting Goods,F,Ship,Delhi-Mumbai,4,3,3427.94,5,38.2,2390,3,3,1,2023-12-29
SHIP02991,CUST9034,Cosmetics,C,Ship,Delhi-Bangalore,5,2,1659.89,4,14.1,2877,5,7,0,2023-08-04
SHIP02992,CUST8216,Sporting Goods,B,Road,Kolkata-Delhi,7,5,1016.82,5,7.8,1097,10,10,1,2023-03-10
SHIP02993,CUST9023,Cosmetics,B,Ship,Mumbai-Chennai,2,3,4773.42,8,25.0,5663,5,7,0,2023-01-01
SHIP02994,CUST4548,Cosmetics,A,Flight,Mumbai-Chennai,4,2,645.85,0,23.1,1035,9,14,0,2023-06-25
SHIP02995,CUST8424,Fashion,A,Road,Hyderabad-Pune,3,1,2433.92,3,54.7,4826,6,5,1,2023-10-12
SHIP02996,CUST2727,Fashion,F,Flight,Delhi-Bangalore,3,1,3736.18,8,22.1,2309,10,15,0,2023-04-27
SHIP02997,CUST1439,Sporting Goods,B,Flight,Hyderabad-Pune,6,1,101.27,0,30.7,2415,10,14,0,2023-07-11
SHIP02998,CUST8824,Electronics,B,Ship,Hyderabad-Pune,5,3,1801.13,3,38.8,6268,3,6,0,2023-12-02
SHIP02999,CUST1619,Fashion,B,Ship,Delhi-Mumbai,7,3,4072.39,8,46.9,3873,8,11,0,2023-07-31
SHIP03000,CUST8298,Sporting Goods,A,Ship,Delhi-Bangalore,2,1,4113.35,8,34.2,1464,4,6,0,2023-07-04
SHIP03001,CUST5636,Electronics,D,Flight,Delhi-Mumbai,2,3,696.64,3,60.6,1385,9,14,0,2023-01-02
SHIP03002,CUST9949,Cosmetics,D,Road,Mumbai-Chennai,5,4,1690.26,8,22.0,1040,10,13,0,2023-11-17
SHIP03003,CUST5975,Home & Garden,A,Flight,Hyderabad-Pune,7,4,962.28,3,25.4,6095,8,11,0,2023-02-19
SHIP03004,CUST3096,Cosmetics,B,Road,Kolkata-Delhi,3,1,2746.87,1,18.7,6650,7,11,0,2023-07-21
SHIP03005,CUST4702,Books,F,Flight,Bangalore-Chennai,3,1,3441.7,4,58.9,2197,5,4,1,2023-06-07
SHIP03006,CUST5272,Books,B,Flight,Hyderabad-Pune,7,2,4305.74,4,6.9,6856,4,6,0,2023-07-17
SHIP03007,CUST1549,Cosmetics,F,Road,Hyderabad-Pune,6,4,2861.84,5,34.6,4657,9,11,0,2023-05-12
SHIP03008,CUST2409,Electronics,D,Road,Kolkata-Delhi,4,2,4893.85,4,61.7,5128,7,10,0,2023-02-08
SHIP03009,CUST8373,Sporting Goods,F,Flight,Delhi-Bangalore,4,4,356.69,2,18.1,2742,10,13,0,2023-05-01
SHIP03010,CUST6838,Books,F,Road,Delhi-Bangalore,3,2,4934.17,7,35.5,3215,4,6,0,2023-05-17
SHIP03011,CUST1643,Cosmetics,F,Ship,Kolkata-Delhi,3,1,4028.82,7,24.3,5750,10,9,1,2023-05-30
SHIP03012,CUST3286,Electronics,B,Road,Bangalore-Chennai,2,4,4768.86,5,50.5,1965,5,7,0,2023-12-23
SHIP03013,CUST8926,Fashion,A,Ship,Delhi-Bangalore,1,1,2807.58,5,29.8,5144,5,6,0,2023-07-19
SHIP03014,CUST2886,Home & Garden,B,Ship,Bangalore-Chennai,3,2,1768.05,6,24.7,1056,8,13,0,2023-10-28
SHIP03015,CUST9046,Sporting Goods,B,Flight,Bangalore-Chennai,5,1,3519.14,3,2.0,3200,3,8,0,2023-06-20
SHIP03016,CUST7646,Home & Garden,B,Ship,Hyderabad-Pune,5,3,2225.05,8,17.4,6567,4,9,0,2023-05-06
SHIP03017,CUST1452,Books,D,Ship,Kolkata-Delhi,1,1,2543.73,6,6.5,3277,10,15,0,2023-08-14
SHIP03018,CUST1514,Electronics,C,Road,Hyderabad-Pune,1,4,4959.98,4,12.8,5586,6,6,1,2023-08-16
SHIP03019,CUST7251,Fashion,F,Road,Kolkata-Delhi,4,2,4387.43,5,58.0,6798,10,9,1,2023-12-05
SHIP03020,CUST1101,Books,C,Flight,Mumbai-Chennai,7,5,2241.92,1,34.0,3379,10,15,0,2023-06-04
SHIP03021,CUST5490,Fashion,D,Road,Mumbai-Chennai,2,1,1328.39,8,32.5,2418,10,11,0,2023-02-04
SHIP03022,CUST5230,Books,F,Ship,Delhi-Mumbai,6,2,768.13,3,37.5,5794,9,9,1,2023-12-29
SHIP03023,CUST1390,Electronics,D,Road,Delhi-Mumbai,2,2,3342.9,0,18.8,3237,5,4,1,2023-06-10
SHIP03024,CUST7879,Cosmetics,D,Ship,Mumbai-Chennai,7,3,641.27,7,42.2,4111,7,12,0,2023-06-29
SHIP03025,CUST6171,Cosmetics,F,Road,Delhi-Bangalore,5,1,4470.52,6,44.6,3540,9,8,1,2023-06-01
SHIP03026,CUST7564,Cosmetics,D,Flight,Mumbai-Chennai,7,4,3625.93,6,26.1,3061,8,10,0,2023-12-01
SHIP03027,CUST6780,Fashion,A,Road,Bangalore-Chennai,6,3,4264.35,2,38.1,3546,10,12,0,2023-01-24
SHIP03028,CUST2156,Cosmetics,C,Ship,Mumbai-Chennai,5,5,2732.7,7,34.4,5860,8,9,0,2023-04-05
SHIP03029,CUST6907,Home & Garden,C,Ship,Delhi-Bangalore,1,4,477.32,8,23.5,1332,10,10,1,2023-08-28
SHIP03030,CUST9785,Cosmetics,B,Road,Hyderabad-Pune,4,3,270.04,6,52.0,2144,9,12,0,2023-03-29
SHIP03031,CUST4312,Sporting Goods,A,Ship,Delhi-Bangalore,7,1,1359.02,0,12.6,5456,7,9,0,2023-08-10
SHIP03032,CUST4961,Electronics,A,Ship,Delhi-Mumbai,7,5,1387.94,0,26.0,3061,6,9,0,2023-05-03
SHIP03033,CUST9161,Home & Garden,C,Ship,Bangalore-Chennai,3,3,852.05,6,6.8,1612,8,9,0,2023-09-25
SHIP03034,CUST8495,Home & Garden,C,Flight,Bangalore-Chennai,5,2,1655.17,7,62.2,5474,7,7,1,2023-07-30
SHIP03035,CUST8475,Books,A,Road,Delhi-Bangalore,3,3,4847.51,6,59.4,4539,6,10,0,2023-09-14
SHIP03036,CUST9890,Books,F,Flight,Bangalore-Chennai,6,5,2243.08,4,4.4,6352,6,10,0,2023-04-15
SHIP03037,CUST7341,Electronics,A,Road,Hyderabad-Pune,6,5,4966.61,6,8.4,4478,5,6,0,2023-12-16
SHIP03038,CUST7896,Books,B,Road,Delhi-Bangalore,4,5,1491.39,6,34.1,3964,7,11,0,2023-08-29
SHIP03039,CUST8496,Fashion,D,Flight,Hyderabad-Pune,6,5,4443.58,0,5.9,1032,4,6,0,2023-10-30
SHIP03040,CUST2262,Sporting Goods,A,Road,Hyderabad-Pune,3,2,4199.75,3,35.1,6410,5,9,0,2023-09-11
SHIP03041,CUST3107,Electronics,C,Road,Delhi-Mumbai,5,1,3206.17,5,47.5,4135,10,10,1,2023-02-21
SHIP03042,CUST5434,Cosmetics,B,Ship,Delhi-Mumbai,1,4,1749.25,6,14.1,2931,5,10,0,2023-06-06
SHIP03043,CUST1597,Sporting Goods,B,Flight,Delhi-Bangalore,6,2,1977.98,5,15.6,5411,6,10,0,2023-06-30
SHIP03044,CUST4850,Electronics,D,Flight,Mumbai-Chennai,7,5,3807.92,4,4.3,3241,4,5,0,2023-01-08
SHIP03045,CUST5638,Sporting Goods,C,Ship,Mumbai-Chennai,1,4,1472.1,0,49.4,5917,5,4,1,2023-03-14
SHIP03046,CUST4016,Sporting Goods,A,Road,Bangalore-Chennai,5,5,3976.96,0,9.1,3210,6,10,0,2023-05-07
SHIP03047,CUST2409,Electronics,F,Ship,Kolkata-Delhi,4,1,3379.45,2,15.3,3691,3,4,0,2023-04-14
SHIP03048,CUST8777,Books,B,Flight,Kolkata-Delhi,3,3,1360.55,6,4.2,2042,6,6,1,2023-09-08
SHIP03049,CUST4690,Home & Garden,C,Flight,Hyderabad-Pune,1,3,2393.95,1,11.7,4191,10,11,0,2023-09-01
SHIP03050,CUST6563,Books,B,Road,Delhi-Bangalore,7,5,3750.38,2,39.5,2468,9,11,0,2023-02-24
SHIP03051,CUST3274,Electronics,C,Ship,Bangalore-Chennai,1,2,4435.04,3,41.4,5664,10,14,0,2023-01-27
SHIP03052,CUST8742,Sporting Goods,F,Road,Bangalore-Chennai,3,5,986.58,4,52.8,4876,3,5,0,2023-03-22
SHIP03053,CUST2144,Fashion,F,Road,Delhi-Mumbai,2,4,4602.9,1,9.6,4617,6,6,1,2023-12-27
SHIP03054,CUST6941,Home & Garden,D,Road,Delhi-Mumbai,3,2,512.95,1,27.4,6516,8,11,0,2023-05-05
SHIP03055,CUST7415,Books,C,Road,Delhi-Mumbai,1,1,3613.99,4,12.3,3057,5,5,1,2023-01-18
SHIP03056,CUST5753,Home & Garden,B,Ship,Bangalore-Chennai,7,5,4060.98,6,38.2,3071,6,8,0,2023-05-17
SHIP03057,CUST1122,Books,A,Flight,Bangalore-Chennai,2,2,4607.26,7,25.9,5097,5,5,1,2023-12-20
SHIP03058,CUST8566,Sporting Goods,A,Road,Hyderabad-Pune,4,5,1666.08,7,6.9,5928,6,7,0,2023-03-22
SHIP03059,CUST7097,Fashion,A,Ship,Delhi-Mumbai,5,1,4507.61,6,13.8,2151,6,6,1,2023-10-04
SHIP03060,CUST8796,Cosmetics,C,Flight,Kolkata-Delhi,3,5,2124.62,7,10.8,6390,8,11,0,2023-08-06
SHIP03061,CUST1455,Fashion,C,Flight,Kolkata-Delhi,6,2,1179.07,4,53.3,3897,7,9,0,2023-12-01
SHIP03062,CUST5670,Electronics,C,Flight,Bangalore-Chennai,4,2,1731.19,7,20.3,2671,9,14,0,2023-09-28
SHIP03063,CUST9432,Home & Garden,A,Road,Kolkata-Delhi,4,5,3405.63,5,45.7,5639,8,13,0,2023-02-04
SHIP03064,CUST6360,Cosmetics,A,Ship,Bangalore-Chennai,7,2,3556.16,7,48.4,2257,8,11,0,2023-07-29
SHIP03065,CUST5457,Sporting Goods,C,Road,Delhi-Bangalore,1,1,2863.37,2,63.1,2047,5,8,0,2023-07-22
SHIP03066,CUST6546,Home & Garden,D,Road,Bangalore-Chennai,3,2,2320.48,2,14.9,4248,8,7,1,2023-05-16
SHIP03067,CUST2148,Home & Garden,B,Flight,Mumbai-Chennai,2,1,1005.94,7,3.0,1634,9,8,1,2023-05-20
SHIP03068,CUST3543,Fashion,F,Road,Delhi-Bangalore,1,1,3137.67,3,23.5,2217,6,11,0,2023-09-07
SHIP03069,CUST3503,Fashion,F,Road,Mumbai-Chennai,1,1,3609.87,4,36.9,2090,7,11,0,2023-04-08
SHIP03070,CUST8086,Books,F,Flight,Delhi-Bangalore,5,1,4613.62,7,35.0,2740,7,6,1,2023-08-24
SHIP03071,CUST7600,Cosmetics,F,Ship,Delhi-Mumbai,4,5,863.56,4,26.0,4212,7,12,0,2023-09-13
SHIP03072,CUST4636,Cosmetics,A,Road,Hyderabad-Pune,6,3,1130.77,6,32.9,6589,9,12,0,2023-06-08
SHIP03073,CUST9673,Home & Garden,C,Road,Delhi-Bangalore,3,4,909.32,7,51.5,4088,8,12,0,2023-01-09
SHIP03074,CUST4452,Fashion,C,Flight,Bangalore-Chennai,7,2,2490.42,4,46.7,4382,9,12,0,2023-03-16
SHIP03075,CUST5431,Cosmetics,B,Ship,Bangalore-Chennai,6,2,1341.25,4,56.9,4526,5,7,0,2023-01-29
SHIP03076,CUST1753,Home & Garden,A,Flight,Hyderabad-Pune,6,4,525.98,0,63.7,5204,9,11,0,2023-02-23
SHIP03077,CUST9993,Cosmetics,F,Road,Hyderabad-Pune,4,5,4838.15,4,63.2,5948,9,9,1,2023-09-15
SHIP03078,CUST6901,Electronics,F,Flight,Hyderabad-Pune,6,3,2143.73,1,14.9,3455,7,6,1,2023-05-06
SHIP03079,CUST9851,Fashion,B,Ship,Hyderabad-Pune,2,5,235.53,6,37.7,2561,7,6,1,2023-10-15
SHIP03080,CUST2116,Fashion,B,Flight,Kolkata-Delhi,5,2,3195.03,8,52.5,1745,7,9,0,2023-08-04
SHIP03081,CUST2257,Cosmetics,B,Ship,Hyderabad-Pune,7,3,983.86,0,40.8,2969,5,5,1,2023-01-15
SHIP03082,CUST4543,Electronics,B,Ship,Kolkata-Delhi,6,2,3426.56,4,49.9,5863,4,5,0,2023-03-19
SHIP03083,CUST8946,Electronics,B,Ship,Delhi-Mumbai,5,5,4584.18,7,12.2,1920,5,4,1,2023-03-27
SHIP03084,CUST1297,Fashion,A,Road,Kolkata-Delhi,4,3,2054.38,0,0.5,1046,5,8,0,2023-06-28
SHIP03085,CUST2297,Cosmetics,D,Flight,Delhi-Bangalore,7,2,4701.15,4,34.4,3106,4,8,0,2023-10-25
SHIP03086,CUST8880,Electronics,C,Ship,Mumbai-Chennai,3,4,1591.78,1,7.4,6131,6,11,0,2023-09-19
SHIP03087,CUST8408,Electronics,B,Flight,Delhi-Bangalore,5,2,4539.96,4,3.5,6105,3,7,0,2023-12-20
SHIP03088,CUST1158,Sporting Goods,B,Flight,Bangalore-Chennai,6,5,3243.41,2,54.4,2374,6,10,0,2023-09-24
SHIP03089,CUST1206,Electronics,C,Road,Bangalore-Chennai,2,2,1399.96,1,35.5,2137,4,6,0,2023-12-08
SHIP03090,CUST8387,Cosmetics,B,Flight,Delhi-Bangalore,6,1,4431.87,1,14.3,1808,8,8,1,2023-12-31
SHIP03091,CUST6674,Books,C,Ship,Hyderabad-Pune,6,2,920.58,6,32.1,1217,9,11,0,2023-10-16
SHIP03092,CUST7568,Cosmetics,F,Ship,Delhi-Mumbai,7,4,4937.36,7,51.7,5399,4,8,0,2023-02-12
SHIP03093,CUST1115,Fashion,C,Ship,Mumbai-Chennai,2,5,2045.19,4,49.0,4541,9,13,0,2023-03-11
SHIP03094,CUST3795,Fashion,A,Road,Hyderabad-Pune,3,1,2468.3,5,13.6,1189,10,10,1,2023-01-09
SHIP03095,CUST6914,Fashion,A,Road,Hyderabad-Pune,3,1,397.18,5,1.8,3640,7,11,0,2023-01-07
SHIP03096,CUST5250,Sporting Goods,C,Ship,Hyderabad-Pune,3,4,4652.53,7,4.0,5067,8,7,1,2023-09-28
SHIP03097,CUST9063,Electronics,A,Road,Bangalore-Chennai,6,2,4981.32,7,25.5,6405,7,9,0,2023-08-20
SHIP03098,CUST6566,Sporting Goods,B,Flight,Mumbai-Chennai,6,1,512.63,2,28.7,4723,7,12,0,2023-01-21
SHIP03099,CUST9986,Fashion,F,Ship,Delhi-Mumbai,7,5,4548.1,2,0.7,1884,10,10,1,2023-03-12
SHIP03100,CUST2035,Fashion,C,Ship,Kolkata-Delhi,2,4,2717.4,1,57.6,5886,4,9,0,2023-03-22
SHIP03101,CUST3928,Home & Garden,A,Flight,Mumbai-Chennai,1,1,3404.6,4,55.6,4888,3,4,0,2023-01-16
SHIP03102,CUST8551,Electronics,D,Flight,Hyderabad-Pune,3,4,2877.03,8,36.1,2599,4,8,0,2023-02-15
SHIP03103,CUST1917,Cosmetics,F,Ship,Mumbai-Chennai,6,3,2760.82,1,61.1,5443,4,4,1,2023-05-11
SHIP03104,CUST3036,Electronics,C,Flight,Bangalore-Chennai,4,4,3999.07,6,30.2,4408,4,7,0,2023-02-01
SHIP03105,CUST3117,Home & Garden,F,Flight,Bangalore-Chennai,1,1,2471.3,2,51.4,4685,4,7,0,2023-06-23
SHIP03106,CUST2230,Cosmetics,D,Ship,Delhi-Bangalore,2,2,2820.08,4,45.8,3867,9,10,0,2023-06-19
SHIP03107,CUST9270,Fashion,D,Flight,Bangalore-Chennai,2,3,4323.98,2,3.9,3894,6,7,0,2023-08-20
SHIP03108,CUST9587,Sporting Goods,F,Flight,Delhi-Bangalore,3,5,2544.37,7,62.2,6074,5,8,0,2023-05-18
SHIP03109,CUST6561,Books,D,Road,Bangalore-Chennai,1,2,3530.14,4,2.0,6016,6,6,1,2023-11-18
SHIP03110,CUST7568,Books,D,Ship,Bangalore-Chennai,5,5,1610.84,6,18.6,3342,6,9,0,2023-09-15
SHIP03111,CUST8453,Fashion,F,Road,Delhi-Bangalore,3,4,4000.72,5,8.5,2964,7,7,1,2023-12-13
SHIP03112,CUST7820,Books,D,Flight,Delhi-Bangalore,7,2,2419.27,5,63.3,2849,4,7,0,2023-10-11
SHIP03113,CUST1048,Cosmetics,B,Ship,Delhi-Mumbai,4,4,1052.72,4,50.7,1955,6,11,0,2023-06-09
SHIP03114,CUST2505,Home & Garden,D,Road,Delhi-Bangalore,3,3,967.56,6,13.8,2403,7,11,0,2023-03-10
SHIP03115,CUST4194,Home & Garden,D,Ship,Mumbai-Chennai,3,3,1882.65,1,48.1,6344,9,9,1,2023-04-22
SHIP03116,CUST5759,Fashion,A,Ship,Delhi-Mumbai,4,3,1399.18,4,19.0,5650,7,7,1,2023-05-19
SHIP03117,CUST5732,Fashion,A,Road,Hyderabad-Pune,5,3,980.2,4,24.6,5142,8,10,0,2023-11-25
SHIP03118,CUST3644,Sporting Goods,A,Ship,Kolkata-Delhi,3,4,3244.24,2,58.6,6411,4,5,0,2023-02-08
SHIP03119,CUST9210,Cosmetics,B,Flight,Kolkata-Delhi,6,2,1683.72,8,57.3,4069,9,10,0,2023-04-02
SHIP03120,CUST1034,Electronics,D,Flight,Delhi-Mumbai,3,3,4909.7,1,51.8,2804,4,5,0,2023-05-03
SHIP03121,CUST3906,Books,B,Ship,Mumbai-Chennai,4,5,940.43,5,48.1,1624,7,9,0,2023-10-19
SHIP03122,CUST2503,Fashion,C,Flight,Mumbai-Chennai,2,4,2721.86,6,61.1,3527,3,7,0,2023-09-15
SHIP03123,CUST2163,Home & Garden,D,Ship,Kolkata-Delhi,4,5,2007.36,0,24.5,5873,6,10,0,2023-01-25
SHIP03124,CUST6071,Sporting Goods,A,Ship,Delhi-Mumbai,5,4,3028.83,0,25.1,1073,9,9,1,2023-08-17
SHIP03125,CUST8172,Electronics,C,Road,Delhi-Mumbai,1,1,4511.92,5,0.1,6956,9,8,1,2023-05-17
SHIP03126,CUST1722,Electronics,C,Ship,Delhi-Bangalore,4,2,2833.82,8,27.0,5189,6,5,1,2023-08-01
SHIP03127,CUST2848,Fashion,A,Road,Kolkata-Delhi,1,3,3762.91,8,19.2,4046,6,10,0,2023-03-10
SHIP03128,CUST7472,Cosmetics,F,Road,Bangalore-Chennai,7,4,2575.75,4,10.7,1505,3,8,0,2023-08-25
SHIP03129,CUST5559,Home & Garden,B,Flight,Kolkata-Delhi,1,4,1191.91,7,11.0,6779,4,5,0,2023-02-13
SHIP03130,CUST7032,Fashion,F,Road,Mumbai-Chennai,6,5,3572.57,4,29.7,3651,9,8,1,2023-07-01
SHIP03131,CUST4495,Cosmetics,F,Road,Delhi-Bangalore,5,2,240.7,5,32.4,5708,10,14,0,2023-08-12
SHIP03132,CUST9759,Fashion,D,Flight,Kolkata-Delhi,1,4,1628.23,1,2.6,5805,10,14,0,2023-11-04
SHIP03133,CUST9773,Electronics,C,Ship,Mumbai-Chennai,7,2,2892.02,3,22.2,4552,6,9,0,2023-05-20
SHIP03134,CUST9695,Home & Garden,F,Road,Kolkata-Delhi,5,4,2185.12,0,55.5,4433,3,8,0,2023-03-10
SHIP03135,CUST8667,Cosmetics,A,Flight,Mumbai-Chennai,7,1,4006.27,1,3.7,5099,6,7,0,2023-06-07
SHIP03136,CUST3706,Books,B,Flight,Mumbai-Chennai,7,3,4582.89,8,1.5,2070,7,7,1,2023-07-19
SHIP03137,CUST5806,Electronics,F,Flight,Hyderabad-Pune,6,2,1676.09,5,15.6,2290,7,8,0,2023-10-26
SHIP03138,CUST8710,Cosmetics,F,Flight,Delhi-Mumbai,7,4,3641.41,6,59.9,3969,7,11,0,2023-05-06
SHIP03139,CUST8960,Home & Garden,F,Road,Bangalore-Chennai,3,2,1718.26,2,11.1,3711,8,10,0,2023-04-25
SHIP03140,CUST1841,Electronics,D,Flight,Delhi-Bangalore,7,2,4274.4,2,40.4,5608,7,9,0,2023-08-23
SHIP03141,CUST4424,Sporting Goods,D,Flight,Mumbai-Chennai,6,5,4756.02,0,9.2,2835,9,10,0,2023-03-24
SHIP03142,CUST8170,Electronics,A,Road,Mumbai-Chennai,7,1,1778.19,1,61.2,3317,8,9,0,2023-01-20
SHIP03143,CUST6240,Cosmetics,C,Ship,Bangalore-Chennai,5,3,439.03,3,43.9,5982,5,7,0,2023-10-16
SHIP03144,CUST5057,Home & Garden,B,Road,Mumbai-Chennai,4,1,1630.24,6,48.6,1178,10,12,0,2023-12-28
SHIP03145,CUST6802,Fashion,A,Flight,Delhi-Bangalore,2,3,4437.21,1,4.5,5905,7,6,1,2023-09-19
SHIP03146,CUST4094,Cosmetics,B,Road,Delhi-Bangalore,6,4,4519.48,3,42.8,6665,10,13,0,2023-09-11
SHIP03147,CUST2080,Cosmetics,A,Flight,Delhi-Mumbai,2,2,4928.54,3,4.0,4061,3,4,0,2023-02-22
SHIP03148,CUST9669,Books,C,Ship,Kolkata-Delhi,6,4,365.69,2,44.0,6164,7,8,0,2023-02-14
SHIP03149,CUST8720,Sporting Goods,F,Ship,Bangalore-Chennai,2,1,253.93,3,60.4,4977,6,5,1,2023-04-24
SHIP03150,CUST8598,Cosmetics,B,Flight,Mumbai-Chennai,7,4,1949.63,5,22.7,3710,9,11,0,2023-08-23
SHIP03151,CUST9261,Electronics,F,Flight,Bangalore-Chennai,3,2,1855.32,1,7.0,1413,3,3,1,2023-05-09
SHIP03152,CUST4347,Sporting Goods,C,Flight,Delhi-Bangalore,2,1,2733.05,2,12.5,3043,5,7,0,2023-11-16
SHIP03153,CUST4371,Home & Garden,A,Flight,Bangalore-Chennai,5,3,1748.17,0,30.2,2173,6,10,0,2023-02-12
SHIP03154,CUST8080,Fashion,D,Ship,Kolkata-Delhi,4,3,3614.78,5,41.1,2010,9,10,0,2023-01-09
SHIP03155,CUST8823,Cosmetics,B,Ship,Kolkata-Delhi,3,5,4921.95,4,43.0,4712,7,8,0,2023-09-17
SHIP03156,CUST3855,Sporting Goods,C,Ship,Kolkata-Delhi,5,3,4142.76,2,22.4,6461,10,10,1,2023-01-28
SHIP03157,CUST6918,Sporting Goods,F,Ship,Kolkata-Delhi,4,1,887.96,8,11.7,3166,3,3,1,2023-04-28
SHIP03158,CUST5917,Sporting Goods,C,Ship,Kolkata-Delhi,6,3,3162.21,1,48.7,6737,4,7,0,2023-12-09
SHIP03159,CUST5803,Home & Garden,D,Flight,Mumbai-Chennai,2,2,4140.87,0,2.0,1594,7,8,0,2023-07-21
SHIP03160,CUST3559,Books,F,Flight,Kolkata-Delhi,5,3,1718.15,7,57.9,1566,8,8,1,2023-06-05
SHIP03161,CUST6679,Electronics,A,Road,Mumbai-Chennai,4,4,4700.54,3,27.5,2173,10,15,0,2023-09-07
SHIP03162,CUST9249,Books,A,Ship,Bangalore-Chennai,3,1,2360.99,0,53.9,5057,8,7,1,2023-03-07
SHIP03163,CUST7936,Electronics,B,Ship,Kolkata-Delhi,1,2,3351.75,0,48.5,5812,6,7,0,2023-12-25
SHIP03164,CUST2438,Cosmetics,C,Flight,Kolkata-Delhi,3,2,2490.2,4,42.1,6878,5,10,0,2023-12-17
SHIP03165,CUST7547,Cosmetics,F,Flight,Delhi-Mumbai,3,1,2172.23,6,33.9,5162,6,11,0,2023-03-06
SHIP03166,CUST8669,Electronics,C,Flight,Kolkata-Delhi,6,4,496.66,6,26.9,5769,4,5,0,2023-07-03
SHIP03167,CUST4924,Cosmetics,B,Flight,Mumbai-Chennai,4,1,1774.01,5,20.4,6698,7,6,1,2023-10-17
SHIP03168,CUST4589,Fashion,F,Flight,Kolkata-Delhi,2,2,745.32,5,60.5,5184,9,8,1,2023-02-06
SHIP03169,CUST7620,Electronics,F,Ship,Delhi-Mumbai,2,4,4527.35,7,55.0,3555,5,6,0,2023-07-22
SHIP03170,CUST5983,Sporting Goods,D,Road,Hyderabad-Pune,6,5,4952.97,3,5.5,4480,9,12,0,2023-09-06
SHIP03171,CUST3654,Cosmetics,A,Flight,Bangalore-Chennai,2,4,2896.45,2,11.7,3847,6,5,1,2023-06-27
SHIP03172,CUST3181,Fashion,A,Ship,Delhi-Bangalore,4,3,2086.3,0,7.2,4198,4,6,0,2023-05-09
SHIP03173,CUST2482,Sporting Goods,F,Flight,Delhi-Bangalore,4,1,4200.59,5,43.4,2853,6,5,1,2023-11-07
SHIP03174,CUST3456,Fashion,B,Ship,Kolkata-Delhi,2,3,2144.18,3,41.7,3890,9,8,1,2023-08-04
SHIP03175,CUST7415,Sporting Goods,C,Ship,Hyderabad-Pune,5,3,4021.9,0,52.0,1068,10,12,0,2023-07-11
SHIP03176,CUST8680,Fashion,A,Ship,Delhi-Bangalore,3,5,953.16,7,19.8,6691,3,3,1,2023-03-23
SHIP03177,CUST3086,Books,B,Flight,Kolkata-Delhi,1,1,2828.27,2,0.8,2989,9,9,1,2023-06-16
SHIP03178,CUST6398,Sporting Goods,D,Ship,Bangalore-Chennai,1,5,1740.72,1,46.2,1769,3,7,0,2023-08-08
SHIP03179,CUST8645,Cosmetics,F,Ship,Delhi-Bangalore,6,4,2177.1,6,14.9,6332,5,8,0,2023-02-10
SHIP03180,CUST9308,Electronics,B,Ship,Kolkata-Delhi,7,3,2949.41,4,21.9,2576,7,9,0,2023-03-31
SHIP03181,CUST1806,Books,B,Road,Bangalore-Chennai,5,3,4940.66,0,54.1,5018,6,10,0,2023-09-09
SHIP03182,CUST4242,Books,A,Road,Delhi-Bangalore,2,3,3724.23,2,55.0,4671,8,8,1,2023-06-26
SHIP03183,CUST2607,Sporting Goods,C,Ship,Bangalore-Chennai,2,1,1908.85,8,29.6,1504,8,10,0,2023-08-20
SHIP03184,CUST3061,Books,D,Flight,Delhi-Bangalore,3,5,1531.34,8,39.2,5100,10,15,0,2023-02-04
SHIP03185,CUST9279,Fashion,F,Road,Delhi-Bangalore,1,1,1707.23,4,38.2,4618,8,8,1,2023-11-03
SHIP03186,CUST2462,Fashion,D,Road,Delhi-Mumbai,4,3,2258.27,5,8.9,2364,10,12,0,2023-05-18
SHIP03187,CUST2778,Sporting Goods,C,Road,Mumbai-Chennai,6,5,3365.41,0,57.8,2073,5,9,0,2023-07-18
SHIP03188,CUST5857,Fashion,C,Road,Mumbai-Chennai,4,4,4184.91,6,56.1,1629,7,10,0,2023-05-15
SHIP03189,CUST8158,Home & Garden,C,Ship,Bangalore-Chennai,1,5,4268.99,5,38.6,6900,6,9,0,2023-10-02
SHIP03190,CUST9447,Fashion,B,Ship,Hyderabad-Pune,6,3,4800.44,3,24.9,1125,9,13,0,2023-08-16
SHIP03191,CUST2424,Fashion,D,Ship,Kolkata-Delhi,4,1,2853.41,5,43.6,4356,4,7,0,2023-05-26
SHIP03192,CUST9072,Sporting Goods,A,Flight,Delhi-Bangalore,1,2,242.43,3,60.2,6832,3,7,0,2023-09-29
SHIP03193,CUST2641,Electronics,B,Ship,Hyderabad-Pune,5,4,2040.49,7,27.9,2800,6,9,0,2023-10-09
SHIP03194,CUST4266,Books,D,Ship,Mumbai-Chennai,7,3,2566.11,6,23.5,4956,10,10,1,2023-01-09
SHIP03195,CUST2648,Sporting Goods,A,Flight,Kolkata-Delhi,6,3,2502.88,4,54.5,2587,3,5,0,2023-11-24
SHIP03196,CUST1556,Home & Garden,C,Flight,Kolkata-Delhi,2,5,1295.54,6,16.3,5890,9,11,0,2023-09-02
SHIP03197,CUST5432,Cosmetics,F,Road,Hyderabad-Pune,4,2,3621.54,0,49.1,5239,3,6,0,2023-06-24
SHIP03198,CUST1952,Fashion,C,Ship,Delhi-Mumbai,2,5,4023.94,6,54.5,4437,9,12,0,2023-03-05
SHIP03199,CUST9115,Sporting Goods,A,Road,Delhi-Mumbai,5,3,2626.83,4,0.9,1742,5,6,0,2023-05-20
SHIP03200,CUST6168,Sporting Goods,D,Road,Delhi-Mumbai,1,1,444.66,0,62.8,1286,7,9,0,2023-03-04
SHIP03201,CUST9297,Home & Garden,C,Flight,Kolkata-Delhi,7,2,3190.94,7,18.4,4292,10,10,1,2023-09-23
SHIP03202,CUST1531,Sporting Goods,F,Flight,Delhi-Mumbai,2,1,2914.45,5,61.5,4096,6,11,0,2023-10-21
SHIP03203,CUST4588,Fashion,A,Ship,Delhi-Mumbai,3,3,716.68,8,41.4,6363,10,9,1,2023-09-26
SHIP03204,CUST2110,Electronics,A,Road,Bangalore-Chennai,1,2,3802.91,4,55.9,1117,5,6,0,2023-11-19
SHIP03205,CUST5631,Electronics,B,Flight,Hyderabad-Pune,4,5,3161.79,0,47.4,2869,7,7,1,2023-12-05
SHIP03206,CUST9884,Books,D,Road,Kolkata-Delhi,4,4,4277.66,0,64.6,4172,5,5,1,2023-10-13
SHIP03207,CUST6245,Electronics,B,Flight,Delhi-Mumbai,6,2,2864.46,7,35.8,5372,5,10,0,2023-09-26
SHIP03208,CUST4185,Electronics,F,Ship,Hyderabad-Pune,2,4,1270.21,3,41.2,6604,10,11,0,2023-05-29
SHIP03209,CUST3955,Cosmetics,D,Ship,Hyderabad-Pune,2,1,2412.43,5,60.7,5581,10,14,0,2023-01-05
SHIP03210,CUST2920,Fashion,B,Ship,Delhi-Mumbai,7,4,2595.84,0,22.2,4678,4,7,0,2023-06-16
SHIP03211,CUST9082,Electronics,F,Ship,Bangalore-Chennai,7,5,2808.09,2,49.6,2865,9,14,0,2023-08-20
SHIP03212,CUST8273,Home & Garden,D,Flight,Delhi-Mumbai,3,5,3158.8,2,15.5,1105,3,3,1,2023-09-29
SHIP03213,CUST7194,Cosmetics,D,Road,Kolkata-Delhi,1,5,4372.38,2,17.3,5891,6,8,0,2023-01-07
SHIP03214,CUST7193,Home & Garden,C,Flight,Delhi-Mumbai,2,4,1480.84,6,31.0,3119,10,14,0,2023-03-31
SHIP03215,CUST6065,Home & Garden,B,Flight,Mumbai-Chennai,7,2,1841.68,4,63.2,3434,8,7,1,2023-12-22
SHIP03216,CUST3285,Books,D,Road,Hyderabad-Pune,5,1,3565.26,8,23.7,1853,5,10,0,2023-06-15
SHIP03217,CUST6155,Books,D,Flight,Delhi-Bangalore,7,2,2762.89,5,4.8,4767,4,9,0,2023-02-27
SHIP03218,CUST9100,Electronics,C,Ship,Bangalore-Chennai,4,5,145.3,8,13.1,2716,9,10,0,2023-08-04
SHIP03219,CUST4659,Home & Garden,D,Flight,Bangalore-Chennai,1,2,3821.07,5,33.1,4508,4,9,0,2023-10-26
SHIP03220,CUST5902,Books,C,Flight,Delhi-Bangalore,6,2,4285.14,8,37.6,3000,3,3,1,2023-11-17
SHIP03221,CUST3267,Home & Garden,C,Flight,Delhi-Mumbai,3,1,1652.28,5,47.0,5345,7,10,0,2023-07-04
SHIP03222,CUST9772,Sporting Goods,A,Road,Delhi-Bangalore,7,2,4811.42,2,30.2,4092,5,7,0,2023-04-09
SHIP03223,CUST7384,Fashion,F,Road,Kolkata-Delhi,5,4,4797.06,4,31.3,6925,4,8,0,2023-09-26
SHIP03224,CUST8690,Electronics,B,Road,Hyderabad-Pune,3,3,2400.96,7,48.9,6693,5,5,1,2023-11-20
SHIP03225,CUST2572,Sporting Goods,B,Ship,Hyderabad-Pune,2,2,3647.13,4,5.9,6838,5,7,0,2023-09-27
SHIP03226,CUST3285,Sporting Goods,A,Flight,Delhi-Bangalore,3,2,3457.5,4,56.4,1776,5,9,0,2023-04-25
SHIP03227,CUST7030,Home & Garden,A,Road,Hyderabad-Pune,2,3,2739.98,8,57.7,2958,8,9,0,2023-06-24
SHIP03228,CUST1838,Fashion,C,Flight,Delhi-Bangalore,1,2,4532.44,2,32.8,4531,4,5,0,2023-01-02
SHIP03229,CUST5960,Sporting Goods,A,Flight,Kolkata-Delhi,5,5,4760.99,5,28.8,4494,10,10,1,2023-06-17
SHIP03230,CUST2513,Fashion,B,Road,Mumbai-Chennai,1,5,2147.35,8,26.5,5392,9,13,0,2023-03-13
SHIP03231,CUST4445,Home & Garden,D,Flight,Delhi-Mumbai,6,5,4137.63,8,11.4,1166,8,10,0,2023-05-30
SHIP03232,CUST9919,Cosmetics,B,Road,Hyderabad-Pune,7,3,2035.8,3,25.5,1639,5,10,0,2023-07-05
SHIP03233,CUST1269,Sporting Goods,C,Flight,Delhi-Mumbai,1,4,872.72,6,62.9,2247,9,9,1,2023-05-05
SHIP03234,CUST7639,Home & Garden,F,Ship,Hyderabad-Pune,7,3,3936.16,7,18.3,1661,3,3,1,2023-04-17
SHIP03235,CUST5163,Books,B,Road,Delhi-Mumbai,2,1,399.21,1,25.2,2924,4,6,0,2023-05-03
SHIP03236,CUST3354,Sporting Goods,C,Flight,Mumbai-Chennai,3,1,1521.51,0,34.7,3713,9,11,0,2023-04-02
SHIP03237,CUST3494,Fashion,F,Flight,Delhi-Mumbai,7,1,3205.89,8,20.3,4497,10,13,0,2023-07-13
SHIP03238,CUST7792,Books,A,Road,Bangalore-Chennai,7,1,995.01,6,57.9,3426,4,3,1,2023-07-15
SHIP03239,CUST2702,Cosmetics,C,Road,Bangalore-Chennai,3,2,2604.45,1,59.1,6890,9,12,0,2023-01-10
SHIP03240,CUST6116,Home & Garden,A,Ship,Kolkata-Delhi,4,4,2773.88,4,20.8,4855,9,14,0,2023-03-10
SHIP03241,CUST2247,Cosmetics,C,Ship,Delhi-Bangalore,6,3,849.09,3,50.3,5687,6,11,0,2023-03-17
SHIP03242,CUST5165,Electronics,D,Ship,Delhi-Mumbai,6,1,3466.38,2,40.1,4070,6,7,0,2023-05-17
SHIP03243,CUST1418,Home & Garden,A,Flight,Kolkata-Delhi,4,1,1337.65,5,15.2,2821,3,3,1,2023-05-05
SHIP03244,CUST9185,Electronics,C,Flight,Hyderabad-Pune,7,3,1848.48,1,11.1,5525,6,11,0,2023-03-04
SHIP03245,CUST3912,Fashion,A,Ship,Hyderabad-Pune,6,5,453.9,2,3.1,5804,5,6,0,2023-10-24
SHIP03246,CUST8216,Cosmetics,F,Ship,Delhi-Mumbai,7,2,2143.57,6,10.8,1372,8,8,1,2023-02-26
SHIP03247,CUST8818,Books,B,Road,Delhi-Bangalore,3,5,410.44,4,15.5,3023,8,13,0,2023-01-30
SHIP03248,CUST3758,Cosmetics,C,Road,Kolkata-Delhi,7,2,3962.8,3,36.5,5143,5,6,0,2023-01-24
SHIP03249,CUST4800,Cosmetics,D,Flight,Mumbai-Chennai,2,5,2961.76,4,10.0,6991,7,8,0,2023-01-25
SHIP03250,CUST1313,Fashion,B,Ship,Hyderabad-Pune,4,3,4123.54,4,36.2,6368,8,12,0,2023-09-26
SHIP03251,CUST1766,Sporting Goods,C,Ship,Mumbai-Chennai,1,3,4693.03,8,55.6,6413,6,11,0,2023-03-07
SHIP03252,CUST1454,Home & Garden,A,Road,Delhi-Bangalore,2,4,2492.31,1,3.9,1425,4,5,0,2023-10-27
SHIP03253,CUST5213,Cosmetics,F,Road,Delhi-Bangalore,5,1,3489.89,7,8.1,3059,10,11,0,2023-05-28
SHIP03254,CUST5197,Home & Garden,D,Road,Bangalore-Chennai,5,3,4585.25,8,25.7,6523,3,2,1,2023-04-13
SHIP03255,CUST8845,Home & Garden,C,Road,Kolkata-Delhi,4,4,4733.58,7,8.8,4225,10,15,0,2023-04-17
SHIP03256,CUST5787,Cosmetics,C,Ship,Delhi-Bangalore,1,5,617.56,0,12.5,5233,9,13,0,2023-01-30
SHIP03257,CUST3520,Home & Garden,B,Road,Bangalore-Chennai,5,3,123.26,3,37.8,3990,6,9,0,2023-11-24
SHIP03258,CUST3240,Cosmetics,F,Road,Mumbai-Chennai,4,4,1929.99,6,27.2,3372,4,6,0,2023-01-10
SHIP03259,CUST2616,Cosmetics,B,Flight,Kolkata-Delhi,5,1,2353.67,2,17.0,6304,3,3,1,2023-12-08
SHIP03260,CUST4999,Cosmetics,D,Flight,Delhi-Bangalore,5,5,1227.18,3,0.7,6112,4,4,1,2023-06-23
SHIP03261,CUST7007,Fashion,D,Ship,Hyderabad-Pune,6,5,4910.25,3,11.8,5578,8,8,1,2023-11-03
SHIP03262,CUST1494,Electronics,A,Flight,Hyderabad-Pune,7,5,2495.29,4,29.6,3695,10,10,1,2023-05-29
SHIP03263,CUST4304,Books,D,Flight,Delhi-Mumbai,3,5,4768.55,0,37.4,4416,7,11,0,2023-09-08
SHIP03264,CUST6079,Home & Garden,D,Flight,Hyderabad-Pune,4,4,1241.77,6,6.1,1256,10,13,0,2023-02-04
SHIP03265,CUST5109,Electronics,C,Flight,Delhi-Bangalore,4,5,4529.3,1,60.0,5250,6,11,0,2023-12-18
SHIP03266,CUST9141,Home & Garden,D,Road,Bangalore-Chennai,3,2,255.32,2,52.3,6609,3,4,0,2023-02-26
SHIP03267,CUST2119,Books,D,Road,Hyderabad-Pune,1,4,1669.35,7,11.8,4360,10,14,0,2023-08-21
SHIP03268,CUST2945,Electronics,C,Road,Mumbai-Chennai,4,5,4594.27,6,29.2,1904,6,7,0,2023-02-05
SHIP03269,CUST8816,Books,B,Road,Delhi-Mumbai,5,2,4220.98,1,10.8,5018,5,7,0,2023-06-17
SHIP03270,CUST5231,Sporting Goods,F,Ship,Hyderabad-Pune,4,1,3227.06,4,6.5,6699,8,12,0,2023-03-26
SHIP03271,CUST6484,Home & Garden,B,Flight,Bangalore-Chennai,2,1,3560.17,4,13.9,4410,8,12,0,2023-10-14
SHIP03272,CUST6257,Home & Garden,F,Flight,Kolkata-Delhi,1,4,4125.74,6,48.8,3092,6,5,1,2023-09-29
SHIP03273,CUST2564,Home & Garden,C,Ship,Delhi-Mumbai,1,3,277.43,7,24.0,1369,7,10,0,2023-12-30
SHIP03274,CUST1834,Books,D,Flight,Delhi-Mumbai,4,5,2482.71,6,34.1,2321,5,5,1,2023-03-04
SHIP03275,CUST9246,Books,C,Road,Mumbai-Chennai,2,4,4627.26,4,16.8,5822,5,9,0,2023-10-15
SHIP03276,CUST3444,Home & Garden,A,Road,Hyderabad-Pune,4,2,4080.99,6,41.0,3635,10,13,0,2023-11-03
SHIP03277,CUST9335,Cosmetics,F,Road,Bangalore-Chennai,6,2,4778.27,7,59.1,1490,7,9,0,2023-07-07
SHIP03278,CUST3340,Home & Garden,F,Ship,Kolkata-Delhi,6,4,2351.99,8,21.0,6854,8,8,1,2023-10-28
SHIP03279,CUST2750,Cosmetics,C,Ship,Bangalore-Chennai,1,3,400.21,2,22.8,1482,9,8,1,2023-11-22
SHIP03280,CUST4292,Electronics,D,Road,Kolkata-Delhi,7,4,2377.76,2,31.2,1004,3,4,0,2023-03-03
SHIP03281,CUST8338,Sporting Goods,D,Ship,Kolkata-Delhi,4,2,3732.32,5,0.6,3421,10,9,1,2023-03-21
SHIP03282,CUST3576,Sporting Goods,F,Ship,Bangalore-Chennai,3,2,2607.43,1,31.7,6892,5,9,0,2023-08-23
SHIP03283,CUST3219,Fashion,D,Ship,Delhi-Bangalore,6,3,1628.85,1,25.8,2901,9,11,0,2023-07-23
SHIP03284,CUST6062,Cosmetics,C,Flight,Delhi-Bangalore,3,4,365.48,4,25.0,4828,4,5,0,2023-09-19
SHIP03285,CUST4345,Cosmetics,F,Ship,Kolkata-Delhi,6,1,1669.34,5,2.1,2513,5,9,0,2023-01-23
SHIP03286,CUST5216,Electronics,F,Flight,Delhi-Bangalore,1,2,858.17,0,53.0,6834,9,8,1,2023-05-02
SHIP03287,CUST8134,Cosmetics,C,Flight,Bangalore-Chennai,1,3,1248.13,2,18.1,6138,9,11,0,2023-08-13
SHIP03288,CUST5547,Fashion,C,Ship,Bangalore-Chennai,2,5,3752.53,1,30.3,6452,4,8,0,2023-07-30
SHIP03289,CUST2110,Fashion,F,Ship,Mumbai-Chennai,4,2,1015.28,3,24.6,4633,3,4,0,2023-10-11
SHIP03290,CUST6443,Home & Garden,B,Flight,Delhi-Mumbai,3,1,247.84,0,64.5,3849,9,10,0,2023-07-02
SHIP03291,CUST6966,Fashion,F,Flight,Delhi-Mumbai,5,4,2704.85,4,18.8,2037,8,10,0,2023-01-05
SHIP03292,CUST9948,Sporting Goods,D,Road,Delhi-Bangalore,3,5,2046.02,2,56.8,3019,6,7,0,2023-12-11
SHIP03293,CUST1573,Cosmetics,B,Flight,Bangalore-Chennai,3,1,1894.4,7,52.0,5811,8,10,0,2023-01-13
SHIP03294,CUST2237,Sporting Goods,B,Flight,Hyderabad-Pune,3,5,1739.42,1,54.3,2414,10,14,0,2023-07-05
SHIP03295,CUST5376,Home & Garden,C,Road,Bangalore-Chennai,1,1,3159.62,7,27.5,2306,10,15,0,2023-04-12
SHIP03296,CUST7830,Electronics,D,Flight,Bangalore-Chennai,4,1,1667.23,6,50.1,3033,4,4,1,2023-05-18
SHIP03297,CUST3089,Books,C,Flight,Delhi-Mumbai,6,5,564.42,0,7.0,5325,5,10,0,2023-03-14
SHIP03298,CUST8253,Electronics,F,Road,Hyderabad-Pune,3,1,3894.53,8,39.1,6392,4,4,1,2023-10-26
SHIP03299,CUST5948,Sporting Goods,A,Ship,Kolkata-Delhi,5,1,2488.91,3,0.5,1116,7,7,1,2023-08-18
SHIP03300,CUST9877,Sporting Goods,F,Ship,Mumbai-Chennai,7,5,304.82,1,17.4,2577,3,4,0,2023-09-21
SHIP03301,CUST1412,Home & Garden,A,Road,Bangalore-Chennai,1,1,1761.61,3,22.2,6255,6,7,0,2023-12-31
SHIP03302,CUST1623,Books,B,Ship,Delhi-Bangalore,1,1,2113.57,6,36.9,4424,9,14,0,2023-10-30
SHIP03303,CUST2230,Fashion,C,Flight,Kolkata-Delhi,7,4,3901.32,2,32.9,2220,3,3,1,2023-11-22
SHIP03304,CUST4115,Cosmetics,B,Ship,Kolkata-Delhi,7,3,3147.28,8,50.9,3158,8,11,0,2023-09-26
SHIP03305,CUST3820,Cosmetics,A,Road,Delhi-Bangalore,1,2,1198.05,4,48.4,4026,8,11,0,2023-02-08
SHIP03306,CUST9117,Books,A,Flight,Kolkata-Delhi,3,4,4268.04,8,41.1,2729,9,13,0,2023-07-01
SHIP03307,CUST6658,Electronics,C,Ship,Hyderabad-Pune,5,4,1524.44,1,25.9,3881,3,4,0,2023-10-22
SHIP03308,CUST3362,Books,F,Flight,Delhi-Bangalore,7,2,3867.43,3,1.5,2210,3,6,0,2023-07-17
SHIP03309,CUST9015,Cosmetics,C,Ship,Delhi-Bangalore,4,1,4473.74,5,53.0,3974,7,11,0,2023-10-10
SHIP03310,CUST9914,Cosmetics,A,Road,Bangalore-Chennai,1,3,4290.68,3,37.5,3558,10,11,0,2023-06-14
SHIP03311,CUST7045,Home & Garden,C,Ship,Bangalore-Chennai,6,4,2623.3,5,36.7,5177,3,6,0,2023-04-23
SHIP03312,CUST1248,Cosmetics,F,Flight,Mumbai-Chennai,4,5,1061.11,5,43.2,5898,4,7,0,2023-03-30
SHIP03313,CUST8511,Cosmetics,B,Ship,Delhi-Bangalore,4,5,1256.19,2,30.6,2889,9,14,0,2023-03-14
SHIP03314,CUST4372,Sporting Goods,F,Road,Mumbai-Chennai,3,4,4191.64,0,10.5,2099,7,6,1,2023-09-30
SHIP03315,CUST9145,Electronics,A,Flight,Delhi-Bangalore,5,3,1877.99,0,8.7,4166,3,2,1,2023-08-21
SHIP03316,CUST4657,Home & Garden,B,Flight,Delhi-Mumbai,7,3,3512.93,1,2.0,2777,7,8,0,2023-08-21
SHIP03317,CUST3026,Sporting Goods,D,Road,Bangalore-Chennai,4,4,4298.05,0,57.7,4457,5,5,1,2023-12-25
SHIP03318,CUST8711,Cosmetics,B,Ship,Bangalore-Chennai,1,1,3343.15,0,19.2,5516,10,14,0,2023-05-12
SHIP03319,CUST5045,Books,D,Road,Delhi-Bangalore,4,1,3982.54,8,29.1,6829,6,9,0,2023-05-09
SHIP03320,CUST6665,Books,B,Ship,Bangalore-Chennai,3,2,752.93,3,38.4,6045,10,15,0,2023-11-14
SHIP03321,CUST3099,Home & Garden,D,Flight,Kolkata-Delhi,7,2,2334.34,4,23.5,6525,5,5,1,2023-05-16
SHIP03322,CUST2747,Books,F,Road,Mumbai-Chennai,2,1,589.06,4,34.2,4538,8,7,1,2023-03-26
SHIP03323,CUST7200,Fashion,F,Ship,Hyderabad-Pune,7,4,3586.37,8,31.8,5141,3,3,1,2023-12-31
SHIP03324,CUST5675,Cosmetics,C,Road,Bangalore-Chennai,6,5,3882.11,3,24.0,5120,7,7,1,2023-01-09
SHIP03325,CUST1917,Cosmetics,F,Road,Bangalore-Chennai,7,2,3444.1,2,34.2,2977,7,9,0,2023-09-01
SHIP03326,CUST1894,Fashion,C,Flight,Kolkata-Delhi,1,4,3592.17,7,38.5,3374,5,9,0,2023-11-24
SHIP03327,CUST8409,Sporting Goods,A,Road,Hyderabad-Pune,5,4,1154.72,6,48.5,1642,9,13,0,2023-08-16
SHIP03328,CUST6334,Sporting Goods,C,Road,Mumbai-Chennai,7,5,761.83,1,7.5,5589,6,11,0,2023-10-21
SHIP03329,CUST3833,Fashion,C,Road,Delhi-Mumbai,1,5,1475.84,3,32.1,5677,8,12,0,2023-08-13
SHIP03330,CUST4222,Sporting Goods,F,Flight,Mumbai-Chennai,3,5,4723.91,7,44.1,5671,9,9,1,2023-07-25
SHIP03331,CUST3518,Fashion,A,Ship,Hyderabad-Pune,6,1,213.88,0,6.3,3093,4,8,0,2023-09-03
SHIP03332,CUST7819,Sporting Goods,A,Flight,Delhi-Bangalore,3,1,1676.88,5,38.1,1882,5,8,0,2023-07-28
SHIP03333,CUST1700,Sporting Goods,D,Flight,Delhi-Mumbai,6,1,3352.62,0,0.1,3172,7,12,0,2023-10-26
SHIP03334,CUST8925,Fashion,C,Ship,Bangalore-Chennai,2,4,4303.26,4,57.0,6903,8,11,0,2023-12-22
SHIP03335,CUST3105,Sporting Goods,C,Road,Delhi-Bangalore,7,1,4754.27,5,7.5,2018,9,11,0,2023-06-28
SHIP03336,CUST2047,Fashion,B,Flight,Delhi-Bangalore,7,2,1704.98,6,30.1,6533,10,10,1,2023-06-19
SHIP03337,CUST9154,Cosmetics,B,Flight,Bangalore-Chennai,7,2,2001.21,5,34.6,4949,10,14,0,2023-09-05
SHIP03338,CUST2140,Electronics,C,Road,Bangalore-Chennai,5,4,3036.4,4,0.1,4910,8,7,1,2023-04-16
SHIP03339,CUST3987,Sporting Goods,A,Flight,Delhi-Mumbai,6,5,3022.02,7,54.8,4230,4,8,0,2023-12-18
SHIP03340,CUST9151,Books,C,Flight,Delhi-Bangalore,7,1,2351.37,2,18.8,2886,9,13,0,2023-07-31
SHIP03341,CUST9199,Books,B,Road,Delhi-Mumbai,2,2,1806.5,3,25.1,5692,8,10,0,2023-08-05
SHIP03342,CUST6937,Home & Garden,F,Flight,Bangalore-Chennai,6,4,2499.14,5,47.4,4887,8,12,0,2023-03-15
SHIP03343,CUST9179,Fashion,F,Road,Delhi-Bangalore,6,5,1557.92,7,54.7,3195,4,8,0,2023-01-29
SHIP03344,CUST2179,Fashion,D,Ship,Mumbai-Chennai,5,5,1102.59,6,43.6,2937,9,13,0,2023-12-14
SHIP03345,CUST7469,Fashion,D,Flight,Kolkata-Delhi,6,3,1352.77,0,37.9,1521,4,9,0,2023-10-21
SHIP03346,CUST4566,Electronics,A,Road,Kolkata-Delhi,2,4,810.96,1,51.5,1440,8,10,0,2023-07-25
SHIP03347,CUST7370,Home & Garden,A,Flight,Hyderabad-Pune,4,1,4368.37,8,7.0,2675,8,12,0,2023-02-09
SHIP03348,CUST8805,Books,B,Road,Kolkata-Delhi,3,2,2465.38,2,49.8,5879,8,13,0,2023-04-11
SHIP03349,CUST7431,Cosmetics,D,Flight,Bangalore-Chennai,1,3,1866.66,8,38.5,6850,8,11,0,2023-10-06
SHIP03350,CUST3984,Books,F,Road,Kolkata-Delhi,5,5,4659.2,5,19.0,5498,3,5,0,2023-02-15
SHIP03351,CUST1155,Electronics,B,Road,Delhi-Bangalore,2,1,1139.51,2,25.4,5685,5,10,0,2023-09-02
SHIP03352,CUST7892,Electronics,B,Ship,Delhi-Bangalore,4,5,4237.1,4,4.9,5093,6,8,0,2023-05-15
SHIP03353,CUST3218,Books,F,Ship,Hyderabad-Pune,3,2,3531.88,5,4.1,5836,10,9,1,2023-12-21
SHIP03354,CUST2392,Cosmetics,D,Road,Mumbai-Chennai,3,5,3040.17,2,14.3,4019,8,13,0,2023-07-31
SHIP03355,CUST9958,Home & Garden,F,Flight,Bangalore-Chennai,1,4,1055.3,2,49.9,5480,8,8,1,2023-12-20
SHIP03356,CUST4859,Home & Garden,B,Road,Kolkata-Delhi,5,5,2539.48,5,47.2,2588,5,8,0,2023-04-25
SHIP03357,CUST7716,Home & Garden,D,Ship,Kolkata-Delhi,5,3,4267.41,7,17.3,3269,8,13,0,2023-11-03
SHIP03358,CUST8452,Books,B,Road,Delhi-Bangalore,1,1,4624.18,1,64.9,3895,8,9,0,2023-01-18
SHIP03359,CUST1804,Sporting Goods,D,Flight,Kolkata-Delhi,6,3,4112.24,5,48.8,6551,3,6,0,2023-10-07
SHIP03360,CUST1196,Home & Garden,F,Ship,Delhi-Mumbai,1,5,4531.95,8,57.8,4444,8,11,0,2023-02-26
SHIP03361,CUST5259,Home & Garden,D,Flight,Delhi-Mumbai,5,2,2288.03,8,62.1,4087,10,13,0,2023-09-09
SHIP03362,CUST5844,Cosmetics,C,Ship,Delhi-Bangalore,2,3,4104.47,7,18.0,5702,6,11,0,2023-07-16
SHIP03363,CUST8856,Sporting Goods,B,Ship,Bangalore-Chennai,4,2,2559.79,1,22.4,2485,9,9,1,2023-04-12
SHIP03364,CUST4387,Sporting Goods,D,Ship,Mumbai-Chennai,3,1,1683.35,2,7.5,3373,6,8,0,2023-05-29
SHIP03365,CUST1063,Home & Garden,D,Ship,Kolkata-Delhi,1,5,2443.18,6,10.6,1622,3,4,0,2023-11-21
SHIP03366,CUST8975,Cosmetics,B,Flight,Kolkata-Delhi,1,5,2709.9,5,37.7,5968,7,8,0,2023-10-28
SHIP03367,CUST8941,Books,B,Flight,Kolkata-Delhi,3,2,3108.59,8,34.3,5292,4,6,0,2023-06-02
SHIP03368,CUST9289,Books,F,Road,Bangalore-Chennai,3,3,2318.15,3,7.4,6175,10,15,0,2023-06-03
SHIP03369,CUST7394,Electronics,D,Ship,Hyderabad-Pune,3,2,1760.84,4,31.0,4959,7,8,0,2023-05-16
SHIP03370,CUST3585,Electronics,B,Ship,Hyderabad-Pune,3,5,2330.0,5,24.9,1595,7,7,1,2023-08-13
SHIP03371,CUST9505,Cosmetics,C,Flight,Kolkata-Delhi,5,5,4256.88,3,8.2,2535,4,7,0,2023-10-16
SHIP03372,CUST1978,Home & Garden,F,Ship,Mumbai-Chennai,3,3,3723.25,7,15.0,3638,3,7,0,2023-01-15
SHIP03373,CUST6284,Books,F,Ship,Hyderabad-Pune,2,3,1584.29,2,18.9,2029,8,9,0,2023-01-17
SHIP03374,CUST4087,Sporting Goods,B,Ship,Delhi-Mumbai,7,4,1747.55,3,24.2,2595,10,9,1,2023-03-10
SHIP03375,CUST6140,Sporting Goods,F,Ship,Hyderabad-Pune,4,2,2568.47,1,38.6,1000,8,11,0,2023-08-30
SHIP03376,CUST6328,Books,D,Road,Bangalore-Chennai,7,5,816.87,7,64.0,4809,10,13,0,2023-09-08
SHIP03377,CUST8681,Cosmetics,B,Road,Bangalore-Chennai,7,5,3651.2,6,55.0,4374,9,9,1,2023-01-25
SHIP03378,CUST9168,Sporting Goods,C,Flight,Delhi-Mumbai,7,1,3461.98,4,18.0,3980,3,6,0,2023-09-13
SHIP03379,CUST3301,Sporting Goods,D,Ship,Hyderabad-Pune,6,1,3462.72,0,60.4,6014,3,5,0,2023-12-27
SHIP03380,CUST3417,Cosmetics,C,Ship,Kolkata-Delhi,5,2,1793.6,6,15.4,3724,6,10,0,2023-04-04
SHIP03381,CUST6754,Cosmetics,D,Ship,Delhi-Mumbai,4,4,1665.49,8,54.6,6939,7,11,0,2023-02-10
SHIP03382,CUST6172,Sporting Goods,A,Road,Hyderabad-Pune,7,5,2355.73,0,63.8,6498,10,10,1,2023-05-23
SHIP03383,CUST6395,Books,C,Ship,Bangalore-Chennai,5,1,1886.37,6,22.0,6133,7,6,1,2023-09-11
SHIP03384,CUST9545,Fashion,F,Flight,Delhi-Mumbai,7,4,3729.72,0,22.7,2555,10,10,1,2023-08-12
SHIP03385,CUST7806,Cosmetics,B,Ship,Delhi-Bangalore,5,1,1656.1,8,15.8,4685,3,5,0,2023-11-07
SHIP03386,CUST8921,Sporting Goods,C,Ship,Kolkata-Delhi,5,5,3877.44,1,18.8,6939,3,8,0,2023-04-04
SHIP03387,CUST4648,Cosmetics,A,Flight,Delhi-Bangalore,1,4,3473.6,0,53.9,5335,5,6,0,2023-02-13
SHIP03388,CUST1546,Cosmetics,F,Flight,Bangalore-Chennai,5,2,4891.11,6,50.6,5226,8,11,0,2023-04-21
SHIP03389,CUST3652,Fashion,F,Flight,Kolkata-Delhi,3,4,325.05,6,30.9,4042,4,6,0,2023-08-15
SHIP03390,CUST8354,Fashion,C,Flight,Delhi-Mumbai,7,1,1660.41,7,31.3,6398,8,11,0,2023-07-02
SHIP03391,CUST5811,Electronics,B,Flight,Bangalore-Chennai,7,5,3289.83,8,35.6,1211,5,6,0,2023-01-07
SHIP03392,CUST9660,Cosmetics,B,Ship,Mumbai-Chennai,4,5,1530.61,5,51.0,6155,8,13,0,2023-06-16
SHIP03393,CUST1348,Fashion,C,Ship,Delhi-Mumbai,7,3,519.67,0,51.3,3481,5,4,1,2023-09-27
SHIP03394,CUST7209,Electronics,F,Road,Delhi-Mumbai,4,1,521.35,5,40.9,4577,6,5,1,2023-07-27
SHIP03395,CUST5661,Electronics,C,Flight,Bangalore-Chennai,6,3,320.69,0,56.7,3554,4,4,1,2023-11-28
SHIP03396,CUST1555,Books,F,Road,Delhi-Bangalore,2,4,213.21,0,60.2,4149,8,11,0,2023-06-04
SHIP03397,CUST4964,Home & Garden,D,Road,Mumbai-Chennai,6,5,4732.62,3,51.3,4225,7,10,0,2023-06-07
SHIP03398,CUST7610,Home & Garden,D,Ship,Delhi-Bangalore,3,3,1693.52,8,59.6,1796,6,9,0,2023-04-22
SHIP03399,CUST4619,Fashion,C,Ship,Mumbai-Chennai,7,2,1377.11,6,26.1,3029,10,9,1,2023-09-26
SHIP03400,CUST1571,Home & Garden,C,Ship,Hyderabad-Pune,6,5,189.07,8,56.4,5454,3,8,0,2023-01-21
SHIP03401,CUST3715,Home & Garden,A,Flight,Delhi-Mumbai,6,5,1944.75,7,3.3,5747,9,11,0,2023-11-20
SHIP03402,CUST9156,Electronics,F,Road,Delhi-Mumbai,4,4,4800.31,8,6.7,1145,10,10,1,2023-02-07
SHIP03403,CUST9938,Home & Garden,D,Road,Delhi-Mumbai,6,2,2792.63,5,3.6,4121,6,11,0,2023-11-17
SHIP03404,CUST7698,Cosmetics,B,Flight,Kolkata-Delhi,2,1,858.46,5,14.2,1884,7,8,0,2023-05-14
SHIP03405,CUST9201,Cosmetics,D,Ship,Delhi-Bangalore,7,5,1837.81,7,51.5,6233,5,7,0,2023-07-26
SHIP03406,CUST6961,Electronics,F,Ship,Bangalore-Chennai,5,5,3122.79,7,7.8,2896,7,9,0,2023-05-24
SHIP03407,CUST9127,Electronics,D,Ship,Mumbai-Chennai,2,4,4695.33,1,17.2,3068,6,5,1,2023-06-22
SHIP03408,CUST6455,Electronics,C,Flight,Delhi-Mumbai,3,2,2207.69,4,63.0,6588,10,9,1,2023-08-02
SHIP03409,CUST5682,Books,C,Flight,Delhi-Mumbai,6,5,4010.99,1,54.3,6982,5,8,0,2023-08-01
SHIP03410,CUST5166,Sporting Goods,F,Flight,Kolkata-Delhi,2,1,3054.41,8,52.5,4639,10,13,0,2023-01-23
SHIP03411,CUST6329,Books,B,Flight,Delhi-Bangalore,7,4,3383.58,0,45.8,4980,6,9,0,2023-07-20
SHIP03412,CUST2983,Home & Garden,D,Flight,Mumbai-Chennai,1,2,2233.12,1,12.4,2566,7,11,0,2023-12-13
SHIP03413,CUST6787,Home & Garden,D,Ship,Hyderabad-Pune,2,2,4104.55,6,46.8,1723,7,7,1,2023-06-16
SHIP03414,CUST3013,Books,C,Flight,Delhi-Mumbai,7,1,2920.63,5,17.8,2085,6,9,0,2023-05-11
SHIP03415,CUST8884,Home & Garden,A,Flight,Kolkata-Delhi,5,5,3229.2,8,58.8,6302,8,13,0,2023-03-14
SHIP03416,CUST8186,Fashion,D,Ship,Delhi-Bangalore,4,2,1107.06,0,45.0,2510,5,9,0,2023-01-07
SHIP03417,CUST2725,Books,B,Ship,Kolkata-Delhi,4,2,2311.38,3,10.1,4354,6,8,0,2023-09-29
SHIP03418,CUST8037,Cosmetics,C,Flight,Hyderabad-Pune,3,5,3988.11,1,37.7,3399,5,7,0,2023-08-17
SHIP03419,CUST8500,Home & Garden,F,Road,Delhi-Bangalore,5,3,1415.58,3,51.2,2648,9,12,0,2023-08-17
SHIP03420,CUST9108,Fashion,D,Flight,Hyderabad-Pune,3,5,4823.29,0,59.1,3706,9,11,0,2023-06-27
SHIP03421,CUST7925,Cosmetics,F,Ship,Delhi-Bangalore,1,2,470.65,1,58.6,6826,6,8,0,2023-11-29
SHIP03422,CUST8924,Cosmetics,F,Ship,Mumbai-Chennai,2,3,302.03,3,36.0,5374,6,11,0,2023-02-24
SHIP03423,CUST2668,Books,C,Road,Bangalore-Chennai,1,5,177.05,6,26.2,5428,6,6,1,2023-04-13
SHIP03424,CUST7936,Fashion,F,Ship,Delhi-Mumbai,7,5,1188.2,8,54.4,6034,3,3,1,2023-05-08
SHIP03425,CUST2807,Home & Garden,C,Road,Delhi-Bangalore,5,4,2766.47,1,23.4,3015,8,8,1,2023-02-06
SHIP03426,CUST6202,Sporting Goods,A,Ship,Bangalore-Chennai,4,4,160.33,6,55.0,2930,7,12,0,2023-02-14
SHIP03427,CUST5746,Cosmetics,A,Ship,Kolkata-Delhi,6,2,4067.72,4,56.1,5050,9,10,0,2023-01-31
SHIP03428,CUST2716,Books,F,Road,Delhi-Bangalore,7,4,4812.17,1,61.3,3004,5,5,1,2023-06-22
SHIP03429,CUST3054,Electronics,A,Road,Mumbai-Chennai,1,1,1683.08,7,54.9,5767,8,7,1,2023-08-01
SHIP03430,CUST7466,Fashion,F,Road,Delhi-Mumbai,1,5,4994.28,7,41.8,2506,10,14,0,2023-01-10
SHIP03431,CUST7855,Home & Garden,A,Road,Delhi-Bangalore,4,5,555.42,6,36.2,6518,9,12,0,2023-07-22
SHIP03432,CUST1687,Cosmetics,B,Flight,Delhi-Bangalore,1,5,3460.93,7,5.4,3298,5,4,1,2023-05-29
SHIP03433,CUST4195,Sporting Goods,A,Road,Delhi-Bangalore,1,1,1772.32,6,11.5,1324,6,9,0,2023-01-10
SHIP03434,CUST3904,Books,C,Flight,Mumbai-Chennai,5,3,4474.78,7,40.5,6867,10,9,1,2023-11-20
SHIP03435,CUST3756,Cosmetics,B,Road,Delhi-Mumbai,3,2,848.11,3,11.2,5709,5,4,1,2023-04-29
SHIP03436,CUST3861,Home & Garden,C,Ship,Delhi-Mumbai,3,5,3386.76,3,35.8,3422,10,14,0,2023-12-14
SHIP03437,CUST5778,Fashion,A,Road,Hyderabad-Pune,4,3,1868.94,4,29.5,1426,10,15,0,2023-07-08
SHIP03438,CUST3845,Books,C,Flight,Delhi-Bangalore,4,4,4936.25,8,15.7,3870,3,5,0,2023-11-19
SHIP03439,CUST6988,Books,A,Flight,Mumbai-Chennai,5,2,2744.35,5,2.5,5094,8,12,0,2023-11-29
SHIP03440,CUST1888,Books,B,Ship,Kolkata-Delhi,7,2,565.45,1,51.6,3970,10,9,1,2023-11-12
SHIP03441,CUST4432,Fashion,A,Flight,Bangalore-Chennai,4,5,2160.57,0,7.5,1683,3,4,0,2023-04-09
SHIP03442,CUST2484,Sporting Goods,B,Ship,Mumbai-Chennai,2,1,4261.12,6,10.8,2426,7,9,0,2023-01-16
SHIP03443,CUST4392,Electronics,D,Road,Mumbai-Chennai,2,4,2053.18,3,15.0,4105,9,8,1,2023-12-18
SHIP03444,CUST3558,Fashion,A,Ship,Delhi-Mumbai,4,1,3486.38,1,39.1,5768,4,5,0,2023-01-27
SHIP03445,CUST5096,Electronics,C,Ship,Hyderabad-Pune,6,5,1873.7,8,4.8,6814,7,8,0,2023-08-27
SHIP03446,CUST7767,Cosmetics,B,Road,Mumbai-Chennai,2,4,4988.95,5,38.9,1712,3,2,1,2023-06-20
SHIP03447,CUST4909,Home & Garden,B,Flight,Delhi-Mumbai,2,1,835.35,2,52.4,5319,10,15,0,2023-08-10
SHIP03448,CUST1890,Cosmetics,D,Flight,Bangalore-Chennai,4,1,925.8,2,62.8,4000,9,11,0,2023-02-20
SHIP03449,CUST5711,Electronics,C,Road,Delhi-Mumbai,3,4,518.71,5,12.5,2052,10,12,0,2023-08-16
SHIP03450,CUST9080,Books,C,Ship,Kolkata-Delhi,1,3,2681.92,8,40.6,5293,10,15,0,2023-12-16
SHIP03451,CUST5084,Electronics,D,Ship,Mumbai-Chennai,7,1,558.72,4,10.6,3155,4,6,0,2023-10-11
SHIP03452,CUST9204,Home & Garden,C,Flight,Kolkata-Delhi,4,2,464.38,3,28.8,4849,4,4,1,2023-05-30
SHIP03453,CUST1008,Books,D,Flight,Hyderabad-Pune,3,3,4533.01,5,42.6,5446,7,6,1,2023-10-21
SHIP03454,CUST4146,Home & Garden,A,Ship,Bangalore-Chennai,7,1,4672.38,6,57.4,1731,8,10,0,2023-01-03
SHIP03455,CUST2708,Fashion,A,Ship,Delhi-Mumbai,6,2,2314.48,8,14.4,1741,10,9,1,2023-07-18
SHIP03456,CUST1485,Fashion,C,Flight,Hyderabad-Pune,4,3,4779.59,6,16.9,1251,4,6,0,2023-03-25
SHIP03457,CUST6196,Home & Garden,B,Flight,Bangalore-Chennai,1,4,2809.48,2,55.4,1615,4,7,0,2023-02-02
SHIP03458,CUST4371,Home & Garden,B,Flight,Bangalore-Chennai,6,1,4197.46,4,57.1,4875,4,6,0,2023-05-24
SHIP03459,CUST7484,Cosmetics,B,Flight,Hyderabad-Pune,2,2,1221.24,0,41.9,3407,8,9,0,2023-12-04
SHIP03460,CUST2298,Cosmetics,F,Flight,Kolkata-Delhi,1,2,2640.75,5,6.4,6748,5,9,0,2023-02-07
SHIP03461,CUST4900,Home & Garden,D,Flight,Mumbai-Chennai,2,1,4242.96,7,18.6,3106,8,11,0,2023-03-18
SHIP03462,CUST2614,Cosmetics,C,Road,Mumbai-Chennai,1,4,265.29,5,42.0,3359,8,8,1,2023-04-30
SHIP03463,CUST4492,Cosmetics,A,Ship,Bangalore-Chennai,6,3,3239.76,3,41.1,6600,4,3,1,2023-12-20
SHIP03464,CUST1745,Books,D,Road,Kolkata-Delhi,5,3,2319.06,6,3.5,5566,3,5,0,2023-10-06
SHIP03465,CUST2744,Books,C,Road,Mumbai-Chennai,6,3,2493.42,7,15.6,3191,6,5,1,2023-05-21
SHIP03466,CUST8680,Fashion,D,Road,Kolkata-Delhi,1,1,3357.78,8,50.2,2279,6,7,0,2023-12-02
SHIP03467,CUST2253,Books,D,Flight,Delhi-Mumbai,3,1,3996.3,3,30.8,1676,8,13,0,2023-05-04
SHIP03468,CUST7518,Sporting Goods,F,Road,Kolkata-Delhi,3,1,3714.98,5,11.0,1174,4,7,0,2023-06-17
SHIP03469,CUST6804,Electronics,F,Flight,Kolkata-Delhi,5,2,2560.73,8,17.3,6979,8,12,0,2023-12-03
SHIP03470,CUST9279,Electronics,D,Ship,Bangalore-Chennai,5,5,3212.02,2,18.7,4489,5,7,0,2023-07-23
SHIP03471,CUST6674,Home & Garden,A,Road,Bangalore-Chennai,6,4,969.76,7,33.3,6008,4,3,1,2023-11-02
SHIP03472,CUST1883,Cosmetics,F,Ship,Delhi-Mumbai,7,1,835.46,1,29.9,5772,3,6,0,2023-09-30
SHIP03473,CUST3433,Fashion,B,Ship,Delhi-Mumbai,2,3,2011.85,7,8.9,1018,8,11,0,2023-03-13
SHIP03474,CUST8027,Electronics,D,Ship,Bangalore-Chennai,4,1,4794.07,4,6.0,3287,6,9,0,2023-06-26
SHIP03475,CUST9102,Fashion,B,Ship,Mumbai-Chennai,6,4,1239.36,7,56.1,2473,5,7,0,2023-12-01
SHIP03476,CUST3474,Electronics,F,Flight,Delhi-Bangalore,1,4,3010.2,7,17.0,4027,4,8,0,2023-06-08
SHIP03477,CUST5710,Fashion,C,Ship,Bangalore-Chennai,3,5,766.11,5,14.7,6251,10,9,1,2023-11-13
SHIP03478,CUST6966,Home & Garden,F,Flight,Kolkata-Delhi,5,5,1196.31,4,43.6,2492,3,8,0,2023-10-22
SHIP03479,CUST6705,Cosmetics,B,Ship,Hyderabad-Pune,6,1,2169.15,1,8.3,2217,10,10,1,2023-08-24
SHIP03480,CUST2698,Electronics,A,Ship,Bangalore-Chennai,2,1,623.83,7,21.3,4055,4,4,1,2023-06-14
SHIP03481,CUST7635,Sporting Goods,C,Road,Mumbai-Chennai,6,1,935.6,2,53.5,2033,3,3,1,2023-05-14
SHIP03482,CUST1546,Sporting Goods,D,Ship,Hyderabad-Pune,7,3,4443.77,7,3.9,6894,5,5,1,2023-03-29
SHIP03483,CUST2717,Fashion,D,Ship,Hyderabad-Pune,3,5,4402.08,8,13.3,6062,7,7,1,2023-10-27
SHIP03484,CUST2828,Cosmetics,F,Ship,Delhi-Bangalore,4,1,2627.74,3,29.0,4050,5,4,1,2023-04-26
SHIP03485,CUST2220,Cosmetics,F,Flight,Mumbai-Chennai,6,5,2767.88,3,35.1,2616,4,7,0,2023-04-29
SHIP03486,CUST8170,Books,B,Road,Delhi-Mumbai,1,2,3985.56,7,4.0,3049,10,14,0,2023-05-23
SHIP03487,CUST6016,Home & Garden,C,Flight,Delhi-Mumbai,4,4,4423.43,0,1.0,2905,7,9,0,2023-03-28
SHIP03488,CUST9318,Sporting Goods,B,Ship,Mumbai-Chennai,5,1,3368.97,8,1.8,5549,8,9,0,2023-11-29
SHIP03489,CUST4806,Sporting Goods,C,Ship,Delhi-Bangalore,6,5,1473.63,7,38.5,5532,5,8,0,2023-11-30
SHIP03490,CUST8967,Books,C,Ship,Kolkata-Delhi,1,3,2188.23,4,6.5,2923,5,6,0,2023-09-21
SHIP03491,CUST8311,Electronics,D,Flight,Kolkata-Delhi,6,4,398.18,6,13.9,2908,6,10,0,2023-01-18
SHIP03492,CUST2131,Books,D,Road,Delhi-Mumbai,1,5,1728.71,3,1.7,3006,4,3,1,2023-10-21
SHIP03493,CUST4118,Home & Garden,A,Ship,Kolkata-Delhi,4,5,478.15,7,0.5,2760,10,10,1,2023-02-28
SHIP03494,CUST4460,Electronics,D,Ship,Hyderabad-Pune,5,2,4407.68,0,18.6,4039,10,13,0,2023-11-20
SHIP03495,CUST3357,Electronics,D,Ship,Mumbai-Chennai,4,3,722.2,6,36.3,4917,5,4,1,2023-09-02
SHIP03496,CUST6263,Electronics,D,Flight,Delhi-Bangalore,5,5,217.98,3,25.0,4613,6,6,1,2023-07-04
SHIP03497,CUST8377,Fashion,A,Road,Mumbai-Chennai,4,5,4082.25,0,55.1,3570,4,4,1,2023-01-13
SHIP03498,CUST2617,Sporting Goods,F,Flight,Hyderabad-Pune,7,3,1460.63,6,21.2,6767,8,7,1,2023-10-03
SHIP03499,CUST9824,Electronics,D,Flight,Mumbai-Chennai,2,1,4851.69,4,3.6,6208,10,14,0,2023-12-23
SHIP03500,CUST6338,Cosmetics,D,Flight,Delhi-Mumbai,5,2,337.67,6,42.0,3588,8,7,1,2023-07-09
SHIP03501,CUST2172,Fashion,C,Road,Delhi-Mumbai,3,1,1810.66,8,3.4,6161,6,5,1,2023-01-13
SHIP03502,CUST2182,Home & Garden,C,Flight,Mumbai-Chennai,3,5,1361.18,0,0.9,3406,10,9,1,2023-10-20
SHIP03503,CUST7755,Home & Garden,C,Flight,Hyderabad-Pune,4,4,2689.27,3,19.2,5386,3,2,1,2023-05-30
SHIP03504,CUST6919,Cosmetics,A,Flight,Hyderabad-Pune,5,5,795.65,4,25.8,2102,10,11,0,2023-03-29
SHIP03505,CUST1991,Electronics,B,Road,Delhi-Mumbai,6,4,3051.95,1,5.8,5154,8,10,0,2023-08-05
SHIP03506,CUST2749,Cosmetics,C,Ship,Bangalore-Chennai,6,3,393.4,1,23.9,3702,4,4,1,2023-12-08
SHIP03507,CUST2783,Home & Garden,A,Flight,Delhi-Mumbai,7,4,1357.94,6,44.4,4940,3,4,0,2023-05-04
SHIP03508,CUST7345,Fashion,A,Road,Delhi-Mumbai,6,2,3906.78,2,45.5,1996,10,15,0,2023-12-05
SHIP03509,CUST1948,Fashion,C,Flight,Kolkata-Delhi,1,4,2598.49,4,18.1,5863,10,12,0,2023-08-30
SHIP03510,CUST9275,Sporting Goods,B,Flight,Bangalore-Chennai,3,1,4713.22,8,14.8,5165,9,10,0,2023-07-07
SHIP03511,CUST4966,Cosmetics,B,Flight,Bangalore-Chennai,6,3,3860.38,2,50.8,4748,4,9,0,2023-02-15
SHIP03512,CUST5360,Home & Garden,F,Road,Mumbai-Chennai,1,1,2914.72,4,25.0,5459,8,11,0,2023-02-17
SHIP03513,CUST3534,Books,C,Road,Bangalore-Chennai,7,5,2522.22,0,41.9,4904,7,9,0,2023-05-01
SHIP03514,CUST8820,Cosmetics,C,Road,Kolkata-Delhi,2,4,2702.54,5,16.1,2212,6,8,0,2023-07-23
SHIP03515,CUST2632,Sporting Goods,D,Ship,Kolkata-Delhi,2,5,2901.08,4,28.7,4749,8,7,1,2023-10-16
SHIP03516,CUST7558,Electronics,F,Ship,Hyderabad-Pune,1,5,1029.66,5,10.6,3073,9,11,0,2023-12-22
SHIP03517,CUST4450,Electronics,D,Flight,Hyderabad-Pune,4,1,2701.64,5,27.3,4665,5,6,0,2023-10-23
SHIP03518,CUST1428,Books,C,Road,Kolkata-Delhi,6,2,4002.87,6,31.5,6419,8,11,0,2023-03-01
SHIP03519,CUST8296,Cosmetics,D,Ship,Mumbai-Chennai,1,3,4044.3,7,61.4,1453,7,12,0,2023-05-23
SHIP03520,CUST2401,Home & Garden,C,Flight,Mumbai-Chennai,5,3,275.33,8,20.8,3652,5,6,0,2023-01-10
SHIP03521,CUST4546,Cosmetics,C,Flight,Bangalore-Chennai,5,3,1848.99,5,46.1,6361,5,6,0,2023-07-19
SHIP03522,CUST7717,Fashion,B,Flight,Bangalore-Chennai,3,2,115.8,5,1.7,5630,10,12,0,2023-12-11
SHIP03523,CUST8361,Fashion,D,Road,Kolkata-Delhi,2,5,3162.63,2,30.9,5684,8,8,1,2023-01-06
SHIP03524,CUST9158,Electronics,F,Road,Mumbai-Chennai,7,2,3703.37,6,53.1,1187,8,12,0,2023-09-17
SHIP03525,CUST9852,Electronics,B,Flight,Kolkata-Delhi,6,3,1394.59,2,41.7,5915,6,8,0,2023-08-05
SHIP03526,CUST6904,Electronics,A,Flight,Hyderabad-Pune,7,4,4029.64,6,23.1,4917,7,7,1,2023-12-21
SHIP03527,CUST9609,Home & Garden,B,Flight,Kolkata-Delhi,1,4,4969.38,1,38.1,4191,10,15,0,2023-08-28
SHIP03528,CUST6466,Electronics,D,Ship,Mumbai-Chennai,5,2,1786.92,1,25.2,1605,6,10,0,2023-08-08
SHIP03529,CUST8805,Sporting Goods,A,Flight,Hyderabad-Pune,5,2,1119.98,7,43.5,1173,8,10,0,2023-11-10
SHIP03530,CUST6044,Books,F,Ship,Delhi-Bangalore,2,4,1568.29,2,54.0,4540,4,4,1,2023-04-21
SHIP03531,CUST5610,Electronics,F,Ship,Delhi-Mumbai,6,4,3396.43,5,59.0,6023,5,10,0,2023-05-23
SHIP03532,CUST3859,Sporting Goods,C,Flight,Mumbai-Chennai,1,2,434.04,1,35.3,5532,4,3,1,2023-11-27
SHIP03533,CUST5311,Cosmetics,C,Road,Mumbai-Chennai,1,1,3302.27,0,52.6,2888,10,13,0,2023-02-18
SHIP03534,CUST7304,Cosmetics,D,Road,Hyderabad-Pune,3,2,1162.53,4,53.8,5568,3,4,0,2023-11-05
SHIP03535,CUST6853,Books,C,Ship,Hyderabad-Pune,5,3,1986.05,7,46.8,2976,6,10,0,2023-09-04
SHIP03536,CUST6316,Electronics,B,Ship,Bangalore-Chennai,2,4,2427.0,2,44.4,1649,7,11,0,2023-10-09
SHIP03537,CUST2222,Cosmetics,B,Flight,Delhi-Mumbai,7,3,1827.25,2,27.6,6057,10,13,0,2023-04-15
SHIP03538,CUST6000,Books,F,Ship,Bangalore-Chennai,4,2,2033.42,8,46.7,6795,5,6,0,2023-12-02
SHIP03539,CUST9359,Books,F,Road,Mumbai-Chennai,7,5,488.37,2,55.6,4573,10,13,0,2023-05-04
SHIP03540,CUST8988,Cosmetics,C,Flight,Hyderabad-Pune,4,5,508.98,4,1.2,4108,10,10,1,2023-09-17
SHIP03541,CUST7240,Home & Garden,B,Road,Mumbai-Chennai,1,3,2481.78,1,43.3,1411,5,8,0,2023-07-13
SHIP03542,CUST1330,Home & Garden,A,Road,Delhi-Mumbai,4,1,2877.22,2,38.7,3292,5,4,1,2023-05-27
SHIP03543,CUST5071,Cosmetics,A,Ship,Kolkata-Delhi,3,4,2692.63,1,18.9,4241,6,11,0,2023-12-19
SHIP03544,CUST6207,Electronics,A,Road,Delhi-Bangalore,3,2,4522.93,1,2.0,1932,6,11,0,2023-07-03
SHIP03545,CUST7051,Cosmetics,D,Ship,Delhi-Mumbai,7,2,2438.03,0,47.1,6864,8,11,0,2023-06-04
SHIP03546,CUST8555,Home & Garden,F,Ship,Delhi-Mumbai,4,3,2132.78,0,52.1,2910,4,8,0,2023-12-21
SHIP03547,CUST8295,Fashion,D,Ship,Delhi-Bangalore,7,5,2457.26,0,5.4,1046,3,3,1,2023-02-23
SHIP03548,CUST3814,Cosmetics,B,Ship,Hyderabad-Pune,5,2,4604.76,2,61.7,6548,4,8,0,2023-05-29
SHIP03549,CUST7814,Electronics,B,Road,Kolkata-Delhi,3,3,4247.73,6,60.2,1434,7,6,1,2023-01-01
SHIP03550,CUST2392,Home & Garden,B,Flight,Hyderabad-Pune,6,1,4189.24,7,5.4,5563,5,9,0,2023-06-10
SHIP03551,CUST5961,Home & Garden,A,Ship,Mumbai-Chennai,6,2,4621.35,1,37.2,3686,3,8,0,2023-01-17
SHIP03552,CUST8895,Cosmetics,F,Ship,Bangalore-Chennai,7,3,4003.79,7,64.8,5972,9,8,1,2023-03-19
SHIP03553,CUST6363,Home & Garden,F,Flight,Kolkata-Delhi,2,3,2413.76,0,54.4,2385,9,11,0,2023-01-26
SHIP03554,CUST5275,Electronics,D,Road,Mumbai-Chennai,6,5,2133.65,1,50.7,5030,5,6,0,2023-07-25
SHIP03555,CUST2734,Books,F,Ship,Kolkata-Delhi,7,4,635.91,1,19.5,5571,8,13,0,2023-05-13
SHIP03556,CUST7047,Sporting Goods,A,Ship,Hyderabad-Pune,4,3,1835.19,7,2.7,2395,4,6,0,2023-01-29
SHIP03557,CUST7249,Home & Garden,A,Flight,Mumbai-Chennai,6,3,547.9,4,58.9,3285,9,11,0,2023-10-08
SHIP03558,CUST3374,Books,D,Flight,Bangalore-Chennai,1,5,2740.21,5,55.1,1530,5,8,0,2023-05-14
SHIP03559,CUST4724,Cosmetics,F,Road,Kolkata-Delhi,7,2,2112.46,4,57.1,4639,8,13,0,2023-03-05
SHIP03560,CUST5174,Electronics,D,Road,Hyderabad-Pune,6,5,670.35,2,56.8,1045,3,4,0,2023-03-15
SHIP03561,CUST9830,Electronics,D,Road,Delhi-Mumbai,1,4,2720.89,4,14.3,3948,10,12,0,2023-12-04
SHIP03562,CUST4696,Sporting Goods,D,Flight,Kolkata-Delhi,6,1,3447.54,5,16.4,4760,10,10,1,2023-12-10
SHIP03563,CUST1479,Cosmetics,D,Ship,Delhi-Mumbai,6,4,1804.53,1,46.2,5398,4,5,0,2023-01-20
SHIP03564,CUST8753,Sporting Goods,C,Ship,Hyderabad-Pune,3,3,1876.69,6,6.7,6121,3,2,1,2023-08-18
SHIP03565,CUST1749,Cosmetics,D,Flight,Delhi-Bangalore,6,1,3060.15,2,51.9,2448,9,11,0,2023-09-04
SHIP03566,CUST2922,Home & Garden,B,Ship,Bangalore-Chennai,5,2,642.65,2,29.4,2447,6,7,0,2023-10-28
SHIP03567,CUST9761,Fashion,B,Flight,Kolkata-Delhi,3,1,4487.01,1,11.1,1368,8,11,0,2023-09-06
SHIP03568,CUST5384,Home & Garden,D,Road,Kolkata-Delhi,5,5,4945.92,8,1.9,2444,8,11,0,2023-10-27
SHIP03569,CUST3114,Electronics,F,Ship,Kolkata-Delhi,1,1,4312.51,8,2.5,3930,5,6,0,2023-07-27
SHIP03570,CUST1630,Electronics,D,Road,Delhi-Bangalore,6,1,3702.6,6,46.7,4749,10,15,0,2023-12-03
SHIP03571,CUST6522,Sporting Goods,C,Road,Delhi-Mumbai,3,1,2017.98,6,49.0,4568,3,3,1,2023-07-10
SHIP03572,CUST7649,Home & Garden,F,Flight,Bangalore-Chennai,2,4,4293.82,0,8.6,3947,9,9,1,2023-10-21
SHIP03573,CUST9412,Cosmetics,B,Ship,Delhi-Mumbai,5,2,971.17,4,23.4,5502,6,11,0,2023-07-12
SHIP03574,CUST5394,Electronics,F,Flight,Hyderabad-Pune,7,4,4114.96,8,32.4,1793,3,5,0,2023-11-11
SHIP03575,CUST2921,Electronics,A,Road,Delhi-Mumbai,4,4,1680.8,4,33.5,2973,6,10,0,2023-05-28
SHIP03576,CUST5532,Cosmetics,A,Ship,Bangalore-Chennai,7,3,4199.05,6,0.1,5371,6,5,1,2023-01-03
SHIP03577,CUST5520,Sporting Goods,B,Flight,Mumbai-Chennai,5,1,1494.68,7,57.4,1417,10,9,1,2023-07-16
SHIP03578,CUST4974,Electronics,C,Flight,Delhi-Mumbai,2,4,3308.78,0,10.4,4731,8,12,0,2023-10-11
SHIP03579,CUST2860,Fashion,A,Road,Delhi-Mumbai,3,1,4495.82,1,58.2,5468,9,10,0,2023-07-08
SHIP03580,CUST5895,Cosmetics,B,Road,Hyderabad-Pune,7,1,2755.5,2,31.5,1199,8,10,0,2023-06-18
SHIP03581,CUST3696,Sporting Goods,C,Ship,Kolkata-Delhi,2,3,1642.2,2,0.9,6680,9,9,1,2023-09-19
SHIP03582,CUST2195,Home & Garden,C,Ship,Delhi-Mumbai,2,3,869.31,7,5.2,4585,5,8,0,2023-07-04
SHIP03583,CUST1220,Books,C,Ship,Delhi-Bangalore,7,5,3756.25,1,57.0,6202,10,14,0,2023-06-26
SHIP03584,CUST1401,Home & Garden,A,Flight,Delhi-Mumbai,2,1,4842.09,0,32.0,6176,7,6,1,2023-09-20
SHIP03585,CUST2109,Home & Garden,D,Road,Hyderabad-Pune,7,2,1159.72,2,30.7,6735,3,4,0,2023-07-11
SHIP03586,CUST5345,Cosmetics,B,Road,Kolkata-Delhi,7,5,1095.02,2,43.8,2459,5,10,0,2023-07-15
SHIP03587,CUST7151,Electronics,C,Flight,Delhi-Bangalore,4,1,2250.8,2,19.6,2008,6,9,0,2023-01-25
SHIP03588,CUST5867,Sporting Goods,A,Ship,Bangalore-Chennai,3,5,4943.48,1,36.9,4524,6,8,0,2023-04-16
SHIP03589,CUST4107,Cosmetics,C,Ship,Kolkata-Delhi,3,2,511.79,4,58.6,3581,9,12,0,2023-05-28
SHIP03590,CUST2922,Home & Garden,A,Road,Hyderabad-Pune,3,1,4589.12,6,45.6,6350,7,8,0,2023-08-04
SHIP03591,CUST8846,Cosmetics,B,Ship,Bangalore-Chennai,7,1,730.77,0,18.3,2721,4,7,0,2023-08-18
SHIP03592,CUST9489,Sporting Goods,B,Ship,Bangalore-Chennai,5,4,119.93,2,21.1,6001,6,11,0,2023-04-24
SHIP03593,CUST5235,Electronics,A,Flight,Delhi-Bangalore,7,5,4592.84,6,27.9,3483,5,7,0,2023-01-09
SHIP03594,CUST3503,Cosmetics,A,Road,Delhi-Bangalore,4,3,2435.5,8,39.4,4494,10,9,1,2023-09-13
SHIP03595,CUST1474,Home & Garden,B,Flight,Delhi-Bangalore,5,1,4231.36,8,63.4,2206,6,8,0,2023-09-15
SHIP03596,CUST8543,Electronics,A,Road,Hyderabad-Pune,5,2,1543.56,7,3.3,6631,6,6,1,2023-01-23
SHIP03597,CUST9579,Books,D,Ship,Delhi-Mumbai,1,5,2584.34,6,54.6,4307,10,11,0,2023-02-20
SHIP03598,CUST3848,Sporting Goods,A,Flight,Hyderabad-Pune,5,4,155.24,6,50.4,4268,10,13,0,2023-12-18
SHIP03599,CUST1769,Home & Garden,B,Flight,Delhi-Bangalore,5,3,1949.42,8,60.4,4459,4,4,1,2023-09-07
SHIP03600,CUST3198,Fashion,C,Ship,Bangalore-Chennai,5,5,3952.28,7,0.5,2010,4,8,0,2023-08-19
SHIP03601,CUST9702,Fashion,C,Road,Bangalore-Chennai,1,5,2775.74,5,57.5,3117,3,6,0,2023-02-01
SHIP03602,CUST1729,Home & Garden,F,Ship,Delhi-Bangalore,3,4,4510.35,5,35.0,6669,7,10,0,2023-08-22
SHIP03603,CUST3219,Cosmetics,A,Ship,Delhi-Mumbai,2,1,3382.83,8,44.7,4459,10,14,0,2023-11-21
SHIP03604,CUST5876,Electronics,C,Road,Hyderabad-Pune,5,4,3213.53,4,14.5,1199,9,13,0,2023-08-01
SHIP03605,CUST1141,Books,B,Flight,Hyderabad-Pune,2,3,3559.59,3,28.5,2038,10,14,0,2023-10-12
SHIP03606,CUST9642,Cosmetics,A,Flight,Delhi-Mumbai,3,3,2484.39,1,15.3,4601,9,13,0,2023-09-27
SHIP03607,CUST5648,Fashion,A,Flight,Bangalore-Chennai,3,4,4912.71,4,31.2,5933,6,10,0,2023-02-09
SHIP03608,CUST5034,Fashion,A,Flight,Hyderabad-Pune,2,4,1207.56,0,22.9,6051,7,11,0,2023-05-10
SHIP03609,CUST3209,Electronics,F,Flight,Delhi-Mumbai,4,5,1443.78,6,16.4,1111,10,12,0,2023-08-11
SHIP03610,CUST8356,Home & Garden,D,Flight,Delhi-Bangalore,1,5,3110.85,7,33.2,3593,4,5,0,2023-08-15
SHIP03611,CUST3051,Home & Garden,C,Road,Mumbai-Chennai,2,3,1737.09,6,26.1,2429,9,10,0,2023-11-20
SHIP03612,CUST1898,Cosmetics,B,Ship,Bangalore-Chennai,4,4,3117.87,0,28.2,1192,5,8,0,2023-11-07
SHIP03613,CUST2707,Fashion,F,Ship,Kolkata-Delhi,6,2,2829.78,8,34.2,2938,4,5,0,2023-05-14
SHIP03614,CUST9788,Books,F,Road,Kolkata-Delhi,2,2,1854.94,4,27.5,5104,5,10,0,2023-04-14
SHIP03615,CUST7754,Cosmetics,A,Ship,Delhi-Bangalore,3,4,1927.33,4,41.7,1424,9,9,1,2023-10-16
SHIP03616,CUST2297,Books,C,Road,Delhi-Bangalore,4,2,2457.1,5,0.3,4266,7,7,1,2023-09-09
SHIP03617,CUST3435,Cosmetics,D,Flight,Kolkata-Delhi,6,1,2968.81,6,4.9,5955,3,2,1,2023-02-09
SHIP03618,CUST1104,Electronics,F,Ship,Kolkata-Delhi,4,3,4189.2,5,20.1,3547,3,6,0,2023-02-12
SHIP03619,CUST2574,Cosmetics,F,Flight,Kolkata-Delhi,2,4,3663.18,2,52.3,1034,6,5,1,2023-01-28
SHIP03620,CUST3138,Home & Garden,F,Road,Hyderabad-Pune,4,2,376.84,3,10.3,4372,8,8,1,2024-01-01
SHIP03621,CUST2736,Electronics,D,Ship,Bangalore-Chennai,5,4,3779.94,1,56.2,5052,9,10,0,2023-07-24
SHIP03622,CUST5142,Electronics,B,Flight,Delhi-Mumbai,1,4,1421.7,2,63.6,4444,4,4,1,2023-12-09
SHIP03623,CUST6023,Books,D,Flight,Delhi-Bangalore,4,3,398.27,5,63.3,3330,7,7,1,2023-06-08
SHIP03624,CUST5315,Electronics,A,Flight,Delhi-Mumbai,2,5,1932.64,5,12.5,5500,10,12,0,2023-12-11
SHIP03625,CUST9086,Home & Garden,F,Road,Delhi-Bangalore,1,3,3645.82,5,57.3,2340,10,11,0,2023-07-03
SHIP03626,CUST1814,Electronics,D,Flight,Bangalore-Chennai,2,1,4560.42,3,40.8,2096,5,10,0,2023-04-27
SHIP03627,CUST5575,Home & Garden,C,Ship,Delhi-Bangalore,7,2,3006.4,4,22.4,4740,10,12,0,2023-12-27
SHIP03628,CUST5626,Books,A,Flight,Kolkata-Delhi,4,2,1382.96,6,46.8,6081,9,11,0,2023-12-21
SHIP03629,CUST4458,Books,C,Ship,Hyderabad-Pune,7,1,2109.35,1,1.4,5886,10,10,1,2023-09-19
SHIP03630,CUST5777,Fashion,F,Road,Delhi-Bangalore,5,5,1313.39,6,41.3,2074,10,13,0,2023-05-30
SHIP03631,CUST3074,Cosmetics,C,Road,Mumbai-Chennai,5,4,4851.09,0,62.9,2474,4,4,1,2023-09-15
SHIP03632,CUST2170,Electronics,C,Road,Mumbai-Chennai,4,5,2907.58,1,23.5,5331,7,10,0,2023-10-31
SHIP03633,CUST6746,Cosmetics,C,Ship,Bangalore-Chennai,2,2,1505.43,4,17.9,6871,7,7,1,2023-05-16
SHIP03634,CUST9423,Electronics,D,Road,Delhi-Bangalore,1,2,2995.51,4,15.5,4684,10,14,0,2023-01-14
SHIP03635,CUST1336,Books,D,Ship,Bangalore-Chennai,6,1,864.63,2,4.8,1825,7,12,0,2023-06-16
SHIP03636,CUST6055,Books,B,Ship,Bangalore-Chennai,5,1,1664.75,4,49.9,5535,4,4,1,2023-07-21
SHIP03637,CUST8466,Electronics,D,Ship,Mumbai-Chennai,7,1,2275.35,5,61.6,6910,6,11,0,2023-08-26
SHIP03638,CUST3132,Cosmetics,B,Ship,Kolkata-Delhi,4,2,4665.21,3,8.5,3741,3,7,0,2023-07-25
SHIP03639,CUST9126,Sporting Goods,F,Ship,Mumbai-Chennai,6,4,296.46,8,40.4,6249,10,10,1,2023-01-02
SHIP03640,CUST9472,Cosmetics,D,Road,Mumbai-Chennai,2,2,3139.55,6,54.3,2598,6,8,0,2023-11-06
SHIP03641,CUST9506,Home & Garden,C,Flight,Mumbai-Chennai,1,5,2772.2,3,63.8,3968,9,12,0,2023-02-25
SHIP03642,CUST3516,Sporting Goods,B,Flight,Delhi-Bangalore,6,5,187.49,6,52.2,3882,10,14,0,2023-10-19
SHIP03643,CUST6138,Fashion,D,Flight,Kolkata-Delhi,7,5,4172.75,7,62.3,3958,4,5,0,2023-11-05
SHIP03644,CUST4163,Fashion,A,Road,Kolkata-Delhi,5,2,449.04,3,41.7,5055,8,12,0,2023-04-25
SHIP03645,CUST7930,Books,A,Flight,Kolkata-Delhi,3,1,798.24,0,52.1,1355,8,10,0,2023-02-02
SHIP03646,CUST7949,Home & Garden,F,Road,Mumbai-Chennai,7,5,3384.59,7,3.7,1040,5,7,0,2023-09-28
SHIP03647,CUST3051,Home & Garden,B,Road,Bangalore-Chennai,1,4,1047.08,0,21.5,2767,8,7,1,2023-11-22
SHIP03648,CUST4411,Fashion,F,Flight,Bangalore-Chennai,5,2,3573.7,7,18.7,4152,10,15,0,2023-07-16
SHIP03649,CUST9447,Books,F,Flight,Mumbai-Chennai,2,1,475.88,5,10.6,3131,5,5,1,2023-07-22
SHIP03650,CUST3195,Books,A,Flight,Mumbai-Chennai,4,5,1044.79,1,20.2,6333,6,9,0,2023-09-09
SHIP03651,CUST5385,Electronics,F,Road,Hyderabad-Pune,4,3,1646.31,6,11.4,3152,7,8,0,2023-12-01
SHIP03652,CUST1103,Sporting Goods,B,Flight,Kolkata-Delhi,6,1,4234.6,7,55.5,2872,6,9,0,2023-05-23
SHIP03653,CUST1090,Books,D,Ship,Mumbai-Chennai,6,1,4488.93,2,22.7,6294,9,12,0,2023-06-19
SHIP03654,CUST4137,Electronics,F,Flight,Kolkata-Delhi,2,1,2436.62,1,17.8,4057,4,9,0,2023-01-16
SHIP03655,CUST7687,Cosmetics,D,Road,Kolkata-Delhi,7,1,4846.29,5,3.5,3214,9,11,0,2023-02-09
SHIP03656,CUST2329,Electronics,B,Flight,Bangalore-Chennai,3,3,2322.65,4,30.0,4434,6,7,0,2023-01-01
SHIP03657,CUST4155,Books,B,Road,Bangalore-Chennai,4,4,4873.34,1,49.7,3765,9,10,0,2023-08-23
SHIP03658,CUST6315,Sporting Goods,A,Road,Delhi-Bangalore,2,2,367.13,4,57.9,4491,3,5,0,2023-09-24
SHIP03659,CUST8950,Books,A,Flight,Delhi-Mumbai,7,4,4758.79,5,14.3,4791,5,4,1,2023-06-09
SHIP03660,CUST6275,Fashion,C,Ship,Hyderabad-Pune,5,1,4759.6,8,4.6,4423,6,11,0,2023-01-07
SHIP03661,CUST2022,Sporting Goods,D,Ship,Mumbai-Chennai,7,1,2447.11,0,28.1,1997,5,8,0,2023-04-14
SHIP03662,CUST4608,Cosmetics,D,Ship,Mumbai-Chennai,5,1,1419.05,1,29.9,5703,9,12,0,2023-01-28
SHIP03663,CUST8057,Books,B,Ship,Hyderabad-Pune,5,3,2120.8,0,36.9,6094,10,12,0,2023-11-08
SHIP03664,CUST8556,Home & Garden,F,Flight,Delhi-Mumbai,7,2,832.91,8,14.2,5203,9,13,0,2023-01-25
SHIP03665,CUST6094,Books,D,Flight,Hyderabad-Pune,5,5,4540.98,2,16.6,2775,10,13,0,2023-09-22
SHIP03666,CUST7607,Sporting Goods,D,Road,Bangalore-Chennai,4,2,2290.26,4,59.8,2535,10,11,0,2023-11-15
SHIP03667,CUST8213,Electronics,C,Flight,Kolkata-Delhi,7,3,2993.01,5,1.0,2592,6,5,1,2023-01-19
SHIP03668,CUST3480,Books,A,Ship,Mumbai-Chennai,4,4,3847.12,8,62.9,3269,6,8,0,2023-08-20
SHIP03669,CUST9760,Fashion,C,Flight,Mumbai-Chennai,5,1,3239.49,7,5.2,3671,3,6,0,2023-03-23
SHIP03670,CUST3747,Books,B,Road,Delhi-Mumbai,3,5,2100.73,3,30.5,5412,3,6,0,2023-05-23
SHIP03671,CUST2935,Books,F,Ship,Mumbai-Chennai,1,5,3662.92,3,24.8,5753,4,9,0,2023-04-25
SHIP03672,CUST8210,Sporting Goods,A,Flight,Kolkata-Delhi,6,3,1478.97,4,3.9,3843,3,2,1,2023-05-22
SHIP03673,CUST4649,Sporting Goods,C,Ship,Kolkata-Delhi,5,5,4444.5,1,40.4,6617,4,5,0,2023-02-20
SHIP03674,CUST1890,Electronics,F,Road,Kolkata-Delhi,6,1,3238.41,8,4.7,3387,5,7,0,2023-10-01
SHIP03675,CUST8027,Books,D,Road,Kolkata-Delhi,1,1,2436.85,7,44.5,5991,7,12,0,2023-02-11
SHIP03676,CUST7704,Cosmetics,A,Road,Delhi-Mumbai,3,5,3745.78,5,36.0,3294,7,7,1,2023-01-02
SHIP03677,CUST8858,Cosmetics,F,Road,Mumbai-Chennai,6,4,965.53,0,2.2,1481,3,4,0,2023-11-16
SHIP03678,CUST2056,Books,F,Flight,Delhi-Mumbai,4,3,2988.45,6,11.6,2247,6,5,1,2023-07-07
SHIP03679,CUST8671,Cosmetics,C,Road,Delhi-Mumbai,5,3,2990.0,5,56.1,2735,7,10,0,2023-06-05
SHIP03680,CUST1620,Electronics,A,Ship,Kolkata-Delhi,2,2,1385.55,2,63.9,4629,5,6,0,2023-02-08
SHIP03681,CUST1898,Sporting Goods,C,Road,Mumbai-Chennai,7,2,2170.96,2,15.3,6396,10,14,0,2023-08-31
SHIP03682,CUST5324,Fashion,C,Flight,Hyderabad-Pune,7,2,547.88,8,41.2,1960,8,12,0,2023-07-09
SHIP03683,CUST6552,Cosmetics,D,Road,Mumbai-Chennai,7,1,3393.78,5,56.6,1840,4,5,0,2023-11-28
SHIP03684,CUST6939,Home & Garden,B,Ship,Delhi-Bangalore,4,3,168.23,3,39.6,2984,6,9,0,2023-10-07
SHIP03685,CUST3733,Home & Garden,B,Road,Bangalore-Chennai,2,2,1465.92,4,45.4,1786,4,6,0,2023-06-13
SHIP03686,CUST8906,Sporting Goods,D,Flight,Kolkata-Delhi,2,5,131.79,3,57.6,4062,6,9,0,2023-06-28
SHIP03687,CUST5243,Books,C,Flight,Bangalore-Chennai,5,1,4995.19,4,50.8,2398,3,2,1,2023-08-04
SHIP03688,CUST9864,Fashion,F,Flight,Delhi-Bangalore,3,3,2655.68,2,37.5,7000,7,6,1,2023-09-01
SHIP03689,CUST3576,Books,C,Road,Kolkata-Delhi,6,2,1964.59,8,3.9,3884,10,9,1,2023-08-08
SHIP03690,CUST3226,Cosmetics,B,Ship,Bangalore-Chennai,6,1,4862.6,7,24.3,1164,5,10,0,2023-12-13
SHIP03691,CUST4243,Fashion,D,Road,Delhi-Mumbai,7,2,4194.17,1,53.9,3339,4,3,1,2023-07-09
SHIP03692,CUST7221,Books,F,Road,Bangalore-Chennai,6,4,1136.57,7,5.8,4601,10,12,0,2023-06-22
SHIP03693,CUST1508,Books,C,Ship,Hyderabad-Pune,2,5,4681.65,8,48.0,1616,10,9,1,2023-09-26
SHIP03694,CUST4653,Books,F,Flight,Mumbai-Chennai,4,3,4240.69,7,51.5,4186,5,9,0,2023-03-18
SHIP03695,CUST6442,Electronics,B,Road,Mumbai-Chennai,4,2,4702.72,2,0.8,6380,7,12,0,2023-05-28
SHIP03696,CUST7682,Home & Garden,C,Ship,Hyderabad-Pune,5,4,697.92,8,3.7,1615,6,11,0,2023-05-24
SHIP03697,CUST4316,Sporting Goods,F,Flight,Mumbai-Chennai,1,1,4760.72,8,13.0,6901,9,8,1,2023-08-10
SHIP03698,CUST2156,Cosmetics,B,Road,Hyderabad-Pune,6,4,172.08,2,31.5,4057,5,8,0,2023-03-14
SHIP03699,CUST1937,Fashion,D,Road,Delhi-Bangalore,6,1,1865.44,5,42.3,6328,10,15,0,2023-02-24
SHIP03700,CUST1566,Books,F,Flight,Hyderabad-Pune,3,1,786.84,5,10.9,5331,9,9,1,2023-06-11
SHIP03701,CUST9428,Sporting Goods,D,Ship,Hyderabad-Pune,1,1,4433.54,0,29.9,3312,3,7,0,2023-10-08
SHIP03702,CUST7557,Electronics,B,Flight,Hyderabad-Pune,1,5,3285.75,8,43.1,3344,5,5,1,2023-12-27
SHIP03703,CUST4431,Cosmetics,B,Ship,Delhi-Bangalore,2,4,4308.53,7,64.6,4413,7,12,0,2023-05-20
SHIP03704,CUST4664,Electronics,F,Ship,Bangalore-Chennai,5,1,4025.06,3,33.3,3433,6,11,0,2023-10-14
SHIP03705,CUST8683,Sporting Goods,D,Flight,Kolkata-Delhi,5,3,965.22,8,7.9,1269,6,5,1,2023-10-30
SHIP03706,CUST8741,Home & Garden,D,Ship,Hyderabad-Pune,1,2,613.5,2,62.7,3922,4,9,0,2023-09-27
SHIP03707,CUST1120,Fashion,A,Ship,Bangalore-Chennai,2,1,751.36,7,34.3,4668,10,11,0,2023-07-18
SHIP03708,CUST5005,Fashion,D,Flight,Hyderabad-Pune,5,5,550.27,1,34.6,6005,3,4,0,2023-04-01
SHIP03709,CUST4582,Electronics,C,Ship,Kolkata-Delhi,3,2,4340.91,2,57.0,1732,5,4,1,2023-08-01
SHIP03710,CUST6638,Fashion,A,Ship,Delhi-Mumbai,7,1,2352.45,2,49.3,1527,4,3,1,2023-10-22
SHIP03711,CUST3783,Fashion,B,Road,Bangalore-Chennai,1,1,1155.11,7,62.1,2446,6,8,0,2023-11-23
SHIP03712,CUST2490,Sporting Goods,C,Ship,Delhi-Mumbai,7,3,2002.02,6,5.4,6771,3,8,0,2023-10-17
SHIP03713,CUST1587,Cosmetics,D,Ship,Kolkata-Delhi,2,1,3200.57,4,23.7,6702,6,11,0,2023-07-26
SHIP03714,CUST6748,Fashion,B,Ship,Mumbai-Chennai,1,1,4778.12,2,27.4,3666,3,5,0,2023-04-15
SHIP03715,CUST5458,Cosmetics,A,Flight,Delhi-Bangalore,1,3,3361.16,5,6.5,2813,4,3,1,2023-06-09
SHIP03716,CUST7484,Cosmetics,B,Ship,Hyderabad-Pune,7,2,1537.74,0,31.1,1764,5,4,1,2023-10-30
SHIP03717,CUST7874,Cosmetics,C,Ship,Delhi-Bangalore,5,1,1189.25,6,14.6,5239,6,7,0,2023-10-18
SHIP03718,CUST4286,Fashion,F,Ship,Hyderabad-Pune,3,5,195.22,0,1.8,5527,8,10,0,2023-05-23
SHIP03719,CUST3320,Books,D,Flight,Mumbai-Chennai,1,1,3595.5,6,33.8,6311,7,6,1,2023-07-20
SHIP03720,CUST6942,Electronics,A,Ship,Hyderabad-Pune,3,3,4349.51,5,33.2,6533,4,5,0,2023-07-20
SHIP03721,CUST3643,Electronics,A,Road,Delhi-Mumbai,7,5,204.16,3,11.0,1777,7,9,0,2023-05-28
SHIP03722,CUST9557,Sporting Goods,F,Ship,Kolkata-Delhi,6,1,4231.06,1,55.4,3859,9,10,0,2023-02-23
SHIP03723,CUST2965,Books,F,Ship,Kolkata-Delhi,7,4,2418.49,5,52.2,3298,3,5,0,2023-06-25
SHIP03724,CUST3613,Books,B,Road,Bangalore-Chennai,5,3,4958.86,6,22.5,5406,9,8,1,2023-07-20
SHIP03725,CUST1166,Fashion,A,Flight,Hyderabad-Pune,4,1,4459.86,3,24.9,6518,10,15,0,2023-03-26
SHIP03726,CUST8993,Cosmetics,C,Ship,Mumbai-Chennai,3,2,3640.65,7,7.5,5768,8,8,1,2023-05-26
SHIP03727,CUST4569,Electronics,C,Flight,Hyderabad-Pune,3,3,175.1,8,62.5,1407,10,11,0,2023-06-22
SHIP03728,CUST1302,Cosmetics,F,Flight,Mumbai-Chennai,4,2,4872.02,6,59.2,3083,5,9,0,2023-11-13
SHIP03729,CUST3277,Sporting Goods,C,Ship,Kolkata-Delhi,6,1,286.3,0,36.8,2306,5,10,0,2023-08-18
SHIP03730,CUST9544,Electronics,C,Road,Kolkata-Delhi,6,3,2265.57,2,54.3,4427,7,8,0,2023-01-30
SHIP03731,CUST2840,Cosmetics,A,Flight,Delhi-Mumbai,2,2,1878.73,5,21.0,2656,3,5,0,2023-06-01
SHIP03732,CUST2528,Cosmetics,D,Ship,Delhi-Bangalore,5,1,4546.66,5,19.4,1567,4,4,1,2023-05-11
SHIP03733,CUST1517,Electronics,D,Ship,Kolkata-Delhi,5,1,1819.88,8,17.4,2349,10,11,0,2023-05-17
SHIP03734,CUST4345,Fashion,F,Road,Kolkata-Delhi,5,1,228.87,8,10.6,5792,4,6,0,2023-04-07
SHIP03735,CUST6799,Cosmetics,A,Ship,Delhi-Mumbai,7,4,1495.97,4,46.9,4928,9,13,0,2023-12-05
SHIP03736,CUST6826,Cosmetics,B,Flight,Delhi-Mumbai,5,3,4616.3,0,48.4,1636,9,10,0,2023-08-26
SHIP03737,CUST3543,Home & Garden,D,Ship,Hyderabad-Pune,5,2,2621.74,1,0.5,5267,7,7,1,2023-10-21
SHIP03738,CUST2754,Home & Garden,B,Road,Bangalore-Chennai,7,2,1679.44,5,9.2,3016,8,12,0,2023-06-21
SHIP03739,CUST7707,Home & Garden,F,Ship,Hyderabad-Pune,7,1,4319.39,8,2.3,3858,5,9,0,2023-10-05
SHIP03740,CUST1699,Home & Garden,B,Ship,Kolkata-Delhi,4,2,4458.84,8,14.6,1434,5,8,0,2023-04-16
SHIP03741,CUST5743,Electronics,A,Road,Kolkata-Delhi,6,4,2373.2,6,38.5,6702,6,9,0,2023-09-27
SHIP03742,CUST3015,Books,A,Flight,Delhi-Mumbai,7,4,4417.64,7,2.3,3899,4,7,0,2023-11-28
SHIP03743,CUST6707,Books,C,Ship,Kolkata-Delhi,5,1,4459.17,3,33.1,4555,10,11,0,2023-06-06
SHIP03744,CUST6000,Fashion,A,Road,Bangalore-Chennai,3,3,2124.44,6,39.5,5910,10,10,1,2023-10-10
SHIP03745,CUST7178,Fashion,D,Ship,Delhi-Bangalore,6,4,1170.36,4,61.6,5006,10,13,0,2023-03-25
SHIP03746,CUST2291,Sporting Goods,A,Flight,Kolkata-Delhi,4,3,3447.86,1,60.1,3175,3,3,1,2023-12-13
SHIP03747,CUST6049,Fashion,A,Flight,Kolkata-Delhi,5,2,836.53,8,28.9,6694,4,8,0,2023-04-30
SHIP03748,CUST8068,Electronics,C,Road,Bangalore-Chennai,1,5,606.04,0,10.4,3195,4,8,0,2023-11-21
SHIP03749,CUST8008,Books,B,Flight,Mumbai-Chennai,6,2,2366.23,8,2.9,2784,5,10,0,2023-05-02
SHIP03750,CUST4158,Home & Garden,A,Ship,Mumbai-Chennai,7,4,3607.16,6,48.7,2170,4,7,0,2023-05-15
SHIP03751,CUST2780,Books,C,Flight,Kolkata-Delhi,2,1,2281.65,4,30.0,4944,9,8,1,2023-02-03
SHIP03752,CUST6112,Electronics,C,Flight,Mumbai-Chennai,7,4,4367.03,7,58.7,2589,6,10,0,2023-06-26
SHIP03753,CUST7495,Sporting Goods,F,Flight,Hyderabad-Pune,2,4,2071.88,7,41.4,1154,4,8,0,2023-02-20
SHIP03754,CUST9563,Sporting Goods,C,Ship,Hyderabad-Pune,2,1,710.42,8,43.4,4882,3,6,0,2023-11-28
SHIP03755,CUST8103,Electronics,F,Road,Delhi-Mumbai,6,3,4495.61,8,44.4,1309,4,6,0,2023-07-11
SHIP03756,CUST7588,Books,B,Road,Hyderabad-Pune,7,2,2217.93,7,13.3,6672,5,6,0,2023-05-26
SHIP03757,CUST8495,Fashion,D,Ship,Delhi-Mumbai,3,5,1056.22,1,33.6,2556,9,8,1,2023-10-07
SHIP03758,CUST4300,Sporting Goods,A,Flight,Mumbai-Chennai,1,2,116.1,8,51.2,2882,10,10,1,2023-03-19
SHIP03759,CUST2325,Cosmetics,C,Flight,Kolkata-Delhi,3,5,1006.12,7,12.8,6656,7,10,0,2023-02-27
SHIP03760,CUST4333,Fashion,D,Road,Delhi-Bangalore,6,2,3214.68,8,6.7,1615,9,12,0,2023-02-19
SHIP03761,CUST4037,Home & Garden,F,Road,Delhi-Bangalore,1,2,533.03,6,31.6,4343,8,9,0,2023-04-17
SHIP03762,CUST5003,Sporting Goods,C,Ship,Bangalore-Chennai,4,5,2329.88,0,10.0,5039,3,7,0,2023-05-03
SHIP03763,CUST8734,Fashion,D,Road,Bangalore-Chennai,3,5,2593.18,0,22.0,1248,7,10,0,2023-01-08
SHIP03764,CUST7839,Cosmetics,F,Ship,Delhi-Bangalore,5,5,3379.08,7,39.6,2813,6,9,0,2023-02-15
SHIP03765,CUST4658,Electronics,F,Ship,Delhi-Bangalore,7,4,3266.62,8,6.3,4487,8,12,0,2023-10-18
SHIP03766,CUST6188,Fashion,D,Road,Hyderabad-Pune,6,2,1290.56,2,2.8,2371,8,8,1,2023-10-31
SHIP03767,CUST7788,Electronics,A,Flight,Kolkata-Delhi,7,2,1232.87,0,53.1,4185,7,12,0,2023-09-19
SHIP03768,CUST2057,Books,F,Flight,Kolkata-Delhi,4,1,4975.37,4,45.7,1634,10,13,0,2023-01-16
SHIP03769,CUST5183,Home & Garden,D,Ship,Delhi-Bangalore,1,5,1087.58,6,8.3,5493,5,8,0,2023-01-01
SHIP03770,CUST6402,Cosmetics,B,Ship,Kolkata-Delhi,5,5,2186.07,1,31.2,2813,10,11,0,2023-09-15
SHIP03771,CUST8523,Cosmetics,A,Road,Kolkata-Delhi,7,2,3094.98,5,41.6,6782,5,10,0,2023-08-20
SHIP03772,CUST1806,Cosmetics,C,Flight,Mumbai-Chennai,1,4,3008.95,4,41.9,4401,6,8,0,2023-10-13
SHIP03773,CUST5040,Cosmetics,C,Flight,Delhi-Mumbai,7,5,1434.56,3,22.3,4710,9,13,0,2023-05-05
SHIP03774,CUST9594,Home & Garden,F,Ship,Bangalore-Chennai,5,3,4826.24,8,15.2,1603,10,14,0,2023-09-11
SHIP03775,CUST6112,Sporting Goods,F,Ship,Delhi-Bangalore,7,5,4444.77,6,2.4,2069,6,8,0,2023-05-30
SHIP03776,CUST1071,Fashion,C,Flight,Kolkata-Delhi,6,1,861.49,7,52.8,2417,7,8,0,2023-06-16
SHIP03777,CUST9954,Electronics,D,Ship,Bangalore-Chennai,1,2,2246.98,6,13.5,2325,8,13,0,2023-10-28
SHIP03778,CUST9321,Books,A,Flight,Delhi-Bangalore,4,3,541.13,2,28.4,5496,7,6,1,2023-04-25
SHIP03779,CUST6223,Home & Garden,A,Ship,Hyderabad-Pune,4,1,3112.12,7,59.7,1025,3,6,0,2023-07-12
SHIP03780,CUST4391,Sporting Goods,B,Road,Delhi-Mumbai,2,2,3150.16,0,10.8,4858,10,15,0,2023-09-15
SHIP03781,CUST3975,Home & Garden,A,Ship,Kolkata-Delhi,3,4,1885.76,5,30.9,5271,8,11,0,2023-05-29
SHIP03782,CUST3432,Sporting Goods,A,Ship,Bangalore-Chennai,6,4,3381.23,0,51.0,4230,9,9,1,2023-11-21
SHIP03783,CUST6153,Cosmetics,B,Road,Bangalore-Chennai,6,3,667.41,6,0.4,1234,3,8,0,2023-06-22
SHIP03784,CUST7685,Books,A,Road,Mumbai-Chennai,2,1,2258.48,6,1.4,6676,9,11,0,2023-03-01
SHIP03785,CUST7136,Cosmetics,F,Flight,Bangalore-Chennai,5,1,2600.3,4,13.8,6656,5,6,0,2023-05-30
SHIP03786,CUST8398,Home & Garden,D,Flight,Mumbai-Chennai,3,4,3948.02,6,36.2,3198,9,14,0,2023-11-14
SHIP03787,CUST7106,Fashion,B,Road,Hyderabad-Pune,2,3,3079.2,6,38.2,4089,5,7,0,2023-01-11
SHIP03788,CUST2889,Sporting Goods,D,Flight,Hyderabad-Pune,5,1,1513.39,4,41.6,2580,3,6,0,2023-12-27
SHIP03789,CUST9625,Cosmetics,C,Flight,Delhi-Mumbai,2,4,692.6,3,56.3,6017,9,9,1,2023-06-06
SHIP03790,CUST3591,Books,F,Ship,Delhi-Mumbai,5,3,1542.1,1,44.6,1694,3,8,0,2023-03-26
SHIP03791,CUST6300,Home & Garden,D,Road,Hyderabad-Pune,5,1,4606.51,7,12.1,4285,6,7,0,2024-01-01
SHIP03792,CUST8948,Fashion,B,Ship,Kolkata-Delhi,6,2,4711.64,5,29.0,5316,9,14,0,2023-10-13
SHIP03793,CUST2207,Books,C,Ship,Delhi-Mumbai,3,1,1257.1,7,29.6,4110,6,8,0,2023-12-24
SHIP03794,CUST4305,Books,B,Road,Delhi-Bangalore,3,5,1976.85,3,30.4,5827,10,13,0,2023-07-04
SHIP03795,CUST6381,Cosmetics,F,Ship,Delhi-Bangalore,1,5,1598.12,4,43.6,2337,9,11,0,2023-06-10
SHIP03796,CUST9656,Fashion,D,Road,Kolkata-Delhi,4,5,1466.27,1,15.3,4183,7,8,0,2023-04-15
SHIP03797,CUST9944,Sporting Goods,D,Road,Hyderabad-Pune,5,4,3052.37,0,33.8,4923,9,11,0,2023-05-19
SHIP03798,CUST2289,Home & Garden,A,Road,Bangalore-Chennai,2,3,2962.02,4,39.6,6627,9,9,1,2023-10-17
SHIP03799,CUST5266,Cosmetics,C,Ship,Kolkata-Delhi,1,4,774.77,4,17.7,6950,7,12,0,2023-05-30
SHIP03800,CUST7749,Electronics,A,Road,Mumbai-Chennai,3,4,4153.35,2,35.7,3271,5,7,0,2023-10-15
SHIP03801,CUST2480,Sporting Goods,B,Road,Delhi-Mumbai,3,4,4009.45,3,29.2,2379,3,5,0,2023-06-12
SHIP03802,CUST7781,Sporting Goods,F,Road,Bangalore-Chennai,1,1,2843.16,5,34.8,4934,3,3,1,2023-06-10
SHIP03803,CUST6869,Electronics,A,Ship,Hyderabad-Pune,6,5,1155.91,2,64.0,4225,10,9,1,2023-08-29
SHIP03804,CUST8833,Books,C,Road,Kolkata-Delhi,7,2,550.75,7,50.6,1549,10,15,0,2023-11-10
SHIP03805,CUST7658,Books,D,Road,Hyderabad-Pune,4,1,2078.4,3,51.7,5601,9,9,1,2023-07-28
SHIP03806,CUST2955,Fashion,A,Ship,Delhi-Bangalore,6,4,736.15,8,27.4,1223,9,9,1,2023-10-01
SHIP03807,CUST7000,Home & Garden,F,Flight,Kolkata-Delhi,1,3,1202.49,4,17.5,3035,7,9,0,2023-07-23
SHIP03808,CUST6512,Home & Garden,A,Ship,Delhi-Mumbai,6,4,1963.42,0,58.8,6342,7,10,0,2023-11-29
SHIP03809,CUST3893,Sporting Goods,F,Ship,Mumbai-Chennai,5,2,2709.91,0,51.3,5826,3,8,0,2023-02-09
SHIP03810,CUST6822,Fashion,D,Flight,Delhi-Mumbai,3,3,2057.0,6,40.2,5904,5,10,0,2023-01-10
SHIP03811,CUST3775,Fashion,B,Ship,Mumbai-Chennai,2,3,171.45,4,58.0,2006,3,2,1,2023-02-10
SHIP03812,CUST6358,Sporting Goods,C,Road,Delhi-Bangalore,4,4,2634.62,1,42.4,2429,8,12,0,2023-08-22
SHIP03813,CUST4233,Fashion,B,Ship,Mumbai-Chennai,4,5,1622.49,2,1.3,5517,10,12,0,2023-10-20
SHIP03814,CUST8335,Cosmetics,D,Ship,Kolkata-Delhi,7,2,4432.74,5,3.4,4394,7,8,0,2023-06-14
SHIP03815,CUST4502,Electronics,F,Flight,Delhi-Mumbai,6,4,4449.95,2,41.5,4019,7,6,1,2023-01-08
SHIP03816,CUST8012,Home & Garden,C,Flight,Kolkata-Delhi,6,1,724.62,0,14.3,5437,5,5,1,2023-05-11
SHIP03817,CUST8454,Books,B,Flight,Mumbai-Chennai,3,1,473.02,8,40.1,6778,7,11,0,2023-07-30
SHIP03818,CUST4443,Home & Garden,B,Flight,Bangalore-Chennai,3,2,1779.97,6,8.1,5365,4,5,0,2023-12-14
SHIP03819,CUST1038,Cosmetics,F,Ship,Delhi-Bangalore,7,5,1490.25,7,51.7,1597,9,14,0,2023-11-28
SHIP03820,CUST1710,Cosmetics,C,Road,Delhi-Mumbai,5,3,190.44,8,57.5,2135,6,10,0,2023-05-12
SHIP03821,CUST6165,Home & Garden,D,Road,Mumbai-Chennai,1,2,391.34,0,43.0,6281,7,6,1,2023-06-27
SHIP03822,CUST6714,Sporting Goods,D,Ship,Bangalore-Chennai,4,2,1708.16,0,15.1,3585,9,8,1,2023-02-19
SHIP03823,CUST4733,Sporting Goods,C,Flight,Delhi-Bangalore,5,1,3470.98,4,43.7,1501,7,9,0,2023-06-08
SHIP03824,CUST2760,Sporting Goods,C,Ship,Kolkata-Delhi,5,4,1290.39,5,44.5,5766,5,10,0,2023-04-18
SHIP03825,CUST4930,Home & Garden,B,Ship,Bangalore-Chennai,5,2,4411.66,2,1.6,3710,3,8,0,2023-01-20
SHIP03826,CUST7024,Books,C,Road,Kolkata-Delhi,7,2,4451.75,4,39.5,4043,8,13,0,2023-12-30
SHIP03827,CUST8251,Sporting Goods,B,Ship,Hyderabad-Pune,2,5,2944.21,4,13.5,1241,9,14,0,2023-06-26
SHIP03828,CUST9267,Sporting Goods,C,Flight,Hyderabad-Pune,4,5,4613.54,8,61.1,1123,8,7,1,2023-10-04
SHIP03829,CUST9351,Fashion,F,Flight,Hyderabad-Pune,2,1,3442.38,1,36.5,5607,8,10,0,2023-04-03
SHIP03830,CUST9562,Home & Garden,D,Road,Bangalore-Chennai,6,1,4179.63,4,22.2,4436,9,14,0,2023-07-05
SHIP03831,CUST7179,Books,D,Ship,Delhi-Bangalore,2,4,587.09,8,52.5,5158,5,9,0,2023-06-13
SHIP03832,CUST8405,Home & Garden,A,Road,Hyderabad-Pune,7,1,3356.2,0,31.6,6431,10,11,0,2023-09-24
SHIP03833,CUST7559,Sporting Goods,A,Flight,Mumbai-Chennai,2,5,202.26,6,53.7,5366,5,4,1,2023-05-10
SHIP03834,CUST4115,Sporting Goods,B,Ship,Delhi-Bangalore,3,3,4141.0,4,0.8,4913,7,9,0,2023-09-11
SHIP03835,CUST8926,Electronics,F,Road,Hyderabad-Pune,6,1,691.88,2,3.8,2604,6,10,0,2023-02-21
SHIP03836,CUST2179,Books,D,Road,Bangalore-Chennai,3,2,4476.71,1,63.6,4213,9,11,0,2023-04-03
SHIP03837,CUST5498,Cosmetics,A,Ship,Kolkata-Delhi,6,5,1177.39,2,28.8,4443,9,13,0,2023-08-04
SHIP03838,CUST1408,Sporting Goods,B,Ship,Bangalore-Chennai,7,2,156.04,0,4.9,4164,8,8,1,2023-12-25
SHIP03839,CUST4624,Fashion,A,Flight,Delhi-Bangalore,5,1,391.13,7,19.2,4139,4,8,0,2023-09-26
SHIP03840,CUST5387,Fashion,A,Road,Kolkata-Delhi,1,3,827.0,3,6.3,5020,9,13,0,2023-12-23
SHIP03841,CUST5926,Cosmetics,C,Flight,Kolkata-Delhi,1,1,1965.82,6,4.0,4720,5,5,1,2023-03-08
SHIP03842,CUST9656,Sporting Goods,F,Ship,Delhi-Mumbai,3,1,2762.58,0,3.9,2318,6,8,0,2023-08-21
SHIP03843,CUST5214,Cosmetics,F,Road,Bangalore-Chennai,1,1,3310.98,7,4.0,3824,3,6,0,2023-12-05
SHIP03844,CUST8021,Books,C,Road,Bangalore-Chennai,3,4,3806.09,7,38.5,2845,9,10,0,2023-08-27
SHIP03845,CUST8555,Books,C,Road,Hyderabad-Pune,7,3,3864.24,1,54.2,1169,6,8,0,2023-11-18
SHIP03846,CUST9671,Home & Garden,F,Road,Kolkata-Delhi,3,2,1164.34,0,35.0,3367,6,10,0,2023-09-05
SHIP03847,CUST4171,Home & Garden,B,Ship,Mumbai-Chennai,5,5,953.08,7,55.2,1017,8,13,0,2023-04-20
SHIP03848,CUST8677,Home & Garden,C,Flight,Kolkata-Delhi,3,2,4080.95,6,52.3,6827,3,3,1,2023-07-21
SHIP03849,CUST9667,Fashion,C,Ship,Delhi-Mumbai,4,2,4118.96,3,3.4,3858,4,6,0,2023-04-18
SHIP03850,CUST3871,Cosmetics,B,Road,Delhi-Bangalore,7,1,2766.01,0,50.9,3115,5,4,1,2023-09-01
SHIP03851,CUST9446,Books,D,Road,Delhi-Mumbai,1,2,3881.69,8,1.3,3494,3,6,0,2023-12-20
SHIP03852,CUST6219,Books,D,Flight,Delhi-Bangalore,1,1,754.34,1,45.7,5231,6,5,1,2023-07-23
SHIP03853,CUST9696,Electronics,D,Flight,Kolkata-Delhi,2,3,730.61,5,9.9,4426,4,3,1,2023-10-17
SHIP03854,CUST8399,Electronics,A,Ship,Kolkata-Delhi,7,1,4686.38,8,26.7,6282,10,10,1,2023-12-01
SHIP03855,CUST6032,Electronics,C,Flight,Delhi-Bangalore,3,5,4215.56,6,35.7,3749,9,10,0,2023-08-03
SHIP03856,CUST5781,Fashion,C,Ship,Mumbai-Chennai,4,4,4634.38,8,37.9,5666,6,10,0,2023-08-27
SHIP03857,CUST4622,Books,F,Flight,Delhi-Mumbai,4,4,266.63,2,63.3,6331,10,14,0,2023-09-04
SHIP03858,CUST1493,Electronics,C,Road,Bangalore-Chennai,1,5,1829.4,0,44.1,6292,6,10,0,2023-09-03
SHIP03859,CUST2599,Sporting Goods,F,Flight,Bangalore-Chennai,6,2,790.08,0,42.3,4994,4,5,0,2023-11-26
SHIP03860,CUST7857,Electronics,A,Flight,Bangalore-Chennai,6,5,4885.66,5,44.6,6152,10,10,1,2023-06-22
SHIP03861,CUST5771,Electronics,D,Ship,Bangalore-Chennai,7,5,3449.08,0,28.2,5485,6,6,1,2023-09-16
SHIP03862,CUST7694,Cosmetics,A,Road,Delhi-Bangalore,1,5,2722.22,5,61.2,6233,4,5,0,2023-12-23
SHIP03863,CUST5491,Sporting Goods,B,Flight,Delhi-Bangalore,3,4,2684.5,8,32.4,6042,6,7,0,2023-04-13
SHIP03864,CUST3375,Home & Garden,C,Ship,Bangalore-Chennai,4,4,1999.44,1,52.0,5020,6,7,0,2023-09-07
SHIP03865,CUST7669,Home & Garden,D,Flight,Delhi-Bangalore,5,2,786.29,8,15.4,3472,7,7,1,2023-01-11
SHIP03866,CUST3822,Sporting Goods,C,Ship,Kolkata-Delhi,6,2,2844.74,0,36.2,3854,10,9,1,2023-11-06
SHIP03867,CUST7187,Fashion,D,Flight,Delhi-Bangalore,2,1,4321.6,2,21.9,1787,7,10,0,2023-03-21
SHIP03868,CUST8617,Cosmetics,D,Ship,Mumbai-Chennai,1,3,4007.55,7,63.4,3066,5,9,0,2023-10-14
SHIP03869,CUST6588,Books,B,Ship,Mumbai-Chennai,4,5,2065.46,5,61.1,1940,7,9,0,2023-08-06
SHIP03870,CUST2090,Cosmetics,C,Ship,Kolkata-Delhi,1,2,1920.68,2,40.9,3433,9,12,0,2023-04-02
SHIP03871,CUST8442,Electronics,C,Ship,Bangalore-Chennai,1,3,4047.33,7,16.9,3724,8,9,0,2023-11-25
SHIP03872,CUST7873,Home & Garden,F,Flight,Hyderabad-Pune,3,1,1206.64,3,7.7,4736,3,5,0,2023-08-01
SHIP03873,CUST9778,Fashion,B,Flight,Hyderabad-Pune,3,5,964.66,2,59.8,3968,9,8,1,2023-09-11
SHIP03874,CUST9794,Electronics,D,Ship,Bangalore-Chennai,2,3,4053.94,4,7.0,4472,5,6,0,2023-10-05
SHIP03875,CUST2747,Home & Garden,A,Ship,Bangalore-Chennai,7,5,3313.35,0,42.5,3399,8,9,0,2023-07-28
SHIP03876,CUST2302,Books,B,Road,Hyderabad-Pune,7,2,4709.21,5,33.8,3307,10,15,0,2023-04-24
SHIP03877,CUST3206,Cosmetics,D,Ship,Delhi-Bangalore,4,4,3516.81,5,25.0,5111,3,7,0,2023-02-20
SHIP03878,CUST1073,Sporting Goods,A,Road,Kolkata-Delhi,3,3,2488.52,4,0.9,5310,8,8,1,2023-11-05
SHIP03879,CUST1471,Sporting Goods,F,Road,Delhi-Bangalore,2,5,3212.55,6,17.0,1793,3,7,0,2023-04-09
SHIP03880,CUST5840,Electronics,B,Road,Hyderabad-Pune,2,4,2161.83,5,8.2,4407,9,10,0,2023-10-12
SHIP03881,CUST3121,Sporting Goods,A,Ship,Delhi-Bangalore,5,4,1669.21,2,64.4,1358,8,11,0,2023-08-20
SHIP03882,CUST6981,Sporting Goods,F,Ship,Bangalore-Chennai,7,1,4328.74,8,33.2,1056,3,6,0,2023-01-05
SHIP03883,CUST6442,Fashion,D,Road,Delhi-Bangalore,5,4,4339.81,7,40.9,6935,6,5,1,2023-01-01
SHIP03884,CUST1165,Cosmetics,A,Ship,Hyderabad-Pune,1,4,2898.41,2,61.1,2679,5,4,1,2023-04-08
SHIP03885,CUST7415,Fashion,A,Flight,Mumbai-Chennai,1,3,4270.98,1,63.4,5598,10,12,0,2023-11-28
SHIP03886,CUST3078,Cosmetics,B,Road,Bangalore-Chennai,2,5,1610.44,2,43.0,4349,3,5,0,2023-01-02
SHIP03887,CUST4894,Home & Garden,F,Ship,Bangalore-Chennai,4,2,2841.28,8,31.7,6365,6,7,0,2023-10-03
SHIP03888,CUST6753,Sporting Goods,A,Ship,Hyderabad-Pune,2,2,4706.72,5,23.6,5296,7,10,0,2023-06-15
SHIP03889,CUST9445,Books,B,Flight,Kolkata-Delhi,6,2,3273.43,1,57.7,1668,8,10,0,2023-03-18
SHIP03890,CUST8999,Home & Garden,B,Ship,Bangalore-Chennai,6,2,2976.39,1,17.7,5793,3,4,0,2023-06-14
SHIP03891,CUST5876,Electronics,D,Flight,Hyderabad-Pune,3,2,3295.21,2,30.2,5161,3,8,0,2023-12-13
SHIP03892,CUST5313,Sporting Goods,A,Ship,Hyderabad-Pune,5,1,2418.71,2,33.4,3762,4,5,0,2023-06-18
SHIP03893,CUST5431,Sporting Goods,C,Ship,Delhi-Mumbai,5,2,2162.35,8,59.2,5233,7,10,0,2023-09-05
SHIP03894,CUST1362,Cosmetics,B,Ship,Delhi-Mumbai,5,1,1841.91,0,5.2,5077,9,10,0,2023-10-04
SHIP03895,CUST6272,Cosmetics,C,Road,Delhi-Bangalore,6,5,731.35,5,64.6,6713,7,12,0,2023-04-18
SHIP03896,CUST7908,Sporting Goods,A,Road,Bangalore-Chennai,5,3,2179.3,0,0.1,3780,8,13,0,2023-11-22
SHIP03897,CUST7228,Fashion,C,Road,Delhi-Bangalore,3,5,3263.06,4,51.0,6557,4,4,1,2023-04-19
SHIP03898,CUST6651,Electronics,F,Road,Delhi-Mumbai,4,4,4530.32,4,45.1,4481,3,2,1,2023-03-11
SHIP03899,CUST8750,Books,D,Ship,Mumbai-Chennai,5,4,2473.55,7,25.1,1445,3,6,0,2023-07-04
SHIP03900,CUST3163,Books,F,Road,Delhi-Mumbai,5,1,4307.41,0,2.4,6658,6,7,0,2023-08-14
SHIP03901,CUST8539,Home & Garden,A,Road,Delhi-Mumbai,7,3,4457.95,2,3.0,2261,9,9,1,2023-05-17
SHIP03902,CUST6177,Sporting Goods,D,Flight,Kolkata-Delhi,2,2,4922.03,6,64.5,6345,5,5,1,2023-01-08
SHIP03903,CUST7195,Home & Garden,D,Flight,Bangalore-Chennai,3,3,780.03,8,26.9,3652,5,8,0,2023-09-03
SHIP03904,CUST1400,Books,D,Flight,Mumbai-Chennai,5,4,2673.2,6,20.1,5179,9,12,0,2023-07-04
SHIP03905,CUST1736,Electronics,A,Ship,Mumbai-Chennai,3,3,2085.53,4,22.1,3042,10,9,1,2023-04-25
SHIP03906,CUST9351,Home & Garden,B,Road,Mumbai-Chennai,6,5,1502.17,7,0.4,1968,6,7,0,2023-08-16
SHIP03907,CUST6389,Books,D,Ship,Delhi-Bangalore,4,1,2194.26,5,42.2,1537,7,8,0,2023-01-19
SHIP03908,CUST2976,Fashion,F,Road,Kolkata-Delhi,7,3,3309.28,5,21.2,3288,4,7,0,2023-07-21
SHIP03909,CUST9593,Electronics,B,Ship,Bangalore-Chennai,2,3,475.13,7,55.1,4784,5,5,1,2023-10-22
SHIP03910,CUST1095,Electronics,D,Flight,Bangalore-Chennai,7,4,1543.11,3,24.6,3162,4,3,1,2023-09-24
SHIP03911,CUST9515,Home & Garden,F,Ship,Kolkata-Delhi,1,3,1194.42,6,37.3,3222,3,8,0,2023-10-31
SHIP03912,CUST4366,Books,C,Flight,Kolkata-Delhi,6,5,2712.75,3,46.5,4423,10,11,0,2023-11-06
SHIP03913,CUST2485,Books,F,Road,Kolkata-Delhi,7,4,1977.19,5,34.0,1456,4,6,0,2023-11-20
SHIP03914,CUST7787,Books,C,Ship,Bangalore-Chennai,1,4,4202.42,0,41.6,1226,7,7,1,2023-02-11
SHIP03915,CUST2061,Fashion,D,Ship,Mumbai-Chennai,3,4,1566.04,2,58.9,5354,8,8,1,2023-12-06
SHIP03916,CUST7018,Sporting Goods,D,Flight,Hyderabad-Pune,3,3,2869.87,1,41.6,4405,7,8,0,2023-11-15
SHIP03917,CUST9126,Sporting Goods,B,Flight,Delhi-Bangalore,1,5,3505.13,3,22.7,3515,4,4,1,2023-01-18
SHIP03918,CUST5287,Home & Garden,F,Road,Delhi-Bangalore,2,2,4073.44,8,3.6,2483,4,4,1,2023-05-01
SHIP03919,CUST9191,Electronics,A,Flight,Delhi-Bangalore,7,4,1422.96,3,21.6,3318,7,8,0,2023-06-13
SHIP03920,CUST4295,Fashion,D,Road,Delhi-Mumbai,2,2,588.21,4,41.2,1272,5,8,0,2023-07-30
SHIP03921,CUST1728,Cosmetics,A,Road,Kolkata-Delhi,4,2,4169.04,4,13.5,3292,5,8,0,2023-02-08
SHIP03922,CUST7149,Fashion,B,Road,Mumbai-Chennai,4,3,461.8,6,41.5,5853,9,8,1,2023-04-03
SHIP03923,CUST6419,Fashion,A,Flight,Bangalore-Chennai,6,1,1418.02,3,61.6,1780,10,9,1,2023-03-29
SHIP03924,CUST4243,Books,D,Road,Mumbai-Chennai,1,3,3678.09,4,34.8,2388,10,10,1,2023-11-29
SHIP03925,CUST3321,Books,B,Flight,Mumbai-Chennai,6,4,853.45,2,16.7,3617,9,8,1,2023-11-21
SHIP03926,CUST1744,Cosmetics,A,Ship,Delhi-Bangalore,5,1,120.91,5,42.6,5950,8,13,0,2023-05-02
SHIP03927,CUST3705,Fashion,C,Ship,Hyderabad-Pune,4,1,3784.85,6,36.6,6444,5,7,0,2023-07-06
SHIP03928,CUST6996,Home & Garden,D,Ship,Hyderabad-Pune,3,5,2818.59,8,50.1,5559,6,6,1,2023-06-21
SHIP03929,CUST8188,Home & Garden,F,Flight,Hyderabad-Pune,5,1,314.6,5,46.6,5000,7,7,1,2023-11-10
SHIP03930,CUST9595,Electronics,D,Road,Bangalore-Chennai,2,4,3185.35,0,37.6,3366,6,11,0,2023-04-14
SHIP03931,CUST8470,Home & Garden,A,Ship,Kolkata-Delhi,7,3,176.04,6,44.2,4208,3,4,0,2023-05-09
SHIP03932,CUST9451,Sporting Goods,F,Road,Bangalore-Chennai,1,4,1683.07,6,56.4,5070,8,13,0,2023-06-15
SHIP03933,CUST3772,Home & Garden,B,Ship,Mumbai-Chennai,2,1,400.17,3,44.9,5703,5,5,1,2023-04-14
SHIP03934,CUST8038,Sporting Goods,D,Ship,Bangalore-Chennai,7,2,1970.83,3,22.1,1643,4,9,0,2023-01-20
SHIP03935,CUST3408,Electronics,B,Road,Kolkata-Delhi,1,2,4097.07,3,10.3,4368,4,9,0,2023-06-04
SHIP03936,CUST3156,Books,C,Flight,Mumbai-Chennai,2,2,1380.11,2,11.1,2964,4,5,0,2023-01-02
SHIP03937,CUST3154,Books,A,Ship,Delhi-Mumbai,1,2,734.12,8,61.0,2403,3,3,1,2023-04-29
SHIP03938,CUST4863,Home & Garden,A,Road,Hyderabad-Pune,7,4,2879.15,3,21.8,2325,5,6,0,2023-12-06
SHIP03939,CUST8941,Cosmetics,B,Road,Mumbai-Chennai,6,5,1446.5,7,52.0,3341,8,10,0,2023-03-01
SHIP03940,CUST8443,Cosmetics,F,Flight,Delhi-Bangalore,4,1,4535.01,0,35.9,1002,3,8,0,2023-10-03
SHIP03941,CUST1880,Cosmetics,B,Ship,Kolkata-Delhi,1,2,2477.26,3,59.1,6909,10,9,1,2023-11-02
SHIP03942,CUST3684,Cosmetics,A,Flight,Bangalore-Chennai,7,2,2203.68,2,18.9,5900,8,10,0,2023-08-29
SHIP03943,CUST8452,Fashion,F,Road,Bangalore-Chennai,2,3,1051.8,8,10.2,3288,10,14,0,2023-08-19
SHIP03944,CUST3621,Fashion,B,Ship,Hyderabad-Pune,7,2,1064.29,1,12.8,3665,9,9,1,2023-11-01
SHIP03945,CUST4563,Home & Garden,F,Ship,Kolkata-Delhi,2,4,3440.0,4,59.8,1347,5,9,0,2023-03-25
SHIP03946,CUST2219,Fashion,C,Flight,Delhi-Bangalore,2,5,4938.0,4,52.7,4177,4,5,0,2023-06-03
SHIP03947,CUST9559,Books,F,Ship,Hyderabad-Pune,6,2,4534.77,5,2.2,4399,10,14,0,2023-01-14
SHIP03948,CUST4099,Fashion,D,Flight,Delhi-Mumbai,3,2,4309.43,8,53.2,6958,5,9,0,2023-11-11
SHIP03949,CUST8320,Sporting Goods,F,Flight,Hyderabad-Pune,1,5,206.0,3,49.6,5745,6,6,1,2023-09-25
SHIP03950,CUST8900,Home & Garden,F,Flight,Delhi-Mumbai,5,2,1792.28,7,8.4,2490,7,8,0,2023-10-15
SHIP03951,CUST8897,Electronics,F,Flight,Delhi-Mumbai,5,4,3054.72,4,32.7,3441,6,5,1,2023-01-03
SHIP03952,CUST5671,Cosmetics,C,Ship,Bangalore-Chennai,5,1,1417.5,3,48.1,6294,9,13,0,2023-08-22
SHIP03953,CUST1677,Sporting Goods,D,Road,Delhi-Bangalore,6,2,2344.56,0,48.5,3727,9,14,0,2023-07-05
SHIP03954,CUST7045,Books,C,Road,Delhi-Mumbai,7,1,3755.38,0,58.0,4014,5,9,0,2023-12-16
SHIP03955,CUST3915,Books,C,Ship,Delhi-Bangalore,4,4,2283.92,8,1.7,6303,8,12,0,2023-07-30
SHIP03956,CUST7591,Home & Garden,D,Ship,Delhi-Bangalore,2,4,4125.32,2,54.7,3661,7,6,1,2023-06-10
SHIP03957,CUST1384,Cosmetics,C,Flight,Bangalore-Chennai,6,2,787.14,6,41.2,3416,6,10,0,2023-03-21
SHIP03958,CUST4403,Cosmetics,A,Flight,Delhi-Bangalore,7,3,1031.31,1,2.8,1532,6,7,0,2023-01-31
SHIP03959,CUST9740,Fashion,A,Road,Bangalore-Chennai,3,2,3660.37,1,48.6,2526,8,12,0,2023-07-30
SHIP03960,CUST7583,Home & Garden,F,Flight,Mumbai-Chennai,4,5,2371.36,6,28.5,6128,5,6,0,2023-03-25
SHIP03961,CUST3675,Sporting Goods,D,Road,Delhi-Bangalore,1,4,4915.06,0,29.9,1649,9,10,0,2023-05-25
SHIP03962,CUST1600,Electronics,B,Flight,Mumbai-Chennai,5,1,1922.41,4,61.3,1858,3,7,0,2023-02-05
SHIP03963,CUST8903,Home & Garden,F,Road,Delhi-Mumbai,1,3,1355.27,1,53.7,6389,4,8,0,2023-09-18
SHIP03964,CUST4151,Books,A,Road,Mumbai-Chennai,5,2,4996.04,4,36.9,2703,3,5,0,2023-03-28
SHIP03965,CUST5737,Electronics,C,Ship,Delhi-Bangalore,1,1,2346.26,4,44.5,2695,3,7,0,2023-08-01
SHIP03966,CUST7069,Electronics,B,Ship,Mumbai-Chennai,6,5,2616.46,8,20.6,4170,4,3,1,2023-06-28
SHIP03967,CUST8288,Home & Garden,A,Flight,Delhi-Mumbai,3,5,1216.93,1,21.6,1172,9,8,1,2023-08-09
SHIP03968,CUST3155,Cosmetics,D,Ship,Bangalore-Chennai,2,1,1779.53,3,35.1,1940,8,7,1,2023-05-17
SHIP03969,CUST2924,Electronics,D,Ship,Bangalore-Chennai,4,1,1354.67,5,40.1,3156,4,5,0,2023-03-04
SHIP03970,CUST2720,Books,D,Flight,Delhi-Mumbai,6,3,4773.51,7,12.1,3601,4,3,1,2023-07-21
SHIP03971,CUST1590,Cosmetics,B,Flight,Delhi-Mumbai,2,2,133.79,2,20.9,1260,8,8,1,2023-03-04
SHIP03972,CUST5925,Electronics,F,Road,Kolkata-Delhi,6,1,3724.48,6,43.8,2051,7,8,0,2023-04-01
SHIP03973,CUST4846,Cosmetics,A,Ship,Bangalore-Chennai,1,5,3703.38,3,50.8,5839,8,13,0,2023-04-28
SHIP03974,CUST5405,Electronics,A,Road,Hyderabad-Pune,6,5,659.89,7,61.2,1906,4,9,0,2023-12-28
SHIP03975,CUST4026,Sporting Goods,F,Flight,Mumbai-Chennai,6,1,1743.61,4,40.5,3915,5,9,0,2023-12-25
SHIP03976,CUST5880,Books,C,Ship,Delhi-Bangalore,4,4,1376.93,2,31.1,5362,7,11,0,2023-04-09
SHIP03977,CUST7450,Cosmetics,C,Road,Delhi-Mumbai,1,1,1737.95,2,36.8,6976,9,13,0,2023-11-01
SHIP03978,CUST3431,Home & Garden,B,Ship,Bangalore-Chennai,4,4,2406.66,8,15.2,4157,5,9,0,2023-08-28
SHIP03979,CUST2091,Electronics,D,Ship,Hyderabad-Pune,6,2,1332.08,0,32.7,2827,10,12,0,2023-09-17
SHIP03980,CUST4587,Fashion,A,Flight,Kolkata-Delhi,5,2,368.34,2,43.7,4541,8,7,1,2023-12-22
SHIP03981,CUST7346,Books,B,Ship,Delhi-Mumbai,4,2,2989.19,5,47.7,6564,9,8,1,2023-12-30
SHIP03982,CUST7572,Electronics,F,Flight,Hyderabad-Pune,4,1,4890.0,0,36.1,1013,5,7,0,2023-11-26
SHIP03983,CUST3957,Books,D,Flight,Kolkata-Delhi,2,4,201.13,8,27.1,2693,6,9,0,2023-01-14
SHIP03984,CUST6676,Electronics,D,Flight,Bangalore-Chennai,4,4,2198.22,5,23.0,5310,6,11,0,2023-10-26
SHIP03985,CUST6566,Electronics,F,Ship,Hyderabad-Pune,2,1,2138.84,2,23.4,6667,3,7,0,2023-01-19
SHIP03986,CUST8062,Home & Garden,C,Ship,Hyderabad-Pune,5,3,3896.7,2,17.0,4422,3,4,0,2023-07-09
SHIP03987,CUST7091,Electronics,B,Road,Bangalore-Chennai,7,5,3089.1,0,28.6,1755,4,6,0,2023-01-25
SHIP03988,CUST9269,Electronics,C,Road,Hyderabad-Pune,2,4,2517.25,4,39.6,2941,4,9,0,2023-11-19
SHIP03989,CUST8371,Cosmetics,C,Road,Bangalore-Chennai,1,1,3857.44,6,28.5,4042,5,10,0,2023-02-17
SHIP03990,CUST1665,Home & Garden,B,Flight,Mumbai-Chennai,6,2,3715.27,1,21.6,4651,3,7,0,2023-12-08
SHIP03991,CUST3167,Fashion,F,Flight,Delhi-Mumbai,6,5,1314.17,8,25.6,2620,8,12,0,2023-12-07
SHIP03992,CUST9121,Home & Garden,F,Flight,Kolkata-Delhi,7,3,4424.2,7,61.8,2666,3,3,1,2023-08-06
SHIP03993,CUST5068,Home & Garden,D,Flight,Delhi-Bangalore,5,2,2532.7,8,6.8,1464,8,7,1,2023-06-11
SHIP03994,CUST1422,Fashion,D,Road,Delhi-Mumbai,7,1,666.81,3,41.2,1045,10,13,0,2023-01-23
SHIP03995,CUST5212,Electronics,D,Ship,Hyderabad-Pune,6,5,220.48,7,22.6,6769,5,10,0,2023-05-03
SHIP03996,CUST7530,Electronics,F,Ship,Kolkata-Delhi,4,3,1630.91,0,18.2,5833,8,7,1,2023-07-25
SHIP03997,CUST7531,Books,A,Flight,Bangalore-Chennai,2,2,3478.37,7,44.8,4636,7,11,0,2023-12-10
SHIP03998,CUST1305,Home & Garden,C,Road,Delhi-Mumbai,2,4,194.7,2,34.0,3476,5,7,0,2023-02-23
SHIP03999,CUST3328,Electronics,F,Road,Mumbai-Chennai,4,5,2585.0,6,58.7,6118,9,10,0,2023-06-19
SHIP04000,CUST8369,Home & Garden,C,Ship,Hyderabad-Pune,1,5,308.98,3,35.2,5558,6,11,0,2023-04-09
SHIP04001,CUST5976,Home & Garden,C,Ship,Bangalore-Chennai,6,2,3381.17,7,58.8,4094,10,12,0,2023-02-13
SHIP04002,CUST9390,Home & Garden,D,Flight,Delhi-Bangalore,7,4,3053.97,7,25.5,2770,3,6,0,2023-02-01
SHIP04003,CUST5176,Fashion,F,Ship,Delhi-Mumbai,2,3,4669.18,2,41.7,5400,4,7,0,2023-04-22
SHIP04004,CUST5839,Cosmetics,A,Flight,Delhi-Mumbai,7,2,645.67,6,32.0,1037,8,8,1,2023-04-14
SHIP04005,CUST1323,Cosmetics,D,Flight,Hyderabad-Pune,5,4,2559.98,2,45.9,2060,9,8,1,2023-02-15
SHIP04006,CUST6906,Sporting Goods,B,Road,Delhi-Bangalore,5,3,1327.66,0,40.8,3462,8,13,0,2023-08-04
SHIP04007,CUST1291,Books,B,Road,Hyderabad-Pune,4,2,2682.33,3,48.5,4088,7,11,0,2023-06-22
SHIP04008,CUST9571,Electronics,C,Flight,Hyderabad-Pune,5,4,4982.52,2,39.3,4313,9,12,0,2023-01-12
SHIP04009,CUST4652,Electronics,C,Road,Delhi-Bangalore,1,4,181.61,1,40.2,3387,8,8,1,2023-04-04
SHIP04010,CUST1374,Electronics,C,Ship,Hyderabad-Pune,6,2,4568.94,3,60.4,3270,10,13,0,2023-08-06
SHIP04011,CUST9647,Fashion,F,Road,Bangalore-Chennai,3,3,1439.53,1,33.0,2632,8,7,1,2023-04-02
SHIP04012,CUST2770,Home & Garden,D,Road,Mumbai-Chennai,2,3,215.81,4,14.5,2088,10,13,0,2023-09-24
SHIP04013,CUST6825,Books,A,Road,Bangalore-Chennai,7,1,2272.09,6,29.1,3727,3,8,0,2023-04-13
SHIP04014,CUST6256,Fashion,C,Flight,Bangalore-Chennai,6,4,3593.6,3,25.5,4705,8,7,1,2023-01-18
SHIP04015,CUST2113,Home & Garden,B,Flight,Kolkata-Delhi,3,1,4975.95,1,54.0,2834,6,6,1,2023-07-19
SHIP04016,CUST8155,Cosmetics,A,Road,Mumbai-Chennai,5,2,4807.62,4,42.4,4412,5,8,0,2023-06-11
SHIP04017,CUST2231,Cosmetics,F,Ship,Bangalore-Chennai,4,3,3748.44,7,13.2,4168,7,10,0,2023-06-25
SHIP04018,CUST1483,Electronics,D,Road,Mumbai-Chennai,7,1,3017.79,4,1.7,6944,4,5,0,2023-07-20
SHIP04019,CUST3540,Home & Garden,D,Road,Hyderabad-Pune,7,2,4534.13,5,60.3,6363,3,2,1,2023-10-29
SHIP04020,CUST8309,Sporting Goods,B,Road,Hyderabad-Pune,4,4,2444.85,5,16.9,2098,9,14,0,2023-03-06
SHIP04021,CUST2989,Home & Garden,C,Ship,Delhi-Bangalore,4,3,3327.59,0,50.7,5355,6,7,0,2023-08-30
SHIP04022,CUST8070,Home & Garden,B,Road,Delhi-Bangalore,6,4,2445.52,6,11.6,4029,5,7,0,2023-07-02
SHIP04023,CUST5234,Electronics,B,Flight,Hyderabad-Pune,6,5,3804.33,3,39.3,3959,7,8,0,2023-12-12
SHIP04024,CUST7542,Books,C,Road,Delhi-Bangalore,2,1,4294.59,4,28.5,3717,8,9,0,2023-05-02
SHIP04025,CUST7516,Home & Garden,F,Road,Bangalore-Chennai,2,5,3341.68,0,4.4,5605,7,8,0,2023-09-11
SHIP04026,CUST3693,Cosmetics,A,Flight,Delhi-Bangalore,5,5,1722.69,2,56.3,5255,10,12,0,2023-12-20
SHIP04027,CUST9482,Fashion,C,Road,Bangalore-Chennai,7,3,1201.08,2,53.5,6078,10,9,1,2023-06-30
SHIP04028,CUST9996,Home & Garden,C,Flight,Delhi-Bangalore,7,3,397.37,4,53.3,5387,10,14,0,2023-05-03
SHIP04029,CUST7951,Sporting Goods,F,Flight,Bangalore-Chennai,6,5,3585.1,8,41.4,1383,3,4,0,2023-12-24
SHIP04030,CUST5176,Books,B,Flight,Delhi-Bangalore,3,4,4045.56,1,7.2,4648,10,12,0,2023-04-13
SHIP04031,CUST9798,Electronics,C,Flight,Delhi-Mumbai,7,4,868.61,7,13.8,4880,10,10,1,2023-09-03
SHIP04032,CUST9114,Fashion,A,Flight,Delhi-Mumbai,6,2,4538.44,1,25.9,4402,4,4,1,2023-09-28
SHIP04033,CUST6090,Books,D,Road,Bangalore-Chennai,5,5,3642.6,6,31.2,4221,4,6,0,2023-03-28
SHIP04034,CUST9228,Fashion,B,Flight,Kolkata-Delhi,5,2,717.2,7,26.3,5522,5,9,0,2023-02-08
SHIP04035,CUST8468,Electronics,D,Flight,Delhi-Mumbai,6,3,2642.18,5,29.9,2154,9,11,0,2023-01-22
SHIP04036,CUST7071,Books,B,Ship,Mumbai-Chennai,2,5,2563.5,0,51.0,2549,8,10,0,2023-10-02
SHIP04037,CUST4648,Cosmetics,B,Flight,Mumbai-Chennai,3,2,4978.57,7,54.1,1785,7,12,0,2023-02-05
SHIP04038,CUST9485,Fashion,B,Ship,Hyderabad-Pune,1,5,1732.91,7,6.0,5945,4,5,0,2023-06-11
SHIP04039,CUST8123,Cosmetics,D,Road,Kolkata-Delhi,6,5,1067.35,1,13.6,4204,3,5,0,2023-01-14
SHIP04040,CUST4218,Fashion,D,Flight,Delhi-Bangalore,3,3,4939.83,3,62.5,3005,7,8,0,2023-05-05
SHIP04041,CUST2450,Electronics,A,Ship,Mumbai-Chennai,3,4,2310.65,1,19.0,5823,6,10,0,2023-03-31
SHIP04042,CUST8356,Cosmetics,A,Ship,Delhi-Mumbai,6,4,109.13,6,34.6,6943,8,13,0,2023-10-20
SHIP04043,CUST4214,Fashion,A,Ship,Mumbai-Chennai,7,2,1715.78,5,25.2,2580,5,6,0,2023-10-10
SHIP04044,CUST9360,Sporting Goods,B,Flight,Hyderabad-Pune,4,2,2154.85,4,63.9,3555,9,14,0,2023-08-30
SHIP04045,CUST2918,Electronics,D,Ship,Delhi-Bangalore,7,4,4311.23,3,36.7,6191,7,10,0,2023-09-17
SHIP04046,CUST1377,Home & Garden,B,Road,Mumbai-Chennai,2,5,3088.15,2,49.2,1733,3,5,0,2023-12-30
SHIP04047,CUST5303,Fashion,C,Ship,Kolkata-Delhi,5,4,2753.33,2,3.9,5743,5,6,0,2023-08-17
SHIP04048,CUST3201,Electronics,A,Ship,Delhi-Mumbai,2,5,840.02,8,12.5,5880,6,9,0,2023-09-03
SHIP04049,CUST1042,Books,C,Road,Mumbai-Chennai,3,4,4922.88,1,28.2,1498,3,2,1,2023-07-08
SHIP04050,CUST4890,Electronics,C,Road,Delhi-Mumbai,1,3,3442.55,4,56.6,5266,9,12,0,2023-01-18
SHIP04051,CUST4286,Electronics,C,Ship,Delhi-Bangalore,4,1,4587.02,7,17.0,2521,3,2,1,2023-12-25
SHIP04052,CUST2961,Home & Garden,C,Road,Mumbai-Chennai,5,5,737.26,1,49.3,4882,4,8,0,2023-02-25
SHIP04053,CUST1773,Sporting Goods,A,Ship,Kolkata-Delhi,3,1,2501.51,6,20.6,6729,4,7,0,2023-07-14
SHIP04054,CUST5958,Sporting Goods,B,Flight,Delhi-Mumbai,5,1,4460.28,1,27.3,5258,5,4,1,2023-07-08
SHIP04055,CUST6575,Books,B,Road,Kolkata-Delhi,1,5,1986.51,3,39.6,3981,3,2,1,2023-02-12
SHIP04056,CUST9075,Fashion,B,Ship,Delhi-Mumbai,7,5,2128.86,1,24.2,3742,6,10,0,2023-05-17
SHIP04057,CUST1474,Home & Garden,B,Ship,Mumbai-Chennai,4,2,4642.63,8,35.5,5600,6,11,0,2023-11-19
SHIP04058,CUST9117,Electronics,C,Flight,Mumbai-Chennai,5,3,1681.25,1,44.4,5670,3,8,0,2023-06-03
SHIP04059,CUST1517,Home & Garden,D,Road,Mumbai-Chennai,1,1,4567.13,3,24.0,5643,6,6,1,2023-05-25
SHIP04060,CUST4841,Sporting Goods,F,Ship,Bangalore-Chennai,4,4,2538.31,0,40.6,6555,4,8,0,2023-01-01
SHIP04061,CUST9312,Home & Garden,F,Flight,Hyderabad-Pune,6,1,1379.69,3,39.4,2182,8,8,1,2023-02-07
SHIP04062,CUST9701,Sporting Goods,B,Flight,Hyderabad-Pune,7,3,2471.94,3,39.6,5459,3,2,1,2023-09-21
SHIP04063,CUST1388,Fashion,D,Flight,Delhi-Bangalore,7,1,851.68,5,62.9,5546,3,3,1,2023-09-02
SHIP04064,CUST6011,Sporting Goods,C,Ship,Bangalore-Chennai,1,4,1334.84,7,61.6,1636,9,12,0,2023-11-25
SHIP04065,CUST6719,Books,A,Flight,Delhi-Mumbai,3,1,3743.76,8,6.6,6819,6,7,0,2023-01-12
SHIP04066,CUST1548,Electronics,A,Flight,Hyderabad-Pune,7,3,1591.66,1,47.0,2107,9,8,1,2023-09-11
SHIP04067,CUST9295,Electronics,A,Road,Hyderabad-Pune,3,3,910.53,5,57.5,6732,6,10,0,2023-05-09
SHIP04068,CUST6916,Cosmetics,A,Flight,Mumbai-Chennai,1,2,3349.5,8,29.0,1513,9,9,1,2023-06-15
SHIP04069,CUST3116,Electronics,C,Ship,Hyderabad-Pune,3,1,2531.64,6,7.1,1788,3,6,0,2023-04-08
SHIP04070,CUST3581,Home & Garden,A,Road,Kolkata-Delhi,6,3,4647.58,2,60.5,4369,7,10,0,2023-04-30
SHIP04071,CUST7357,Cosmetics,F,Flight,Hyderabad-Pune,1,1,109.05,1,10.7,2696,4,4,1,2023-03-05
SHIP04072,CUST3008,Cosmetics,D,Road,Kolkata-Delhi,3,3,3165.66,6,42.3,3013,6,10,0,2023-01-12
SHIP04073,CUST4148,Cosmetics,F,Flight,Delhi-Mumbai,3,2,1605.68,6,57.9,2435,5,5,1,2023-10-08
SHIP04074,CUST5322,Books,F,Road,Delhi-Mumbai,3,2,2610.95,0,22.3,6027,3,7,0,2023-09-07
SHIP04075,CUST5429,Fashion,F,Road,Delhi-Mumbai,4,5,1234.02,2,21.5,4650,8,7,1,2023-11-11
SHIP04076,CUST1430,Books,F,Flight,Delhi-Bangalore,4,3,4772.13,1,62.0,4053,10,10,1,2023-02-13
SHIP04077,CUST9338,Books,A,Flight,Mumbai-Chennai,3,1,2803.87,5,46.7,4015,4,5,0,2023-08-24
SHIP04078,CUST5194,Fashion,C,Ship,Delhi-Bangalore,1,4,1071.42,8,19.9,3166,5,8,0,2023-08-06
SHIP04079,CUST3811,Sporting Goods,F,Ship,Bangalore-Chennai,2,1,4466.49,1,41.8,4759,10,14,0,2023-12-10
SHIP04080,CUST2742,Books,B,Road,Mumbai-Chennai,2,1,1630.6,5,54.7,5224,5,7,0,2023-06-10
SHIP04081,CUST5767,Home & Garden,D,Ship,Bangalore-Chennai,3,2,396.73,0,57.4,3298,4,4,1,2023-02-24
SHIP04082,CUST1249,Electronics,A,Ship,Delhi-Mumbai,3,4,1581.6,4,12.0,3310,4,4,1,2023-01-09
SHIP04083,CUST8833,Sporting Goods,A,Flight,Mumbai-Chennai,6,5,776.66,2,58.0,4885,6,8,0,2023-11-25
SHIP04084,CUST8002,Electronics,C,Road,Kolkata-Delhi,4,5,4681.66,7,39.8,5244,3,7,0,2023-03-06
SHIP04085,CUST6759,Cosmetics,F,Flight,Bangalore-Chennai,7,3,481.5,3,22.6,4668,10,14,0,2023-04-05
SHIP04086,CUST7231,Cosmetics,B,Road,Kolkata-Delhi,6,4,1031.0,6,32.9,1328,9,14,0,2023-05-29
SHIP04087,CUST5631,Cosmetics,C,Ship,Bangalore-Chennai,7,3,3211.49,2,3.0,1541,10,9,1,2023-02-24
SHIP04088,CUST1134,Books,C,Ship,Delhi-Bangalore,6,3,4666.48,3,15.3,6879,5,10,0,2023-09-05
SHIP04089,CUST2404,Home & Garden,B,Ship,Delhi-Mumbai,4,1,2213.77,6,48.0,6090,5,5,1,2023-10-10
SHIP04090,CUST6036,Cosmetics,F,Flight,Delhi-Mumbai,4,1,648.83,8,52.5,5751,10,11,0,2023-12-14
SHIP04091,CUST2928,Home & Garden,D,Road,Kolkata-Delhi,2,2,2956.2,3,32.2,3637,8,7,1,2023-02-26
SHIP04092,CUST1171,Fashion,D,Flight,Delhi-Bangalore,2,4,4363.37,4,22.0,5173,8,11,0,2023-07-25
SHIP04093,CUST4383,Cosmetics,A,Flight,Kolkata-Delhi,6,5,2534.64,0,33.7,1188,7,11,0,2023-07-12
SHIP04094,CUST8528,Books,A,Ship,Kolkata-Delhi,5,3,3197.45,4,3.2,2279,8,12,0,2023-12-22
SHIP04095,CUST9338,Sporting Goods,C,Ship,Mumbai-Chennai,3,2,2263.65,3,26.4,4504,10,15,0,2023-05-14
SHIP04096,CUST9826,Cosmetics,D,Ship,Delhi-Mumbai,5,5,472.5,1,34.2,5012,3,4,0,2023-06-08
SHIP04097,CUST5847,Cosmetics,D,Flight,Hyderabad-Pune,4,4,4864.68,4,24.4,2027,10,14,0,2023-04-23
SHIP04098,CUST4970,Books,A,Road,Hyderabad-Pune,7,5,612.32,6,32.2,3333,10,10,1,2023-12-21
SHIP04099,CUST6490,Home & Garden,C,Flight,Bangalore-Chennai,4,5,2338.18,0,47.1,5924,4,9,0,2023-04-20
SHIP04100,CUST1905,Home & Garden,C,Flight,Delhi-Bangalore,1,1,449.06,3,6.8,3147,3,5,0,2023-08-15
SHIP04101,CUST3819,Home & Garden,F,Ship,Delhi-Mumbai,6,2,2916.03,8,23.2,4668,4,4,1,2023-08-30
SHIP04102,CUST7008,Home & Garden,C,Road,Bangalore-Chennai,2,3,4271.22,1,32.4,3365,5,6,0,2023-01-27
SHIP04103,CUST3556,Books,D,Flight,Delhi-Bangalore,7,3,1158.53,4,10.0,2107,8,10,0,2023-06-14
SHIP04104,CUST3083,Electronics,C,Ship,Delhi-Mumbai,4,3,4532.13,6,2.7,2326,5,4,1,2023-04-05
SHIP04105,CUST2010,Books,A,Road,Mumbai-Chennai,5,4,2154.93,6,29.3,2899,9,10,0,2023-03-22
SHIP04106,CUST1549,Electronics,F,Ship,Delhi-Bangalore,1,5,1778.11,3,51.3,1485,10,10,1,2023-07-11
SHIP04107,CUST7921,Books,C,Ship,Kolkata-Delhi,5,4,4560.96,1,43.7,3750,8,12,0,2023-01-01
SHIP04108,CUST6754,Fashion,B,Flight,Mumbai-Chennai,5,3,453.73,0,52.0,6549,7,8,0,2023-12-09
SHIP04109,CUST7148,Cosmetics,D,Road,Delhi-Mumbai,3,1,4743.45,6,9.3,2527,5,4,1,2023-10-03
SHIP04110,CUST2963,Books,D,Flight,Delhi-Mumbai,5,4,2416.6,2,57.9,4340,4,9,0,2023-07-05
SHIP04111,CUST8051,Home & Garden,B,Ship,Mumbai-Chennai,6,2,1425.37,2,11.7,5057,3,4,0,2023-09-25
SHIP04112,CUST2288,Books,A,Flight,Kolkata-Delhi,2,2,802.7,7,16.5,5894,3,4,0,2023-04-22
SHIP04113,CUST4153,Books,D,Flight,Mumbai-Chennai,2,5,3665.35,0,5.3,4210,8,11,0,2023-10-18
SHIP04114,CUST8376,Fashion,F,Road,Delhi-Mumbai,1,1,412.33,3,2.2,3867,10,14,0,2023-09-29
SHIP04115,CUST3464,Fashion,F,Ship,Mumbai-Chennai,2,2,1130.83,7,21.8,3209,5,9,0,2023-10-25
SHIP04116,CUST1491,Cosmetics,B,Road,Delhi-Bangalore,3,3,2796.27,6,35.7,4356,7,12,0,2023-09-26
SHIP04117,CUST3774,Cosmetics,A,Flight,Bangalore-Chennai,6,3,1691.92,4,8.4,5796,3,4,0,2023-02-26
SHIP04118,CUST8681,Electronics,B,Ship,Mumbai-Chennai,6,4,479.26,6,39.8,1285,6,6,1,2023-12-04
SHIP04119,CUST7226,Electronics,A,Ship,Hyderabad-Pune,7,4,3343.78,5,17.1,1676,7,9,0,2023-12-09
SHIP04120,CUST4250,Cosmetics,D,Ship,Delhi-Bangalore,5,4,2346.17,0,21.5,2684,3,8,0,2023-05-16
SHIP04121,CUST4893,Cosmetics,B,Flight,Kolkata-Delhi,6,3,3880.95,6,0.6,5401,8,10,0,2023-03-28
SHIP04122,CUST2393,Sporting Goods,F,Ship,Kolkata-Delhi,3,4,3687.04,2,56.0,6515,8,13,0,2023-02-14
SHIP04123,CUST2167,Electronics,A,Flight,Hyderabad-Pune,3,1,980.56,2,44.3,2462,9,11,0,2023-11-06
SHIP04124,CUST5770,Fashion,B,Ship,Hyderabad-Pune,2,3,1309.14,4,4.6,4629,4,6,0,2023-11-02
SHIP04125,CUST7394,Electronics,D,Flight,Mumbai-Chennai,6,4,892.8,4,56.1,3982,8,13,0,2023-09-02
SHIP04126,CUST1230,Cosmetics,F,Road,Delhi-Bangalore,2,3,333.49,3,47.7,2593,6,8,0,2023-08-10
SHIP04127,CUST7428,Books,A,Flight,Bangalore-Chennai,5,2,4274.31,6,34.0,4133,10,13,0,2023-04-22
SHIP04128,CUST8886,Sporting Goods,C,Flight,Mumbai-Chennai,2,1,223.7,2,52.8,4969,3,6,0,2023-01-12
SHIP04129,CUST4304,Books,D,Road,Delhi-Mumbai,3,4,4381.25,2,36.4,2923,8,7,1,2023-11-12
SHIP04130,CUST5339,Fashion,A,Ship,Kolkata-Delhi,3,4,4137.69,7,53.8,2865,6,8,0,2023-02-14
SHIP04131,CUST7678,Books,F,Road,Mumbai-Chennai,7,5,1705.87,2,32.4,4412,5,9,0,2023-03-15
SHIP04132,CUST5039,Cosmetics,F,Road,Delhi-Bangalore,2,3,245.92,7,11.3,5219,5,8,0,2023-05-07
SHIP04133,CUST6662,Sporting Goods,F,Ship,Bangalore-Chennai,6,4,4608.83,8,1.7,5146,4,9,0,2023-11-12
SHIP04134,CUST2022,Home & Garden,A,Road,Delhi-Bangalore,2,4,3643.56,7,9.5,3201,3,6,0,2023-10-01
SHIP04135,CUST4042,Cosmetics,C,Road,Mumbai-Chennai,2,4,2493.78,2,44.8,6823,7,8,0,2023-03-07
SHIP04136,CUST3419,Electronics,C,Flight,Delhi-Bangalore,2,3,345.9,1,25.5,5738,10,10,1,2023-04-05
SHIP04137,CUST8251,Home & Garden,C,Ship,Delhi-Mumbai,6,4,1757.43,1,27.4,5478,6,11,0,2023-04-06
SHIP04138,CUST6324,Electronics,B,Ship,Hyderabad-Pune,4,4,4085.4,0,61.7,3793,9,9,1,2023-06-01
SHIP04139,CUST7653,Cosmetics,C,Flight,Delhi-Mumbai,6,1,2608.98,3,59.3,2102,10,11,0,2023-03-18
SHIP04140,CUST4167,Books,F,Ship,Hyderabad-Pune,6,1,2732.96,6,21.4,3989,3,5,0,2023-03-21
SHIP04141,CUST4560,Cosmetics,F,Road,Bangalore-Chennai,7,5,1767.08,1,63.0,4752,3,8,0,2023-07-30
SHIP04142,CUST6819,Sporting Goods,F,Road,Delhi-Mumbai,5,4,4991.12,6,38.0,4325,9,13,0,2023-07-04
SHIP04143,CUST3259,Fashion,D,Flight,Mumbai-Chennai,5,5,3985.56,5,44.6,3370,3,7,0,2023-04-05
SHIP04144,CUST1074,Books,C,Ship,Bangalore-Chennai,3,2,1554.11,1,55.4,2272,6,8,0,2023-12-08
SHIP04145,CUST9150,Cosmetics,D,Flight,Bangalore-Chennai,3,2,987.42,1,55.8,6568,9,9,1,2023-03-03
SHIP04146,CUST2764,Books,F,Flight,Delhi-Bangalore,5,1,3373.95,0,59.6,3108,7,7,1,2023-11-27
SHIP04147,CUST8433,Home & Garden,A,Ship,Bangalore-Chennai,2,5,4647.76,8,15.4,5583,10,10,1,2023-02-23
SHIP04148,CUST4371,Fashion,B,Flight,Delhi-Mumbai,1,3,1638.96,5,5.7,2782,8,7,1,2023-09-17
SHIP04149,CUST4305,Books,C,Ship,Delhi-Mumbai,6,4,4818.89,1,58.1,4118,8,12,0,2023-08-07
SHIP04150,CUST6705,Home & Garden,D,Road,Delhi-Mumbai,6,3,4371.0,3,15.8,6234,6,11,0,2023-04-11
SHIP04151,CUST2765,Cosmetics,D,Road,Hyderabad-Pune,2,2,259.77,8,8.6,6283,5,6,0,2023-06-04
SHIP04152,CUST1680,Fashion,F,Flight,Mumbai-Chennai,4,1,3403.98,6,37.2,6625,7,8,0,2023-10-10
SHIP04153,CUST9425,Electronics,D,Road,Delhi-Bangalore,3,3,3024.92,3,6.9,3477,4,9,0,2023-10-16
SHIP04154,CUST6549,Electronics,B,Ship,Hyderabad-Pune,4,1,3954.79,6,30.3,3382,8,8,1,2023-08-03
SHIP04155,CUST2646,Cosmetics,A,Flight,Mumbai-Chennai,2,2,2318.11,0,31.5,6473,9,8,1,2023-08-09
SHIP04156,CUST2281,Fashion,D,Road,Mumbai-Chennai,4,1,2146.26,5,62.6,1639,6,8,0,2023-08-29
SHIP04157,CUST9661,Sporting Goods,C,Ship,Bangalore-Chennai,6,4,3146.79,7,9.1,5866,5,4,1,2023-08-21
SHIP04158,CUST1862,Home & Garden,A,Road,Kolkata-Delhi,2,5,1057.35,1,41.9,4635,9,11,0,2023-03-14
SHIP04159,CUST7309,Books,C,Flight,Mumbai-Chennai,1,1,3076.91,2,41.5,3822,10,11,0,2023-12-20
SHIP04160,CUST6486,Home & Garden,A,Flight,Kolkata-Delhi,7,1,2228.84,4,45.9,5435,6,5,1,2023-08-20
SHIP04161,CUST8635,Fashion,D,Flight,Mumbai-Chennai,3,3,2256.04,0,37.8,1729,7,6,1,2023-04-27
SHIP04162,CUST2012,Sporting Goods,C,Flight,Delhi-Bangalore,4,1,1168.53,5,42.0,2314,7,7,1,2023-07-02
SHIP04163,CUST4442,Fashion,F,Road,Kolkata-Delhi,4,5,1159.31,4,13.2,3940,5,5,1,2023-03-01
SHIP04164,CUST2770,Sporting Goods,D,Flight,Kolkata-Delhi,2,5,1873.66,6,45.7,6386,8,11,0,2023-10-24
SHIP04165,CUST5419,Fashion,D,Road,Kolkata-Delhi,2,4,2085.71,8,32.3,1629,5,5,1,2023-06-21
SHIP04166,CUST8163,Home & Garden,B,Road,Mumbai-Chennai,5,3,1800.77,3,39.4,4025,10,15,0,2023-03-01
SHIP04167,CUST9542,Sporting Goods,C,Road,Bangalore-Chennai,2,5,1391.98,6,15.3,1500,3,5,0,2023-12-07
SHIP04168,CUST9528,Home & Garden,C,Road,Bangalore-Chennai,3,1,2288.7,3,45.6,6048,10,14,0,2023-03-19
SHIP04169,CUST6115,Sporting Goods,A,Flight,Delhi-Bangalore,1,3,1336.92,0,37.7,4789,7,7,1,2023-02-13
SHIP04170,CUST3336,Sporting Goods,C,Flight,Mumbai-Chennai,1,3,210.69,5,10.3,6486,9,9,1,2023-06-09
SHIP04171,CUST8622,Electronics,B,Flight,Mumbai-Chennai,4,4,1963.76,3,3.2,4709,10,14,0,2023-12-20
SHIP04172,CUST9003,Home & Garden,A,Road,Bangalore-Chennai,1,5,237.98,5,49.8,1806,10,13,0,2023-11-08
SHIP04173,CUST3778,Fashion,C,Flight,Delhi-Mumbai,3,1,1432.54,1,32.4,5205,7,6,1,2023-09-07
SHIP04174,CUST3279,Electronics,F,Ship,Mumbai-Chennai,1,2,3129.1,0,11.7,6638,5,8,0,2023-03-19
SHIP04175,CUST2534,Home & Garden,D,Flight,Bangalore-Chennai,7,4,964.77,0,46.0,4032,8,7,1,2023-02-02
SHIP04176,CUST8890,Sporting Goods,B,Road,Hyderabad-Pune,1,3,3104.67,7,22.4,6752,8,8,1,2023-05-04
SHIP04177,CUST9915,Home & Garden,C,Ship,Kolkata-Delhi,2,2,1132.61,3,50.5,6198,7,8,0,2023-07-12
SHIP04178,CUST6613,Electronics,F,Ship,Delhi-Bangalore,6,3,2851.12,0,36.3,3413,7,11,0,2023-08-01
SHIP04179,CUST2925,Cosmetics,A,Flight,Bangalore-Chennai,7,3,3341.26,4,52.3,1336,4,4,1,2023-01-22
SHIP04180,CUST4982,Home & Garden,A,Flight,Bangalore-Chennai,4,2,1099.06,3,60.8,6805,6,7,0,2023-11-24
SHIP04181,CUST8436,Electronics,F,Road,Delhi-Bangalore,7,1,3165.21,8,10.4,4136,3,8,0,2023-12-27
SHIP04182,CUST4085,Sporting Goods,B,Ship,Delhi-Mumbai,5,4,2360.4,8,7.4,1695,3,5,0,2023-12-07
SHIP04183,CUST3527,Fashion,F,Road,Delhi-Bangalore,4,5,3431.63,0,50.1,2150,3,6,0,2023-02-01
SHIP04184,CUST6184,Fashion,C,Flight,Mumbai-Chennai,3,1,4527.24,3,22.7,4697,8,10,0,2023-11-08
SHIP04185,CUST5079,Sporting Goods,F,Road,Kolkata-Delhi,2,3,4055.54,2,15.1,6753,5,8,0,2023-07-20
SHIP04186,CUST1943,Fashion,A,Flight,Bangalore-Chennai,3,5,468.99,5,0.7,1363,7,10,0,2023-03-15
SHIP04187,CUST6983,Cosmetics,B,Road,Kolkata-Delhi,5,2,3112.85,3,37.5,6236,3,7,0,2023-04-08
SHIP04188,CUST8877,Fashion,B,Ship,Hyderabad-Pune,2,4,1981.59,5,53.3,3420,4,3,1,2023-07-16
SHIP04189,CUST5914,Sporting Goods,D,Flight,Hyderabad-Pune,5,5,3551.16,3,62.6,3967,3,8,0,2023-04-02
SHIP04190,CUST3988,Electronics,A,Ship,Bangalore-Chennai,1,3,3424.91,4,50.3,5510,8,12,0,2023-06-19
SHIP04191,CUST3313,Electronics,D,Flight,Delhi-Mumbai,3,1,4012.84,8,55.6,4819,7,9,0,2023-11-01
SHIP04192,CUST3206,Fashion,A,Road,Bangalore-Chennai,4,4,1708.21,0,8.7,3057,3,3,1,2023-12-14
SHIP04193,CUST1426,Fashion,B,Ship,Bangalore-Chennai,3,1,3643.22,3,41.6,2075,6,9,0,2023-02-08
SHIP04194,CUST8436,Fashion,F,Flight,Kolkata-Delhi,3,3,4434.65,1,10.1,2758,4,3,1,2023-03-18
SHIP04195,CUST1913,Cosmetics,F,Flight,Bangalore-Chennai,6,2,1118.46,0,51.8,2297,10,9,1,2023-11-26
SHIP04196,CUST7342,Cosmetics,D,Road,Hyderabad-Pune,5,2,678.59,2,31.8,4423,8,7,1,2023-08-28
SHIP04197,CUST4507,Home & Garden,C,Road,Bangalore-Chennai,3,5,967.71,5,62.5,3870,5,4,1,2023-04-17
SHIP04198,CUST3803,Sporting Goods,C,Road,Delhi-Mumbai,5,5,1589.33,4,4.9,3445,9,9,1,2023-02-02
SHIP04199,CUST8192,Cosmetics,B,Flight,Hyderabad-Pune,6,2,1809.37,6,60.8,5161,10,11,0,2023-04-17
SHIP04200,CUST6107,Cosmetics,D,Flight,Hyderabad-Pune,3,3,3417.22,7,47.0,3634,8,11,0,2023-08-08
SHIP04201,CUST6985,Electronics,D,Flight,Hyderabad-Pune,6,5,2126.43,4,56.2,1545,4,7,0,2023-07-28
SHIP04202,CUST1085,Home & Garden,F,Ship,Mumbai-Chennai,4,5,2336.2,4,56.7,4479,4,5,0,2023-10-27
SHIP04203,CUST9184,Sporting Goods,C,Ship,Bangalore-Chennai,5,1,3947.27,4,44.8,4336,7,9,0,2023-11-09
SHIP04204,CUST7385,Fashion,F,Road,Delhi-Bangalore,5,3,255.15,4,6.6,2165,3,7,0,2023-11-18
SHIP04205,CUST3666,Electronics,F,Ship,Delhi-Bangalore,3,2,638.53,3,36.5,2429,10,11,0,2023-01-01
SHIP04206,CUST7262,Fashion,D,Flight,Delhi-Bangalore,3,1,4445.63,4,33.2,3159,7,8,0,2023-12-25
SHIP04207,CUST6162,Books,A,Ship,Bangalore-Chennai,5,3,1451.41,8,38.9,6981,10,14,0,2023-02-16
SHIP04208,CUST4719,Home & Garden,F,Road,Mumbai-Chennai,5,5,3173.84,1,28.2,3846,8,8,1,2023-11-20
SHIP04209,CUST6566,Fashion,B,Road,Bangalore-Chennai,4,3,487.92,0,37.1,1361,6,7,0,2023-11-27
SHIP04210,CUST9135,Books,C,Road,Kolkata-Delhi,2,1,700.25,4,58.1,4467,4,7,0,2023-02-15
SHIP04211,CUST1417,Sporting Goods,F,Road,Bangalore-Chennai,1,1,1641.09,0,18.3,3639,6,6,1,2023-08-05
SHIP04212,CUST8410,Books,C,Ship,Delhi-Mumbai,7,3,3123.34,5,50.5,2703,9,13,0,2023-02-22
SHIP04213,CUST6859,Sporting Goods,C,Ship,Delhi-Mumbai,1,3,898.26,8,58.8,1735,7,11,0,2023-05-29
SHIP04214,CUST7669,Home & Garden,C,Road,Delhi-Mumbai,7,4,2781.23,2,21.1,1285,5,8,0,2023-11-18
SHIP04215,CUST6481,Electronics,F,Ship,Hyderabad-Pune,2,4,1911.38,7,49.3,1018,8,9,0,2023-03-03
SHIP04216,CUST7210,Books,A,Road,Kolkata-Delhi,1,4,2976.11,1,13.7,3990,10,15,0,2023-10-24
SHIP04217,CUST5301,Sporting Goods,B,Flight,Hyderabad-Pune,3,3,2981.04,5,35.0,2311,4,4,1,2023-10-05
SHIP04218,CUST7704,Sporting Goods,F,Ship,Delhi-Bangalore,4,5,4210.14,1,53.3,4183,10,12,0,2023-02-01
SHIP04219,CUST8126,Electronics,F,Road,Delhi-Bangalore,4,4,709.65,0,11.0,2845,7,10,0,2023-01-15
SHIP04220,CUST3252,Electronics,F,Flight,Mumbai-Chennai,5,4,2959.33,5,61.8,4844,8,13,0,2023-02-09
SHIP04221,CUST5282,Fashion,F,Flight,Bangalore-Chennai,6,4,1082.15,7,23.3,5193,6,10,0,2023-05-14
SHIP04222,CUST2393,Fashion,F,Road,Kolkata-Delhi,6,5,2540.26,0,7.3,5225,7,10,0,2023-12-21
SHIP04223,CUST2432,Electronics,B,Ship,Kolkata-Delhi,5,3,4399.32,2,13.6,1768,4,8,0,2023-12-06
SHIP04224,CUST5513,Electronics,D,Ship,Bangalore-Chennai,4,1,808.3,8,31.5,5929,7,7,1,2023-03-27
SHIP04225,CUST9354,Cosmetics,F,Road,Delhi-Mumbai,7,5,3650.81,3,43.9,2410,9,9,1,2023-05-06
SHIP04226,CUST9314,Fashion,B,Ship,Mumbai-Chennai,3,5,1539.33,3,56.0,1919,5,9,0,2023-01-26
SHIP04227,CUST2607,Cosmetics,C,Road,Mumbai-Chennai,4,1,4035.31,0,52.1,2156,10,13,0,2023-10-15
SHIP04228,CUST1279,Electronics,B,Road,Mumbai-Chennai,2,2,1447.47,1,32.4,6787,8,11,0,2023-10-30
SHIP04229,CUST4656,Books,A,Ship,Kolkata-Delhi,4,3,1127.1,0,14.6,1485,4,7,0,2023-12-01
SHIP04230,CUST8749,Sporting Goods,B,Flight,Bangalore-Chennai,7,1,2540.27,3,16.0,3846,8,12,0,2023-12-08
SHIP04231,CUST9205,Fashion,B,Ship,Delhi-Mumbai,6,3,4297.68,7,40.1,5530,4,4,1,2023-07-29
SHIP04232,CUST3878,Electronics,A,Flight,Kolkata-Delhi,1,1,2143.6,0,33.4,1866,8,9,0,2023-07-26
SHIP04233,CUST8488,Books,D,Flight,Mumbai-Chennai,6,3,3372.31,3,25.3,5710,5,6,0,2023-01-06
SHIP04234,CUST5017,Books,C,Ship,Bangalore-Chennai,7,1,613.88,4,16.7,5962,5,4,1,2023-12-23
SHIP04235,CUST6344,Electronics,F,Ship,Hyderabad-Pune,1,5,1497.98,4,23.1,6477,9,12,0,2023-12-19
SHIP04236,CUST8195,Fashion,C,Flight,Kolkata-Delhi,7,2,3327.69,0,18.8,3053,7,11,0,2023-11-01
SHIP04237,CUST2765,Cosmetics,C,Flight,Delhi-Bangalore,5,3,2975.32,4,52.9,3667,7,7,1,2023-12-14
SHIP04238,CUST5932,Home & Garden,C,Flight,Bangalore-Chennai,7,3,2476.45,8,4.4,3395,4,9,0,2023-05-26
SHIP04239,CUST3205,Books,F,Road,Hyderabad-Pune,6,4,1560.16,5,56.2,5589,8,8,1,2023-06-12
SHIP04240,CUST4903,Electronics,D,Road,Mumbai-Chennai,2,1,1264.22,1,14.5,4578,6,5,1,2023-05-09
SHIP04241,CUST9633,Fashion,F,Ship,Kolkata-Delhi,4,4,4487.75,2,48.6,4615,10,11,0,2023-05-14
SHIP04242,CUST3483,Fashion,C,Ship,Delhi-Bangalore,3,1,3611.23,8,44.0,3253,4,5,0,2023-05-09
SHIP04243,CUST8779,Fashion,B,Ship,Kolkata-Delhi,2,1,2278.28,1,38.9,3830,4,4,1,2023-05-28
SHIP04244,CUST1807,Books,A,Flight,Delhi-Bangalore,2,2,3019.23,8,43.2,5550,6,11,0,2023-09-02
SHIP04245,CUST4704,Home & Garden,B,Ship,Delhi-Mumbai,5,3,4588.73,3,62.9,4768,10,12,0,2023-04-18
SHIP04246,CUST9946,Fashion,D,Ship,Delhi-Bangalore,1,5,3057.73,5,57.1,6957,8,9,0,2023-12-16
SHIP04247,CUST6679,Sporting Goods,F,Road,Bangalore-Chennai,5,5,4868.87,1,34.3,1816,3,6,0,2023-09-25
SHIP04248,CUST2967,Cosmetics,F,Ship,Mumbai-Chennai,2,1,2117.52,3,13.0,5818,7,7,1,2023-10-15
SHIP04249,CUST6057,Fashion,B,Flight,Hyderabad-Pune,6,4,3590.21,7,8.3,1103,8,9,0,2023-04-07
SHIP04250,CUST4534,Fashion,C,Ship,Mumbai-Chennai,7,2,4156.98,0,56.3,6020,7,6,1,2023-10-17
SHIP04251,CUST4685,Electronics,D,Ship,Delhi-Bangalore,2,3,3274.92,0,42.7,6368,4,8,0,2023-08-24
SHIP04252,CUST6009,Home & Garden,D,Road,Delhi-Bangalore,7,5,3710.02,7,7.7,2108,10,15,0,2023-03-29
SHIP04253,CUST9122,Sporting Goods,F,Road,Kolkata-Delhi,5,1,344.27,4,55.3,5660,4,4,1,2023-07-07
SHIP04254,CUST5603,Home & Garden,F,Flight,Delhi-Bangalore,1,4,1981.12,1,23.1,5427,5,7,0,2023-03-25
SHIP04255,CUST8594,Cosmetics,F,Road,Mumbai-Chennai,1,4,2087.88,0,60.5,5381,6,5,1,2023-02-16
SHIP04256,CUST5522,Home & Garden,A,Ship,Kolkata-Delhi,4,4,389.57,2,14.4,4186,3,2,1,2023-07-10
SHIP04257,CUST7027,Electronics,A,Ship,Delhi-Mumbai,2,4,4315.33,8,22.7,3557,5,6,0,2023-08-30
SHIP04258,CUST4879,Sporting Goods,C,Flight,Bangalore-Chennai,7,1,3750.92,8,17.5,3999,6,9,0,2023-09-01
SHIP04259,CUST4717,Electronics,B,Ship,Delhi-Bangalore,5,1,2726.18,3,26.5,4887,4,9,0,2023-07-18
SHIP04260,CUST2529,Fashion,F,Road,Hyderabad-Pune,1,2,4779.65,1,3.4,4118,5,6,0,2023-02-27
SHIP04261,CUST1403,Home & Garden,A,Flight,Kolkata-Delhi,6,3,2829.27,2,44.0,2311,5,5,1,2023-08-14
SHIP04262,CUST6341,Home & Garden,D,Flight,Bangalore-Chennai,6,3,2522.13,3,52.8,4543,5,8,0,2023-03-23
SHIP04263,CUST6798,Sporting Goods,A,Ship,Kolkata-Delhi,3,2,1839.5,4,10.3,2671,4,5,0,2023-07-09
SHIP04264,CUST8159,Cosmetics,D,Flight,Bangalore-Chennai,7,2,920.08,7,25.3,5038,10,10,1,2023-05-11
SHIP04265,CUST1194,Home & Garden,C,Flight,Delhi-Bangalore,7,2,1541.8,2,45.0,3949,7,11,0,2023-08-14
SHIP04266,CUST7000,Home & Garden,F,Flight,Hyderabad-Pune,1,4,1431.89,7,5.4,6365,9,10,0,2023-03-17
SHIP04267,CUST4097,Home & Garden,F,Road,Kolkata-Delhi,2,1,631.78,0,8.0,4113,9,8,1,2023-12-22
SHIP04268,CUST7070,Fashion,A,Ship,Bangalore-Chennai,6,3,1471.8,2,16.6,1765,8,8,1,2023-10-17
SHIP04269,CUST5278,Fashion,D,Road,Delhi-Mumbai,6,5,2137.87,8,1.7,5192,8,7,1,2023-12-13
SHIP04270,CUST7049,Home & Garden,F,Road,Delhi-Bangalore,4,3,1671.36,8,29.1,6021,6,7,0,2023-09-27
SHIP04271,CUST8915,Home & Garden,B,Flight,Bangalore-Chennai,3,2,3197.03,0,47.5,3484,10,13,0,2023-10-17
SHIP04272,CUST3745,Cosmetics,C,Flight,Hyderabad-Pune,3,5,4899.8,8,21.3,6675,6,8,0,2023-09-29
SHIP04273,CUST8063,Cosmetics,B,Flight,Delhi-Bangalore,1,5,624.26,8,0.4,4310,10,13,0,2023-11-25
SHIP04274,CUST5285,Home & Garden,A,Ship,Hyderabad-Pune,2,2,4036.96,6,31.4,6289,10,13,0,2023-12-12
SHIP04275,CUST3802,Fashion,D,Ship,Delhi-Mumbai,1,2,3668.12,5,56.4,6248,5,7,0,2023-06-22
SHIP04276,CUST2208,Sporting Goods,D,Flight,Kolkata-Delhi,1,3,1099.16,2,2.7,6884,9,9,1,2023-06-12
SHIP04277,CUST4625,Books,A,Ship,Mumbai-Chennai,3,4,1440.61,1,40.4,4951,6,8,0,2023-02-09
SHIP04278,CUST5734,Electronics,A,Ship,Kolkata-Delhi,4,3,2699.87,0,25.2,6898,5,9,0,2023-10-16
SHIP04279,CUST9590,Sporting Goods,C,Ship,Delhi-Mumbai,1,4,480.3,3,57.5,3035,6,6,1,2023-12-30
SHIP04280,CUST8535,Electronics,F,Flight,Kolkata-Delhi,7,4,2996.19,8,30.2,6718,10,9,1,2023-11-13
SHIP04281,CUST2729,Cosmetics,F,Ship,Kolkata-Delhi,3,5,930.03,4,26.9,1387,6,8,0,2023-04-21
SHIP04282,CUST7548,Books,F,Road,Kolkata-Delhi,4,3,352.53,7,3.6,5207,4,3,1,2023-01-09
SHIP04283,CUST7524,Cosmetics,A,Road,Delhi-Mumbai,4,1,115.84,5,51.1,4717,6,6,1,2023-07-09
SHIP04284,CUST2021,Electronics,A,Ship,Delhi-Bangalore,7,2,748.8,1,11.0,4242,3,2,1,2023-09-13
SHIP04285,CUST1685,Home & Garden,A,Road,Delhi-Mumbai,1,1,3830.71,8,59.1,4103,6,11,0,2023-11-11
SHIP04286,CUST2833,Electronics,D,Flight,Kolkata-Delhi,5,5,4514.88,1,2.6,1900,6,11,0,2023-05-18
SHIP04287,CUST2300,Electronics,D,Ship,Delhi-Bangalore,5,2,3744.05,5,7.3,4122,7,10,0,2023-06-06
SHIP04288,CUST6396,Sporting Goods,D,Ship,Kolkata-Delhi,4,2,631.88,7,1.3,2277,7,12,0,2023-03-11
SHIP04289,CUST7397,Home & Garden,C,Ship,Delhi-Bangalore,6,3,4625.4,2,58.6,1685,8,9,0,2023-06-04
SHIP04290,CUST9599,Electronics,C,Road,Kolkata-Delhi,3,5,4201.91,5,0.1,2397,5,6,0,2023-05-15
SHIP04291,CUST3266,Cosmetics,B,Ship,Mumbai-Chennai,2,2,665.31,7,40.9,3355,7,7,1,2023-05-09
SHIP04292,CUST4183,Fashion,A,Ship,Delhi-Mumbai,4,1,3482.01,2,0.9,1867,10,12,0,2023-03-05
SHIP04293,CUST8573,Home & Garden,C,Road,Delhi-Bangalore,2,5,3753.25,8,0.7,2599,9,11,0,2023-08-06
SHIP04294,CUST8084,Fashion,A,Road,Hyderabad-Pune,4,4,2017.9,7,49.2,4579,3,2,1,2023-06-03
SHIP04295,CUST1518,Books,B,Road,Hyderabad-Pune,7,4,4732.81,4,54.9,5900,5,8,0,2023-07-13
SHIP04296,CUST5210,Books,D,Ship,Kolkata-Delhi,3,5,1705.46,4,64.2,3627,4,8,0,2023-01-22
SHIP04297,CUST7668,Home & Garden,D,Flight,Bangalore-Chennai,1,2,3470.54,7,7.2,2618,7,11,0,2023-06-05
SHIP04298,CUST9224,Books,F,Ship,Bangalore-Chennai,7,2,2653.51,7,50.0,2196,7,7,1,2023-08-27
SHIP04299,CUST7186,Cosmetics,C,Flight,Bangalore-Chennai,5,3,727.64,4,50.0,3372,5,10,0,2023-08-28
SHIP04300,CUST6615,Books,C,Road,Delhi-Mumbai,2,1,3628.39,2,41.8,3459,9,13,0,2023-06-06
SHIP04301,CUST6347,Sporting Goods,C,Flight,Delhi-Bangalore,5,5,943.79,3,8.9,3038,6,8,0,2023-08-01
SHIP04302,CUST5009,Fashion,C,Flight,Kolkata-Delhi,5,2,4930.65,8,38.9,4402,7,12,0,2023-06-20
SHIP04303,CUST7038,Home & Garden,F,Road,Delhi-Bangalore,6,1,4868.65,3,54.7,6036,8,13,0,2023-09-05
SHIP04304,CUST4813,Books,D,Road,Kolkata-Delhi,1,5,482.14,5,43.7,4947,3,2,1,2023-04-14
SHIP04305,CUST2460,Electronics,A,Flight,Bangalore-Chennai,7,5,628.98,6,54.5,2735,3,2,1,2023-06-09
SHIP04306,CUST5478,Fashion,F,Ship,Delhi-Mumbai,3,5,2366.97,6,22.0,5725,4,5,0,2023-05-05
SHIP04307,CUST8348,Books,C,Ship,Mumbai-Chennai,4,5,3790.71,2,7.8,4036,4,6,0,2023-04-14
SHIP04308,CUST2515,Electronics,A,Road,Hyderabad-Pune,7,3,1545.01,0,2.3,4763,4,3,1,2023-12-02
SHIP04309,CUST1231,Books,D,Flight,Kolkata-Delhi,5,3,815.58,6,40.9,5535,10,10,1,2023-03-12
SHIP04310,CUST9620,Fashion,D,Ship,Delhi-Bangalore,7,4,4068.28,6,47.9,6693,3,8,0,2023-11-21
SHIP04311,CUST5038,Electronics,A,Flight,Mumbai-Chennai,2,5,2564.4,7,64.5,3263,4,3,1,2023-06-08
SHIP04312,CUST8075,Books,C,Ship,Hyderabad-Pune,2,1,3991.17,4,47.5,1917,4,5,0,2023-04-06
SHIP04313,CUST4305,Books,F,Road,Delhi-Mumbai,4,4,1572.27,2,44.9,6949,7,7,1,2023-09-17
SHIP04314,CUST6828,Sporting Goods,C,Road,Kolkata-Delhi,3,2,2832.47,4,31.8,3752,8,9,0,2023-01-27
SHIP04315,CUST8935,Fashion,C,Flight,Hyderabad-Pune,4,5,2823.68,8,11.6,3357,5,10,0,2023-09-18
SHIP04316,CUST5834,Electronics,C,Ship,Delhi-Mumbai,1,1,652.55,6,7.7,4876,8,9,0,2023-12-21
SHIP04317,CUST5583,Home & Garden,B,Road,Bangalore-Chennai,7,1,3634.37,7,45.7,5476,10,13,0,2023-06-14
SHIP04318,CUST8063,Sporting Goods,B,Ship,Delhi-Bangalore,5,3,4025.91,0,2.1,6502,9,11,0,2023-03-07
SHIP04319,CUST6754,Fashion,F,Flight,Bangalore-Chennai,2,3,2061.53,3,29.5,4993,5,9,0,2023-06-27
SHIP04320,CUST6878,Fashion,C,Flight,Hyderabad-Pune,6,4,4052.84,1,14.4,1778,6,5,1,2023-03-31
SHIP04321,CUST6751,Electronics,D,Ship,Bangalore-Chennai,2,3,2830.2,6,9.2,3408,4,3,1,2023-08-16
SHIP04322,CUST2417,Home & Garden,D,Road,Mumbai-Chennai,3,2,2810.65,8,30.9,4748,5,4,1,2023-06-22
SHIP04323,CUST4534,Home & Garden,F,Road,Hyderabad-Pune,1,1,4578.51,4,35.0,2426,4,4,1,2023-06-15
SHIP04324,CUST8928,Fashion,F,Flight,Mumbai-Chennai,2,2,4292.6,6,5.4,2263,8,10,0,2023-03-23
SHIP04325,CUST3313,Sporting Goods,D,Road,Hyderabad-Pune,6,4,2835.94,2,43.3,4867,3,7,0,2023-11-03
SHIP04326,CUST6152,Fashion,D,Road,Kolkata-Delhi,7,2,330.98,7,56.0,3897,10,11,0,2023-02-22
SHIP04327,CUST7152,Sporting Goods,F,Ship,Bangalore-Chennai,6,2,4984.4,8,20.4,4242,3,8,0,2023-07-16
SHIP04328,CUST5772,Electronics,D,Flight,Hyderabad-Pune,2,2,586.81,1,5.7,4125,8,11,0,2023-05-21
SHIP04329,CUST3787,Cosmetics,B,Ship,Hyderabad-Pune,1,4,3611.19,0,46.5,4349,8,9,0,2023-01-15
SHIP04330,CUST7051,Books,A,Road,Mumbai-Chennai,7,2,808.61,1,27.8,3900,6,6,1,2023-04-29
SHIP04331,CUST2013,Cosmetics,B,Road,Hyderabad-Pune,4,1,3275.13,4,33.2,6583,9,8,1,2023-04-13
SHIP04332,CUST4257,Electronics,A,Flight,Bangalore-Chennai,3,3,4092.88,7,48.0,4841,8,9,0,2023-06-07
SHIP04333,CUST5808,Cosmetics,C,Ship,Hyderabad-Pune,2,1,2066.74,3,49.3,4005,7,6,1,2023-11-28
SHIP04334,CUST8103,Fashion,A,Flight,Kolkata-Delhi,6,3,2370.33,8,52.9,4308,6,11,0,2023-05-05
SHIP04335,CUST4061,Home & Garden,A,Flight,Bangalore-Chennai,4,4,2191.11,6,37.4,6519,3,5,0,2023-01-30
SHIP04336,CUST6915,Books,B,Flight,Delhi-Mumbai,1,4,2613.19,6,24.2,2713,8,7,1,2023-09-21
SHIP04337,CUST9133,Home & Garden,A,Road,Bangalore-Chennai,3,1,985.12,4,0.9,3129,5,7,0,2023-05-11
SHIP04338,CUST9526,Home & Garden,F,Ship,Mumbai-Chennai,5,4,345.41,0,57.3,5523,6,9,0,2023-08-12
SHIP04339,CUST8999,Electronics,D,Road,Delhi-Bangalore,5,5,696.59,3,46.2,5765,5,4,1,2023-09-20
SHIP04340,CUST2557,Sporting Goods,F,Road,Delhi-Bangalore,5,1,4772.59,8,31.1,5947,5,7,0,2023-02-11
SHIP04341,CUST6447,Electronics,A,Road,Delhi-Mumbai,4,3,2337.34,0,6.7,1262,5,4,1,2023-07-31
SHIP04342,CUST6233,Books,B,Ship,Kolkata-Delhi,2,3,3025.8,1,21.7,6620,9,13,0,2023-08-14
SHIP04343,CUST2758,Cosmetics,D,Flight,Bangalore-Chennai,1,4,4745.79,3,5.1,1683,6,6,1,2023-09-19
SHIP04344,CUST5030,Electronics,B,Flight,Delhi-Bangalore,6,4,3414.2,6,52.0,3823,10,11,0,2023-10-19
SHIP04345,CUST9058,Cosmetics,C,Ship,Delhi-Mumbai,7,5,4402.92,5,28.4,4472,8,11,0,2023-05-07
SHIP04346,CUST4514,Sporting Goods,A,Flight,Delhi-Bangalore,4,1,3859.61,4,34.8,2591,8,7,1,2023-07-16
SHIP04347,CUST2523,Books,B,Flight,Delhi-Mumbai,2,3,215.11,3,18.4,1101,9,9,1,2023-10-01
SHIP04348,CUST7812,Books,F,Flight,Mumbai-Chennai,4,3,3264.04,4,27.8,3582,10,11,0,2023-10-31
SHIP04349,CUST9828,Fashion,A,Road,Kolkata-Delhi,2,5,4904.88,2,6.9,2041,7,11,0,2023-05-10
SHIP04350,CUST9901,Cosmetics,D,Flight,Delhi-Mumbai,7,3,384.61,1,22.1,2703,8,9,0,2023-09-19
SHIP04351,CUST7213,Home & Garden,A,Road,Bangalore-Chennai,6,4,1683.76,6,40.3,4512,7,12,0,2023-12-07
SHIP04352,CUST5366,Home & Garden,D,Flight,Delhi-Mumbai,2,3,525.22,5,48.4,6252,6,9,0,2023-09-09
SHIP04353,CUST1417,Cosmetics,C,Flight,Delhi-Bangalore,5,5,4727.09,6,54.5,4003,6,7,0,2023-02-14
SHIP04354,CUST1698,Cosmetics,D,Road,Delhi-Mumbai,7,2,4470.64,3,13.9,4079,9,14,0,2023-03-22
SHIP04355,CUST8978,Cosmetics,C,Flight,Delhi-Mumbai,1,5,1334.44,7,58.6,1917,10,15,0,2023-12-15
SHIP04356,CUST1200,Fashion,C,Ship,Hyderabad-Pune,6,2,1743.13,8,11.9,6604,5,9,0,2023-01-29
SHIP04357,CUST3215,Electronics,B,Ship,Bangalore-Chennai,1,4,2047.17,4,58.6,6753,4,6,0,2023-04-12
SHIP04358,CUST5370,Cosmetics,F,Road,Kolkata-Delhi,6,5,2388.31,8,33.3,3494,8,7,1,2023-09-14
SHIP04359,CUST9054,Sporting Goods,C,Flight,Bangalore-Chennai,5,4,517.98,4,56.8,1709,8,13,0,2023-09-14
SHIP04360,CUST7827,Electronics,F,Ship,Kolkata-Delhi,5,2,4019.6,5,6.3,5414,10,13,0,2023-05-31
SHIP04361,CUST9466,Cosmetics,D,Road,Kolkata-Delhi,5,5,2899.38,4,9.5,1171,6,6,1,2023-09-10
SHIP04362,CUST6422,Electronics,B,Ship,Mumbai-Chennai,2,3,559.53,4,49.1,1322,6,6,1,2023-07-17
SHIP04363,CUST2559,Fashion,B,Flight,Delhi-Bangalore,7,5,1482.94,5,31.0,1434,10,12,0,2023-07-11
SHIP04364,CUST7841,Books,A,Ship,Hyderabad-Pune,3,5,906.48,7,3.5,3599,6,10,0,2023-11-19
SHIP04365,CUST9892,Cosmetics,D,Ship,Delhi-Bangalore,6,5,2298.35,7,24.5,1930,6,9,0,2023-08-06
SHIP04366,CUST6257,Cosmetics,A,Flight,Bangalore-Chennai,2,1,1787.8,3,60.7,5195,6,7,0,2023-06-03
SHIP04367,CUST6942,Fashion,A,Ship,Delhi-Mumbai,1,5,3853.22,0,20.3,1241,6,10,0,2023-06-05
SHIP04368,CUST8391,Electronics,B,Flight,Bangalore-Chennai,3,2,4433.82,7,47.0,2783,5,6,0,2023-02-23
SHIP04369,CUST3442,Home & Garden,A,Flight,Bangalore-Chennai,4,1,4029.2,7,56.6,4223,4,4,1,2023-06-03
SHIP04370,CUST8869,Cosmetics,F,Road,Bangalore-Chennai,6,3,3665.12,2,6.4,1848,5,10,0,2023-02-08
SHIP04371,CUST5383,Sporting Goods,B,Ship,Bangalore-Chennai,3,1,4524.3,5,64.0,6996,10,10,1,2023-09-11
SHIP04372,CUST7911,Fashion,A,Ship,Delhi-Bangalore,3,1,3345.94,4,38.1,1657,10,14,0,2023-10-18
SHIP04373,CUST6226,Electronics,F,Flight,Kolkata-Delhi,2,4,550.34,5,31.5,4474,9,13,0,2023-11-26
SHIP04374,CUST8102,Sporting Goods,D,Ship,Delhi-Bangalore,4,5,1922.97,7,30.1,6538,8,12,0,2023-09-30
SHIP04375,CUST2078,Sporting Goods,F,Road,Delhi-Bangalore,7,5,3959.88,7,24.7,4918,10,9,1,2023-04-02
SHIP04376,CUST1185,Electronics,B,Ship,Bangalore-Chennai,4,5,4322.86,2,47.9,3507,3,7,0,2023-09-08
SHIP04377,CUST9286,Home & Garden,B,Ship,Bangalore-Chennai,1,2,3071.53,7,32.5,1327,8,8,1,2023-08-15
SHIP04378,CUST7940,Home & Garden,F,Flight,Bangalore-Chennai,5,1,3327.57,8,26.9,6288,9,14,0,2023-05-27
SHIP04379,CUST9375,Cosmetics,C,Road,Bangalore-Chennai,2,2,137.77,2,10.8,5529,7,10,0,2023-11-30
SHIP04380,CUST1419,Books,B,Flight,Mumbai-Chennai,3,4,2703.36,4,21.3,6776,9,12,0,2023-08-30
SHIP04381,CUST1069,Sporting Goods,B,Flight,Bangalore-Chennai,4,3,1105.1,8,7.3,2056,9,10,0,2023-04-20
SHIP04382,CUST8544,Home & Garden,A,Flight,Delhi-Mumbai,2,2,2165.66,4,48.9,6670,5,5,1,2023-06-27
SHIP04383,CUST5607,Home & Garden,C,Road,Bangalore-Chennai,6,4,1238.83,4,50.1,2234,8,12,0,2023-01-02
SHIP04384,CUST3383,Books,C,Flight,Kolkata-Delhi,4,1,1087.03,8,9.9,6573,9,11,0,2023-04-01
SHIP04385,CUST1997,Electronics,B,Flight,Mumbai-Chennai,5,5,3417.18,6,17.7,6152,3,5,0,2023-02-05
SHIP04386,CUST4920,Sporting Goods,F,Flight,Hyderabad-Pune,4,5,1298.6,3,49.1,6020,10,14,0,2023-10-28
SHIP04387,CUST4206,Books,B,Road,Kolkata-Delhi,7,4,2814.19,3,35.9,4264,6,6,1,2023-09-16
SHIP04388,CUST3011,Cosmetics,B,Road,Bangalore-Chennai,4,5,602.23,6,22.7,2163,5,6,0,2023-09-20
SHIP04389,CUST9047,Books,F,Road,Bangalore-Chennai,5,2,2451.62,7,15.1,6175,6,7,0,2023-01-20
SHIP04390,CUST9565,Electronics,D,Road,Mumbai-Chennai,5,4,249.36,3,60.4,3370,8,8,1,2023-02-28
SHIP04391,CUST6748,Electronics,F,Flight,Kolkata-Delhi,2,2,2100.8,6,12.0,1722,5,8,0,2023-11-12
SHIP04392,CUST8214,Cosmetics,D,Road,Kolkata-Delhi,4,2,3536.01,7,4.9,1553,3,5,0,2023-07-26
SHIP04393,CUST8173,Home & Garden,D,Road,Hyderabad-Pune,5,2,1164.32,5,14.0,4980,3,4,0,2023-11-30
SHIP04394,CUST7954,Fashion,C,Ship,Kolkata-Delhi,1,1,3575.01,3,9.8,5555,7,6,1,2023-12-09
SHIP04395,CUST7382,Home & Garden,A,Road,Hyderabad-Pune,3,5,644.05,8,53.5,4223,10,12,0,2023-04-07
SHIP04396,CUST5933,Electronics,D,Ship,Mumbai-Chennai,4,2,1395.6,6,55.2,5910,4,4,1,2023-03-14
SHIP04397,CUST7500,Books,F,Flight,Delhi-Mumbai,1,4,785.37,4,54.8,5162,8,10,0,2023-03-17
SHIP04398,CUST1442,Sporting Goods,F,Road,Hyderabad-Pune,4,4,4506.95,2,51.0,3193,8,11,0,2023-01-05
SHIP04399,CUST6353,Electronics,C,Road,Delhi-Mumbai,3,5,3802.11,3,22.4,5975,8,12,0,2023-01-09
SHIP04400,CUST4697,Home & Garden,C,Ship,Kolkata-Delhi,7,3,3131.25,6,6.5,1503,10,11,0,2023-05-20
SHIP04401,CUST8284,Cosmetics,B,Ship,Delhi-Bangalore,2,4,1606.63,6,47.5,1692,10,12,0,2023-10-21
SHIP04402,CUST1559,Electronics,B,Flight,Delhi-Mumbai,2,4,3898.31,0,55.6,4901,8,8,1,2023-05-02
SHIP04403,CUST8706,Books,D,Road,Hyderabad-Pune,2,5,3490.21,5,7.0,3935,9,14,0,2023-11-10
SHIP04404,CUST7182,Books,F,Road,Delhi-Mumbai,1,4,2627.04,1,10.1,1307,6,11,0,2023-10-11
SHIP04405,CUST1895,Electronics,D,Road,Hyderabad-Pune,6,1,4759.54,5,34.4,3837,10,11,0,2023-01-04
SHIP04406,CUST3568,Fashion,C,Flight,Mumbai-Chennai,3,4,1759.72,3,11.8,1785,6,11,0,2023-10-27
SHIP04407,CUST6064,Home & Garden,A,Ship,Hyderabad-Pune,7,5,2915.51,1,59.1,4293,7,11,0,2023-10-02
SHIP04408,CUST4907,Sporting Goods,A,Flight,Kolkata-Delhi,5,3,2977.56,0,31.3,3860,6,6,1,2023-01-27
SHIP04409,CUST2067,Electronics,D,Ship,Kolkata-Delhi,1,1,4058.36,8,55.4,3386,9,12,0,2023-07-09
SHIP04410,CUST2852,Electronics,D,Ship,Delhi-Mumbai,6,4,2931.74,3,54.1,2190,3,7,0,2023-09-15
SHIP04411,CUST3168,Sporting Goods,D,Road,Hyderabad-Pune,5,5,4455.11,6,8.8,5720,4,5,0,2023-06-10
SHIP04412,CUST4065,Sporting Goods,C,Ship,Mumbai-Chennai,2,1,2562.05,0,20.8,1427,6,5,1,2023-11-25
SHIP04413,CUST2572,Fashion,D,Ship,Mumbai-Chennai,6,5,1834.04,8,36.9,3670,6,10,0,2023-02-24
SHIP04414,CUST2113,Sporting Goods,C,Flight,Delhi-Mumbai,5,2,2763.71,6,23.0,3521,7,10,0,2023-10-10
SHIP04415,CUST4059,Cosmetics,A,Road,Mumbai-Chennai,3,5,2341.06,8,30.7,3754,10,9,1,2023-11-15
SHIP04416,CUST4687,Electronics,A,Flight,Kolkata-Delhi,1,5,3278.75,4,17.7,4205,9,11,0,2023-03-20
SHIP04417,CUST2595,Fashion,B,Flight,Delhi-Mumbai,4,4,3179.04,6,28.1,1452,4,5,0,2023-01-06
SHIP04418,CUST1341,Sporting Goods,C,Road,Mumbai-Chennai,6,4,2198.18,7,35.0,5706,8,7,1,2023-06-28
SHIP04419,CUST5073,Sporting Goods,A,Road,Mumbai-Chennai,4,3,1206.18,2,57.0,5862,6,11,0,2023-09-01
SHIP04420,CUST6334,Fashion,A,Road,Hyderabad-Pune,6,4,4059.33,0,38.5,1220,3,7,0,2023-04-08
SHIP04421,CUST5456,Cosmetics,A,Flight,Delhi-Bangalore,3,2,924.85,1,4.8,6180,5,7,0,2023-08-05
SHIP04422,CUST7824,Books,B,Ship,Kolkata-Delhi,4,2,4960.95,8,7.1,2795,3,3,1,2023-08-12
SHIP04423,CUST9802,Fashion,A,Flight,Mumbai-Chennai,2,2,2504.77,0,13.5,4161,6,5,1,2023-11-10
SHIP04424,CUST3960,Sporting Goods,D,Flight,Bangalore-Chennai,2,3,2142.55,6,62.7,5525,6,11,0,2023-04-11
SHIP04425,CUST1558,Books,C,Road,Delhi-Mumbai,1,1,3606.09,8,37.4,3864,9,11,0,2023-09-30
SHIP04426,CUST6367,Cosmetics,C,Ship,Delhi-Mumbai,7,3,1420.84,8,64.2,3728,6,9,0,2023-03-01
SHIP04427,CUST1808,Cosmetics,D,Road,Bangalore-Chennai,7,3,3134.19,1,51.9,5345,10,13,0,2023-02-24
SHIP04428,CUST2870,Home & Garden,C,Flight,Kolkata-Delhi,1,5,3323.3,5,16.4,4720,4,5,0,2023-12-09
SHIP04429,CUST7662,Home & Garden,D,Ship,Kolkata-Delhi,4,4,2728.01,5,18.9,3569,4,3,1,2023-01-02
SHIP04430,CUST7537,Fashion,D,Flight,Kolkata-Delhi,4,3,3062.0,5,40.2,1373,8,8,1,2023-11-21
SHIP04431,CUST5514,Home & Garden,B,Ship,Hyderabad-Pune,1,4,986.93,6,27.9,3206,5,9,0,2023-04-28
SHIP04432,CUST2764,Sporting Goods,D,Ship,Mumbai-Chennai,4,2,2788.47,3,26.3,6835,7,10,0,2023-11-27
SHIP04433,CUST7128,Fashion,B,Ship,Bangalore-Chennai,3,1,3186.75,1,44.0,2613,8,11,0,2023-01-31
SHIP04434,CUST2790,Cosmetics,A,Ship,Kolkata-Delhi,5,3,2426.62,4,19.9,5732,8,10,0,2023-02-28
SHIP04435,CUST3878,Fashion,F,Road,Delhi-Mumbai,4,4,473.1,6,36.2,2393,6,8,0,2023-03-29
SHIP04436,CUST6588,Books,F,Flight,Bangalore-Chennai,2,1,1155.79,5,45.3,6577,8,11,0,2023-10-07
SHIP04437,CUST9646,Cosmetics,C,Flight,Mumbai-Chennai,1,4,1057.0,7,9.8,6148,10,11,0,2023-01-08
SHIP04438,CUST6688,Cosmetics,C,Flight,Kolkata-Delhi,5,5,4069.06,0,25.0,5151,9,8,1,2023-09-07
SHIP04439,CUST5301,Fashion,C,Ship,Delhi-Mumbai,5,1,3026.87,4,21.7,1638,6,10,0,2023-05-29
SHIP04440,CUST7047,Fashion,F,Flight,Delhi-Bangalore,3,5,1330.4,1,62.6,1713,5,6,0,2023-02-23
SHIP04441,CUST7236,Home & Garden,F,Ship,Mumbai-Chennai,3,3,1140.49,3,32.0,3863,10,9,1,2023-11-29
SHIP04442,CUST6888,Cosmetics,F,Ship,Mumbai-Chennai,4,1,1960.04,4,64.6,3872,5,4,1,2023-02-19
SHIP04443,CUST8785,Cosmetics,F,Flight,Delhi-Mumbai,6,5,534.29,4,4.7,5025,10,10,1,2023-04-07
SHIP04444,CUST1094,Cosmetics,A,Road,Mumbai-Chennai,4,1,3319.24,4,58.7,1832,4,3,1,2023-11-13
SHIP04445,CUST2616,Home & Garden,F,Road,Bangalore-Chennai,3,3,2707.86,3,35.3,2742,7,10,0,2023-07-03
SHIP04446,CUST8651,Fashion,F,Flight,Kolkata-Delhi,6,1,4240.03,8,3.2,3107,9,12,0,2023-01-19
SHIP04447,CUST2123,Cosmetics,F,Flight,Hyderabad-Pune,2,4,3596.24,3,42.4,1190,6,9,0,2023-09-23
SHIP04448,CUST6107,Books,D,Flight,Mumbai-Chennai,3,1,1256.9,0,24.5,1021,3,5,0,2023-01-09
SHIP04449,CUST3037,Books,F,Road,Delhi-Mumbai,5,1,4209.32,7,15.0,1432,7,8,0,2024-01-01
SHIP04450,CUST7186,Fashion,B,Flight,Delhi-Bangalore,2,2,3932.62,3,54.1,6022,3,3,1,2023-09-10
SHIP04451,CUST4400,Fashion,D,Ship,Mumbai-Chennai,5,1,1375.79,3,23.2,3681,8,7,1,2023-05-15
SHIP04452,CUST6997,Home & Garden,F,Ship,Delhi-Mumbai,7,3,4319.95,7,57.8,3500,5,5,1,2023-08-03
SHIP04453,CUST6680,Sporting Goods,F,Flight,Mumbai-Chennai,2,4,390.26,6,53.6,6857,8,7,1,2023-04-10
SHIP04454,CUST8510,Fashion,D,Flight,Delhi-Mumbai,6,3,539.6,3,7.4,4168,3,6,0,2023-10-15
SHIP04455,CUST2458,Books,B,Flight,Mumbai-Chennai,4,3,3614.21,2,45.4,3363,7,6,1,2023-02-05
SHIP04456,CUST1690,Cosmetics,B,Road,Bangalore-Chennai,5,2,919.55,8,16.9,3949,5,7,0,2023-01-21
SHIP04457,CUST4074,Sporting Goods,F,Flight,Hyderabad-Pune,3,3,4392.44,8,36.7,2274,10,13,0,2023-11-12
SHIP04458,CUST8906,Home & Garden,D,Flight,Delhi-Bangalore,5,3,3151.09,7,23.1,4000,8,7,1,2023-11-25
SHIP04459,CUST9436,Sporting Goods,F,Road,Mumbai-Chennai,4,2,2726.75,6,31.9,4468,8,7,1,2023-03-25
SHIP04460,CUST1954,Fashion,A,Road,Delhi-Mumbai,1,2,725.34,1,16.0,6275,8,13,0,2023-08-21
SHIP04461,CUST5288,Fashion,A,Flight,Mumbai-Chennai,6,5,1150.96,5,18.8,3716,10,11,0,2023-04-18
SHIP04462,CUST9298,Sporting Goods,B,Road,Kolkata-Delhi,5,2,2853.45,2,23.5,4044,10,11,0,2023-10-16
SHIP04463,CUST4150,Home & Garden,B,Flight,Delhi-Bangalore,1,3,409.54,3,44.2,3347,7,7,1,2023-01-19
SHIP04464,CUST8086,Sporting Goods,F,Road,Hyderabad-Pune,7,2,4863.41,4,30.6,3932,9,11,0,2023-01-11
SHIP04465,CUST7802,Electronics,A,Road,Delhi-Mumbai,6,1,290.59,3,53.3,2329,10,15,0,2023-06-14
SHIP04466,CUST4434,Sporting Goods,C,Flight,Delhi-Mumbai,2,1,4314.81,6,38.8,2838,5,4,1,2023-03-13
SHIP04467,CUST6817,Home & Garden,A,Flight,Delhi-Bangalore,2,4,4112.31,2,26.8,2045,5,5,1,2023-03-20
SHIP04468,CUST6233,Fashion,D,Ship,Mumbai-Chennai,6,1,1406.69,1,54.3,4217,4,5,0,2023-05-16
SHIP04469,CUST9089,Sporting Goods,F,Ship,Delhi-Mumbai,6,1,3230.45,1,13.5,4462,10,13,0,2023-08-14
SHIP04470,CUST3865,Books,D,Ship,Mumbai-Chennai,3,3,2131.15,0,13.5,6875,7,7,1,2023-04-11
SHIP04471,CUST4084,Electronics,A,Flight,Kolkata-Delhi,1,5,2329.46,2,13.0,5490,9,14,0,2023-10-16
SHIP04472,CUST6582,Home & Garden,B,Flight,Hyderabad-Pune,6,4,2241.5,2,41.0,1054,4,5,0,2023-05-31
SHIP04473,CUST8036,Home & Garden,A,Road,Hyderabad-Pune,2,1,3150.42,8,28.2,5972,5,5,1,2023-06-18
SHIP04474,CUST1203,Cosmetics,F,Flight,Kolkata-Delhi,5,4,2890.57,3,43.4,1886,4,7,0,2023-07-11
SHIP04475,CUST5757,Sporting Goods,D,Flight,Kolkata-Delhi,1,2,1248.96,1,38.9,6424,4,8,0,2023-10-18
SHIP04476,CUST5736,Electronics,C,Flight,Delhi-Mumbai,4,3,2646.59,6,58.9,4711,3,2,1,2023-03-14
SHIP04477,CUST4321,Fashion,D,Ship,Delhi-Bangalore,5,5,3062.23,6,62.6,5109,6,7,0,2023-04-15
SHIP04478,CUST7045,Sporting Goods,C,Ship,Delhi-Mumbai,1,4,891.67,1,3.9,6498,9,14,0,2023-09-30
SHIP04479,CUST5992,Books,F,Flight,Kolkata-Delhi,2,5,4680.89,5,44.5,3377,9,10,0,2023-02-13
SHIP04480,CUST6569,Home & Garden,D,Flight,Delhi-Mumbai,6,1,4668.0,0,64.9,2178,6,5,1,2023-01-10
SHIP04481,CUST7788,Electronics,F,Road,Hyderabad-Pune,5,3,2785.23,7,39.5,3717,10,11,0,2023-10-21
SHIP04482,CUST3639,Fashion,A,Flight,Hyderabad-Pune,3,3,918.63,1,11.0,6793,7,7,1,2023-05-11
SHIP04483,CUST3276,Books,A,Road,Hyderabad-Pune,1,5,318.1,4,3.1,5704,9,8,1,2023-08-06
SHIP04484,CUST5947,Books,A,Flight,Delhi-Mumbai,3,1,2835.94,0,43.2,6767,4,5,0,2023-03-05
SHIP04485,CUST8851,Books,C,Road,Delhi-Bangalore,5,4,4553.48,6,16.6,2496,6,10,0,2023-05-17
SHIP04486,CUST5967,Cosmetics,B,Flight,Bangalore-Chennai,3,2,3526.87,2,18.5,2735,5,10,0,2023-07-30
SHIP04487,CUST3072,Home & Garden,A,Road,Delhi-Mumbai,4,3,3568.4,4,9.0,6510,9,8,1,2023-05-29
SHIP04488,CUST7556,Sporting Goods,C,Road,Delhi-Bangalore,4,4,2565.26,2,1.2,1801,6,9,0,2023-12-25
SHIP04489,CUST6024,Cosmetics,D,Ship,Mumbai-Chennai,2,5,291.71,7,0.1,1065,4,4,1,2023-03-20
SHIP04490,CUST1250,Sporting Goods,D,Road,Delhi-Bangalore,3,1,4171.99,5,40.5,1612,10,13,0,2023-12-28
SHIP04491,CUST4493,Fashion,A,Flight,Delhi-Mumbai,2,3,4487.02,3,32.4,4882,10,11,0,2023-11-29
SHIP04492,CUST1842,Home & Garden,B,Flight,Kolkata-Delhi,3,5,2357.72,5,12.9,1707,3,6,0,2023-07-19
SHIP04493,CUST2881,Home & Garden,B,Ship,Delhi-Bangalore,1,1,1078.52,2,21.9,4135,10,10,1,2023-01-19
SHIP04494,CUST5119,Electronics,B,Ship,Delhi-Mumbai,1,3,548.05,6,32.7,5998,9,10,0,2023-08-16
SHIP04495,CUST5933,Fashion,B,Flight,Bangalore-Chennai,4,2,525.87,4,57.4,1144,7,10,0,2023-12-21
SHIP04496,CUST6098,Books,F,Ship,Delhi-Bangalore,1,3,4122.71,5,12.7,6812,3,3,1,2023-11-25
SHIP04497,CUST2441,Fashion,D,Flight,Kolkata-Delhi,6,2,1710.63,4,21.1,2505,9,11,0,2023-09-12
SHIP04498,CUST6326,Books,B,Flight,Hyderabad-Pune,6,3,3653.37,7,49.5,5654,5,5,1,2023-03-13
SHIP04499,CUST7657,Home & Garden,D,Flight,Mumbai-Chennai,5,2,4992.76,3,22.5,1977,6,10,0,2023-05-11
SHIP04500,CUST7349,Home & Garden,A,Flight,Mumbai-Chennai,1,2,1061.77,1,21.0,1335,10,9,1,2023-12-16
SHIP04501,CUST8540,Sporting Goods,B,Ship,Kolkata-Delhi,3,1,624.55,3,9.2,6196,5,6,0,2023-05-14
SHIP04502,CUST5412,Sporting Goods,A,Flight,Delhi-Mumbai,7,1,3411.23,2,24.7,5957,3,3,1,2023-11-30
SHIP04503,CUST5875,Fashion,D,Ship,Bangalore-Chennai,1,2,4564.95,6,61.6,3142,9,9,1,2023-07-31
SHIP04504,CUST7349,Cosmetics,D,Road,Bangalore-Chennai,7,4,3094.89,6,31.1,3504,8,9,0,2023-04-14
SHIP04505,CUST4046,Cosmetics,F,Road,Kolkata-Delhi,6,2,123.36,1,44.9,2688,9,11,0,2023-11-19
SHIP04506,CUST3209,Electronics,D,Ship,Delhi-Bangalore,6,4,3364.81,7,7.8,5642,6,6,1,2023-09-07
SHIP04507,CUST5638,Sporting Goods,A,Road,Mumbai-Chennai,1,3,3700.24,5,27.5,2009,9,8,1,2023-06-01
SHIP04508,CUST4421,Sporting Goods,C,Road,Mumbai-Chennai,6,2,2051.81,6,33.5,2506,9,13,0,2023-01-22
SHIP04509,CUST6134,Books,D,Ship,Mumbai-Chennai,7,1,3791.29,6,24.9,6508,5,8,0,2023-08-23
SHIP04510,CUST4112,Fashion,C,Flight,Hyderabad-Pune,5,1,4564.39,8,21.8,1354,8,11,0,2023-03-28
SHIP04511,CUST4133,Electronics,B,Flight,Bangalore-Chennai,6,4,3709.88,1,5.1,1403,9,12,0,2023-01-08
SHIP04512,CUST1401,Books,B,Ship,Hyderabad-Pune,6,3,3228.32,5,45.6,1797,5,7,0,2023-04-19
SHIP04513,CUST3524,Electronics,D,Ship,Delhi-Bangalore,2,1,3968.05,3,24.2,5533,5,8,0,2023-11-17
SHIP04514,CUST9862,Sporting Goods,C,Ship,Delhi-Mumbai,6,1,4790.8,7,49.6,4846,5,5,1,2023-04-25
SHIP04515,CUST8499,Sporting Goods,B,Flight,Hyderabad-Pune,4,4,4903.35,8,53.4,3014,6,9,0,2023-12-05
SHIP04516,CUST5801,Fashion,B,Road,Kolkata-Delhi,7,4,1712.27,4,16.6,3131,9,8,1,2023-11-22
SHIP04517,CUST5436,Fashion,A,Flight,Delhi-Bangalore,7,1,1972.41,1,20.1,6539,9,10,0,2023-08-24
SHIP04518,CUST3021,Sporting Goods,F,Road,Kolkata-Delhi,2,1,948.56,8,5.1,2707,7,12,0,2023-10-17
SHIP04519,CUST9482,Home & Garden,B,Road,Delhi-Bangalore,5,1,4998.42,1,37.6,5503,3,8,0,2023-01-03
SHIP04520,CUST8176,Sporting Goods,D,Ship,Delhi-Bangalore,1,3,4978.96,7,48.9,3290,4,9,0,2023-02-08
SHIP04521,CUST5634,Fashion,B,Flight,Delhi-Mumbai,7,5,913.85,8,57.6,1048,8,7,1,2023-05-25
SHIP04522,CUST5603,Books,C,Ship,Kolkata-Delhi,1,4,3000.32,6,52.6,3236,5,9,0,2023-09-24
SHIP04523,CUST6414,Electronics,D,Ship,Delhi-Bangalore,2,5,608.46,7,0.9,3622,3,6,0,2023-09-27
SHIP04524,CUST5821,Electronics,A,Ship,Kolkata-Delhi,4,2,958.54,5,39.1,2000,10,14,0,2023-12-07
SHIP04525,CUST9750,Fashion,F,Flight,Delhi-Mumbai,7,4,1247.92,7,33.6,1971,8,8,1,2023-07-04
SHIP04526,CUST8106,Cosmetics,F,Flight,Kolkata-Delhi,1,2,935.98,0,51.5,1823,9,10,0,2023-05-23
SHIP04527,CUST2654,Home & Garden,F,Road,Mumbai-Chennai,6,1,4211.38,8,23.9,1665,3,3,1,2023-11-06
SHIP04528,CUST2536,Home & Garden,D,Ship,Delhi-Bangalore,2,3,1324.92,5,41.2,5850,4,9,0,2023-01-28
SHIP04529,CUST9359,Sporting Goods,A,Ship,Mumbai-Chennai,1,5,657.07,2,45.1,3757,9,12,0,2023-03-25
SHIP04530,CUST7539,Cosmetics,D,Flight,Delhi-Mumbai,2,4,565.89,8,37.9,4794,9,9,1,2023-02-11
SHIP04531,CUST9398,Books,D,Ship,Hyderabad-Pune,1,5,1073.91,8,14.9,5084,7,12,0,2023-08-28
SHIP04532,CUST6703,Electronics,A,Road,Bangalore-Chennai,6,3,2424.17,0,64.3,5544,10,14,0,2023-01-24
SHIP04533,CUST3696,Electronics,B,Ship,Bangalore-Chennai,1,3,4209.06,2,20.2,1756,3,3,1,2023-09-22
SHIP04534,CUST1342,Home & Garden,C,Flight,Kolkata-Delhi,5,4,2709.37,4,9.5,3684,7,11,0,2023-04-30
SHIP04535,CUST1257,Electronics,A,Road,Kolkata-Delhi,4,5,3628.49,3,16.0,3946,9,9,1,2023-06-03
SHIP04536,CUST2703,Sporting Goods,C,Ship,Bangalore-Chennai,1,2,3185.16,3,1.7,4186,3,2,1,2023-05-13
SHIP04537,CUST1068,Cosmetics,A,Flight,Bangalore-Chennai,6,4,2826.16,4,55.6,3546,9,8,1,2023-09-02
SHIP04538,CUST1507,Sporting Goods,F,Flight,Delhi-Bangalore,5,3,3865.03,1,33.3,5379,5,10,0,2023-11-25
SHIP04539,CUST3288,Fashion,C,Flight,Mumbai-Chennai,1,3,1912.43,2,55.3,3532,9,12,0,2023-07-21
SHIP04540,CUST3803,Electronics,B,Road,Kolkata-Delhi,7,2,3285.62,6,9.9,6793,10,15,0,2023-08-25
SHIP04541,CUST5464,Sporting Goods,C,Ship,Kolkata-Delhi,6,2,4334.82,1,58.1,1234,4,6,0,2023-01-04
SHIP04542,CUST7395,Cosmetics,F,Flight,Delhi-Bangalore,7,4,757.46,8,51.6,5544,4,6,0,2023-01-29
SHIP04543,CUST9414,Home & Garden,A,Flight,Kolkata-Delhi,1,3,3499.8,1,53.8,2301,6,11,0,2023-06-27
SHIP04544,CUST6676,Cosmetics,C,Ship,Bangalore-Chennai,4,3,2035.7,6,29.7,3745,9,10,0,2023-07-18
SHIP04545,CUST2362,Electronics,B,Ship,Kolkata-Delhi,1,1,2659.32,0,45.0,6128,10,15,0,2023-02-27
SHIP04546,CUST7926,Cosmetics,F,Ship,Kolkata-Delhi,2,3,3635.05,5,8.9,4771,6,11,0,2023-07-08
SHIP04547,CUST1463,Books,B,Ship,Mumbai-Chennai,7,5,4010.68,8,42.0,5386,9,8,1,2023-06-28
SHIP04548,CUST7845,Electronics,F,Flight,Bangalore-Chennai,7,5,3728.1,3,48.9,3071,3,8,0,2023-09-22
SHIP04549,CUST3638,Sporting Goods,F,Road,Kolkata-Delhi,5,3,1162.79,1,44.9,1027,6,7,0,2023-03-16
SHIP04550,CUST4588,Sporting Goods,F,Road,Delhi-Bangalore,1,5,167.08,0,3.1,5013,4,8,0,2023-05-04
SHIP04551,CUST6067,Books,F,Road,Delhi-Mumbai,1,3,307.67,5,28.1,1003,9,10,0,2023-10-11
SHIP04552,CUST8374,Sporting Goods,D,Ship,Bangalore-Chennai,6,5,327.57,5,39.7,2171,5,10,0,2023-06-30
SHIP04553,CUST1113,Home & Garden,D,Ship,Kolkata-Delhi,5,1,3910.93,1,33.6,2580,10,14,0,2023-11-05
SHIP04554,CUST9860,Fashion,D,Ship,Kolkata-Delhi,5,4,489.67,3,25.3,4646,9,10,0,2023-09-29
SHIP04555,CUST8498,Home & Garden,B,Road,Kolkata-Delhi,6,5,3562.37,2,44.8,6101,10,9,1,2023-08-22
SHIP04556,CUST9851,Books,F,Flight,Hyderabad-Pune,5,1,3390.91,4,6.3,2132,4,5,0,2023-05-20
SHIP04557,CUST8285,Cosmetics,A,Flight,Delhi-Mumbai,7,5,4042.73,7,22.0,3768,7,8,0,2023-03-25
SHIP04558,CUST3671,Home & Garden,C,Road,Delhi-Mumbai,5,5,2711.01,6,28.7,5847,3,4,0,2023-08-09
SHIP04559,CUST2661,Fashion,F,Ship,Hyderabad-Pune,2,5,2360.38,7,59.9,6859,8,13,0,2023-01-13
SHIP04560,CUST1359,Electronics,B,Flight,Hyderabad-Pune,7,5,4306.47,3,35.9,2429,4,5,0,2023-03-28
SHIP04561,CUST5799,Cosmetics,B,Flight,Kolkata-Delhi,5,4,3467.91,3,51.7,4604,4,5,0,2023-01-09
SHIP04562,CUST3663,Cosmetics,B,Ship,Delhi-Mumbai,5,5,156.4,4,20.7,3430,5,5,1,2023-07-30
SHIP04563,CUST9192,Home & Garden,B,Ship,Delhi-Mumbai,6,1,4339.86,5,19.2,5925,7,9,0,2023-12-02
SHIP04564,CUST2666,Cosmetics,D,Road,Bangalore-Chennai,2,1,3930.92,7,36.8,1024,9,12,0,2023-08-03
SHIP04565,CUST9207,Home & Garden,D,Flight,Kolkata-Delhi,1,4,194.03,5,7.7,1324,4,8,0,2023-10-20
SHIP04566,CUST7618,Books,B,Flight,Kolkata-Delhi,6,4,751.67,0,63.7,6949,6,10,0,2023-06-29
SHIP04567,CUST1423,Home & Garden,D,Road,Bangalore-Chennai,3,3,214.19,0,49.7,3439,3,3,1,2023-09-27
SHIP04568,CUST7986,Cosmetics,B,Ship,Mumbai-Chennai,6,4,4490.29,7,24.2,2267,7,6,1,2023-06-26
SHIP04569,CUST2861,Cosmetics,C,Road,Hyderabad-Pune,2,5,1139.35,0,20.8,4764,5,4,1,2023-03-25
SHIP04570,CUST8833,Books,D,Road,Bangalore-Chennai,1,4,1005.21,3,9.9,6995,3,2,1,2023-04-27
SHIP04571,CUST4166,Fashion,B,Road,Kolkata-Delhi,4,3,2160.17,7,39.7,3219,7,10,0,2023-11-08
SHIP04572,CUST6327,Fashion,B,Flight,Delhi-Mumbai,7,3,2576.22,2,27.2,5600,9,11,0,2023-10-07
SHIP04573,CUST6881,Cosmetics,C,Flight,Mumbai-Chennai,5,3,3416.06,7,35.7,4231,3,5,0,2023-08-14
SHIP04574,CUST3940,Home & Garden,B,Flight,Hyderabad-Pune,2,3,1991.0,2,55.1,6053,7,8,0,2023-02-14
SHIP04575,CUST6666,Fashion,B,Road,Hyderabad-Pune,4,2,1698.56,1,35.8,4936,8,7,1,2023-07-24
SHIP04576,CUST2113,Home & Garden,C,Road,Kolkata-Delhi,6,4,2262.46,7,61.1,2612,9,9,1,2023-05-13
SHIP04577,CUST1298,Fashion,A,Road,Hyderabad-Pune,4,2,2536.8,6,63.0,4357,10,14,0,2023-02-09
SHIP04578,CUST5632,Books,B,Ship,Mumbai-Chennai,6,1,3356.93,5,30.6,3425,9,11,0,2023-12-08
SHIP04579,CUST2141,Cosmetics,B,Flight,Kolkata-Delhi,3,1,2703.23,6,55.7,1928,9,9,1,2023-03-15
SHIP04580,CUST3173,Electronics,C,Ship,Bangalore-Chennai,7,2,3590.23,2,40.9,5110,8,8,1,2023-02-13
SHIP04581,CUST9710,Books,D,Road,Hyderabad-Pune,4,3,3960.41,4,28.4,4357,10,13,0,2023-01-25
SHIP04582,CUST9096,Electronics,C,Road,Delhi-Bangalore,5,4,2369.25,1,64.7,6633,3,8,0,2023-02-22
SHIP04583,CUST3702,Fashion,D,Flight,Delhi-Mumbai,6,2,1388.52,6,62.2,4064,8,9,0,2023-12-21
SHIP04584,CUST6919,Books,D,Road,Kolkata-Delhi,7,2,4605.97,1,24.7,2953,8,8,1,2023-12-19
SHIP04585,CUST3606,Cosmetics,A,Ship,Delhi-Bangalore,6,1,2552.38,0,9.3,3277,5,4,1,2023-04-03
SHIP04586,CUST5161,Cosmetics,C,Flight,Mumbai-Chennai,4,4,1308.34,3,9.7,2478,3,2,1,2023-10-01
SHIP04587,CUST4084,Fashion,A,Road,Bangalore-Chennai,2,4,2012.11,4,40.5,3039,6,9,0,2023-02-04
SHIP04588,CUST1162,Sporting Goods,C,Flight,Hyderabad-Pune,5,4,1110.94,7,58.0,5181,8,11,0,2023-09-20
SHIP04589,CUST7995,Fashion,D,Ship,Bangalore-Chennai,2,4,361.33,2,16.9,3448,7,12,0,2023-06-21
SHIP04590,CUST9605,Home & Garden,C,Road,Hyderabad-Pune,5,1,3049.3,6,26.0,1230,9,14,0,2023-11-09
SHIP04591,CUST4251,Electronics,D,Ship,Kolkata-Delhi,3,4,3630.44,5,32.6,5357,7,9,0,2023-09-26
SHIP04592,CUST5389,Home & Garden,D,Ship,Delhi-Mumbai,2,5,3453.17,2,44.7,1351,10,10,1,2023-05-18
SHIP04593,CUST5025,Books,F,Ship,Hyderabad-Pune,5,1,3458.63,2,9.0,2488,5,7,0,2023-06-06
SHIP04594,CUST2578,Fashion,F,Flight,Delhi-Mumbai,2,4,2597.18,0,21.1,1886,4,5,0,2023-12-02
SHIP04595,CUST3706,Fashion,D,Ship,Delhi-Mumbai,7,5,4312.1,7,32.4,4045,9,13,0,2023-06-19
SHIP04596,CUST1757,Fashion,B,Ship,Bangalore-Chennai,4,1,2431.47,4,49.4,4803,4,7,0,2023-01-28
SHIP04597,CUST7982,Cosmetics,C,Road,Mumbai-Chennai,4,3,4983.05,3,5.0,1506,7,7,1,2023-03-24
SHIP04598,CUST4800,Sporting Goods,C,Flight,Delhi-Bangalore,4,4,4796.92,7,15.3,3912,6,6,1,2023-04-22
SHIP04599,CUST2264,Sporting Goods,D,Road,Mumbai-Chennai,7,3,3052.32,6,35.5,2135,8,11,0,2023-03-31
SHIP04600,CUST3231,Books,A,Ship,Mumbai-Chennai,3,5,2558.92,8,12.7,6052,7,7,1,2023-02-17
SHIP04601,CUST1343,Cosmetics,F,Ship,Mumbai-Chennai,1,2,4623.36,5,30.4,6431,5,9,0,2023-04-16
SHIP04602,CUST8491,Cosmetics,F,Road,Bangalore-Chennai,6,2,4224.08,4,16.5,6839,9,11,0,2023-01-30
SHIP04603,CUST6339,Books,F,Flight,Delhi-Mumbai,1,2,4214.28,5,52.5,6680,8,9,0,2023-08-29
SHIP04604,CUST8970,Fashion,A,Road,Delhi-Mumbai,2,3,870.84,4,20.6,6940,9,14,0,2023-09-27
SHIP04605,CUST5583,Cosmetics,F,Flight,Mumbai-Chennai,5,2,3572.85,0,52.0,1119,9,9,1,2023-10-20
SHIP04606,CUST6651,Sporting Goods,D,Ship,Kolkata-Delhi,2,2,3505.77,7,22.7,2534,6,11,0,2023-06-27
SHIP04607,CUST3533,Cosmetics,C,Ship,Delhi-Mumbai,6,1,947.67,8,50.8,2330,10,14,0,2023-02-06
SHIP04608,CUST8122,Cosmetics,C,Road,Kolkata-Delhi,1,4,3278.42,5,37.6,6083,3,5,0,2023-05-08
SHIP04609,CUST2916,Sporting Goods,D,Road,Bangalore-Chennai,7,3,1181.08,3,22.5,2175,3,7,0,2023-12-16
SHIP04610,CUST1436,Fashion,A,Ship,Delhi-Mumbai,5,4,126.31,0,62.4,1328,6,9,0,2023-06-20
SHIP04611,CUST1902,Home & Garden,B,Ship,Bangalore-Chennai,2,1,2754.78,3,37.4,3943,5,5,1,2023-03-07
SHIP04612,CUST9669,Sporting Goods,F,Ship,Mumbai-Chennai,4,4,447.33,7,7.6,1127,9,14,0,2023-01-26
SHIP04613,CUST9790,Fashion,C,Flight,Mumbai-Chennai,5,5,3632.9,1,58.8,2568,4,5,0,2023-08-29
SHIP04614,CUST7860,Home & Garden,A,Road,Kolkata-Delhi,5,5,3184.98,8,23.7,6873,3,8,0,2023-07-20
SHIP04615,CUST3995,Cosmetics,B,Ship,Kolkata-Delhi,1,2,4162.85,5,3.5,6641,9,14,0,2023-01-20
SHIP04616,CUST1255,Cosmetics,B,Ship,Bangalore-Chennai,4,1,4672.56,5,10.0,3255,7,12,0,2023-06-24
SHIP04617,CUST5213,Books,C,Flight,Mumbai-Chennai,4,5,2136.85,7,25.8,6205,4,8,0,2023-08-07
SHIP04618,CUST2967,Home & Garden,B,Road,Hyderabad-Pune,3,1,185.0,0,54.4,1898,7,9,0,2023-11-11
SHIP04619,CUST5310,Fashion,D,Road,Mumbai-Chennai,4,1,184.48,7,15.6,2460,6,11,0,2023-08-16
SHIP04620,CUST6326,Books,F,Road,Delhi-Bangalore,2,4,2194.74,2,41.7,2157,6,6,1,2023-03-17
SHIP04621,CUST5400,Home & Garden,A,Ship,Mumbai-Chennai,3,1,2406.5,6,24.0,5415,6,10,0,2023-05-01
SHIP04622,CUST2286,Electronics,A,Ship,Delhi-Mumbai,3,5,522.8,1,34.4,4122,9,14,0,2023-08-12
SHIP04623,CUST9185,Sporting Goods,B,Road,Delhi-Bangalore,6,2,4789.63,8,43.2,1698,5,9,0,2023-05-18
SHIP04624,CUST7467,Sporting Goods,D,Ship,Delhi-Mumbai,3,3,3203.46,8,3.1,1154,7,6,1,2023-03-07
SHIP04625,CUST6545,Cosmetics,C,Ship,Bangalore-Chennai,2,1,2593.94,3,47.8,5518,10,11,0,2023-09-13
SHIP04626,CUST1888,Books,F,Flight,Mumbai-Chennai,3,4,2726.37,5,1.1,6469,5,5,1,2023-09-09
SHIP04627,CUST2435,Fashion,F,Flight,Bangalore-Chennai,6,3,4277.8,8,61.2,2449,6,10,0,2023-10-05
SHIP04628,CUST5584,Home & Garden,D,Ship,Delhi-Mumbai,4,4,1323.06,7,43.0,1547,6,6,1,2023-07-26
SHIP04629,CUST4155,Cosmetics,A,Flight,Mumbai-Chennai,7,5,2483.31,2,30.7,2908,3,5,0,2023-07-05
SHIP04630,CUST9749,Fashion,D,Ship,Bangalore-Chennai,6,4,2392.6,6,55.2,6958,4,8,0,2023-01-20
SHIP04631,CUST1361,Home & Garden,A,Road,Kolkata-Delhi,5,4,152.36,5,25.0,1821,3,5,0,2023-12-22
SHIP04632,CUST4061,Sporting Goods,F,Ship,Delhi-Mumbai,6,1,4936.32,5,32.7,3492,4,9,0,2023-10-12
SHIP04633,CUST4890,Electronics,F,Flight,Mumbai-Chennai,2,2,3486.24,3,7.3,3145,6,7,0,2023-10-15
SHIP04634,CUST7685,Sporting Goods,A,Road,Bangalore-Chennai,4,1,3330.4,5,42.0,5468,5,8,0,2023-11-19
SHIP04635,CUST6196,Books,C,Road,Kolkata-Delhi,3,2,945.46,6,52.6,5651,9,9,1,2023-05-09
SHIP04636,CUST9662,Fashion,A,Ship,Delhi-Bangalore,7,3,2720.04,8,50.5,4016,5,6,0,2023-06-25
SHIP04637,CUST5160,Books,C,Road,Delhi-Mumbai,6,1,2584.09,5,54.8,3377,9,13,0,2023-05-06
SHIP04638,CUST4054,Cosmetics,B,Flight,Kolkata-Delhi,5,2,1513.93,7,37.9,6616,6,5,1,2023-11-08
SHIP04639,CUST2294,Sporting Goods,A,Flight,Bangalore-Chennai,4,1,4503.16,7,29.4,1768,6,6,1,2023-09-14
SHIP04640,CUST5661,Electronics,B,Ship,Kolkata-Delhi,7,2,2240.09,7,20.2,4727,4,3,1,2023-04-26
SHIP04641,CUST2087,Sporting Goods,C,Road,Hyderabad-Pune,1,1,3982.76,0,48.9,1739,7,6,1,2023-08-31
SHIP04642,CUST3760,Books,A,Flight,Hyderabad-Pune,5,1,1350.8,0,5.2,6952,6,6,1,2023-01-31
SHIP04643,CUST3648,Electronics,C,Road,Bangalore-Chennai,5,1,2943.09,7,49.9,2206,6,11,0,2023-11-25
SHIP04644,CUST8344,Books,D,Flight,Mumbai-Chennai,4,1,2636.77,4,27.7,5697,7,8,0,2023-05-08
SHIP04645,CUST9934,Books,B,Ship,Kolkata-Delhi,3,5,3824.9,4,31.7,1364,4,5,0,2023-12-19
SHIP04646,CUST8559,Books,A,Road,Delhi-Bangalore,6,5,3794.01,8,51.2,2825,4,5,0,2023-09-21
SHIP04647,CUST6694,Cosmetics,A,Road,Kolkata-Delhi,5,5,1955.14,1,8.8,4302,5,10,0,2023-07-12
SHIP04648,CUST2936,Cosmetics,F,Road,Delhi-Bangalore,6,4,4359.53,0,43.9,5115,9,13,0,2023-11-12
SHIP04649,CUST6817,Cosmetics,C,Road,Bangalore-Chennai,4,3,4215.38,7,28.8,3619,9,13,0,2023-07-12
SHIP04650,CUST8903,Fashion,F,Ship,Delhi-Mumbai,4,3,266.57,6,34.1,2574,10,12,0,2023-08-11
SHIP04651,CUST4850,Fashion,F,Ship,Mumbai-Chennai,4,3,3486.94,2,28.2,5607,6,11,0,2023-09-01
SHIP04652,CUST8353,Electronics,D,Ship,Bangalore-Chennai,7,5,4533.06,5,17.0,4298,9,14,0,2023-06-22
SHIP04653,CUST3546,Electronics,D,Ship,Delhi-Bangalore,1,2,1167.49,5,33.4,4594,3,7,0,2023-07-04
SHIP04654,CUST9321,Sporting Goods,A,Ship,Bangalore-Chennai,7,2,2983.27,5,21.7,5095,5,10,0,2023-11-18
SHIP04655,CUST1903,Sporting Goods,F,Road,Delhi-Bangalore,4,1,2249.32,1,54.1,6507,9,12,0,2023-04-22
SHIP04656,CUST4087,Books,A,Flight,Bangalore-Chennai,3,2,3887.35,4,40.6,5611,3,5,0,2023-03-07
SHIP04657,CUST1050,Books,F,Flight,Hyderabad-Pune,6,4,2491.15,1,45.7,2297,10,11,0,2023-08-21
SHIP04658,CUST6180,Sporting Goods,D,Ship,Mumbai-Chennai,2,4,1930.93,0,63.0,3053,7,10,0,2023-09-28
SHIP04659,CUST7419,Cosmetics,B,Flight,Delhi-Mumbai,5,5,1959.24,8,43.2,1465,4,6,0,2023-03-14
SHIP04660,CUST3337,Electronics,C,Flight,Kolkata-Delhi,4,1,408.82,1,33.2,1972,4,8,0,2023-05-07
SHIP04661,CUST5387,Home & Garden,F,Road,Hyderabad-Pune,2,1,2434.0,1,59.2,5982,10,9,1,2023-01-04
SHIP04662,CUST2290,Fashion,A,Road,Hyderabad-Pune,6,4,258.54,0,12.4,3559,3,3,1,2023-03-30
SHIP04663,CUST2472,Cosmetics,B,Flight,Delhi-Mumbai,4,3,4565.32,4,26.5,3829,9,8,1,2023-11-21
SHIP04664,CUST2407,Fashion,B,Ship,Mumbai-Chennai,3,5,467.47,4,48.5,1713,8,9,0,2023-06-17
SHIP04665,CUST7654,Fashion,A,Road,Delhi-Bangalore,4,2,1240.21,6,46.5,5169,8,12,0,2023-07-30
SHIP04666,CUST1893,Cosmetics,C,Flight,Delhi-Bangalore,3,2,4506.59,5,55.1,1011,9,10,0,2023-01-10
SHIP04667,CUST7770,Home & Garden,B,Flight,Mumbai-Chennai,4,1,4054.62,6,39.9,6122,4,7,0,2023-02-14
SHIP04668,CUST2623,Fashion,C,Ship,Mumbai-Chennai,7,3,833.55,4,35.6,4548,10,12,0,2023-09-17
SHIP04669,CUST2062,Books,C,Ship,Mumbai-Chennai,1,5,184.82,4,12.8,3876,7,12,0,2023-10-26
SHIP04670,CUST5543,Electronics,D,Ship,Hyderabad-Pune,2,5,3584.5,6,23.7,2674,4,9,0,2023-09-24
SHIP04671,CUST1805,Electronics,C,Road,Bangalore-Chennai,5,1,4341.56,6,49.8,3295,5,7,0,2023-02-13
SHIP04672,CUST8734,Books,A,Road,Hyderabad-Pune,5,1,2921.71,2,42.1,3968,6,9,0,2023-05-16
SHIP04673,CUST7278,Fashion,B,Road,Bangalore-Chennai,6,2,3328.19,6,8.3,5772,3,6,0,2023-02-18
SHIP04674,CUST8020,Home & Garden,D,Road,Delhi-Mumbai,1,5,927.28,4,63.6,1885,6,6,1,2023-10-10
SHIP04675,CUST1042,Electronics,D,Ship,Delhi-Bangalore,7,5,652.11,3,59.2,6371,5,8,0,2023-04-19
SHIP04676,CUST2899,Cosmetics,D,Road,Delhi-Mumbai,4,4,2059.91,6,0.5,6080,5,6,0,2023-07-06
SHIP04677,CUST3304,Sporting Goods,B,Ship,Delhi-Bangalore,6,3,2868.5,3,47.6,3960,4,3,1,2023-08-30
SHIP04678,CUST5050,Home & Garden,D,Ship,Bangalore-Chennai,7,5,4305.44,2,46.7,3900,6,5,1,2023-07-11
SHIP04679,CUST1459,Sporting Goods,C,Ship,Mumbai-Chennai,7,4,3359.12,1,49.1,4515,3,8,0,2023-05-20
SHIP04680,CUST9818,Fashion,A,Road,Bangalore-Chennai,2,3,1498.63,8,10.5,1792,5,8,0,2023-12-08
SHIP04681,CUST3132,Sporting Goods,D,Ship,Delhi-Bangalore,5,4,4281.05,4,41.9,6705,9,9,1,2023-07-12
SHIP04682,CUST3660,Fashion,B,Ship,Mumbai-Chennai,2,4,1079.76,8,47.1,4217,10,10,1,2023-03-14
SHIP04683,CUST5118,Electronics,C,Flight,Delhi-Bangalore,5,4,4712.85,8,18.2,3844,4,4,1,2023-06-24
SHIP04684,CUST8628,Home & Garden,A,Flight,Kolkata-Delhi,3,2,1438.14,1,0.2,4753,3,4,0,2023-05-13
SHIP04685,CUST7335,Books,C,Ship,Mumbai-Chennai,2,2,2937.23,2,17.4,3200,7,11,0,2023-01-18
SHIP04686,CUST2944,Sporting Goods,F,Flight,Mumbai-Chennai,1,5,3295.25,7,31.4,3161,6,7,0,2023-07-11
SHIP04687,CUST2980,Books,C,Road,Kolkata-Delhi,1,4,2175.24,5,51.5,1004,10,10,1,2023-10-06
SHIP04688,CUST3839,Fashion,A,Flight,Delhi-Bangalore,6,4,2273.36,1,16.8,3336,4,8,0,2023-08-08
SHIP04689,CUST9486,Home & Garden,F,Ship,Kolkata-Delhi,1,3,942.3,8,56.6,6610,10,10,1,2023-05-25
SHIP04690,CUST7962,Sporting Goods,B,Road,Delhi-Mumbai,7,5,4291.13,8,11.4,6935,6,5,1,2023-06-15
SHIP04691,CUST1070,Sporting Goods,F,Road,Delhi-Bangalore,2,1,2943.33,2,23.2,6129,10,14,0,2023-09-15
SHIP04692,CUST5485,Fashion,B,Road,Mumbai-Chennai,6,3,2506.46,1,13.8,6978,4,3,1,2023-11-28
SHIP04693,CUST3141,Sporting Goods,F,Ship,Delhi-Bangalore,3,1,211.48,2,11.0,5896,5,7,0,2023-10-25
SHIP04694,CUST8595,Sporting Goods,F,Road,Hyderabad-Pune,2,3,3965.24,4,60.3,2383,5,10,0,2023-07-04
SHIP04695,CUST4801,Fashion,B,Flight,Delhi-Mumbai,5,1,4292.83,7,30.8,1263,9,14,0,2023-01-18
SHIP04696,CUST9751,Electronics,D,Ship,Mumbai-Chennai,1,4,2756.26,2,19.1,1110,3,3,1,2023-09-04
SHIP04697,CUST3648,Books,A,Road,Mumbai-Chennai,1,3,512.89,2,9.1,5179,8,13,0,2023-10-22
SHIP04698,CUST1352,Sporting Goods,F,Road,Bangalore-Chennai,4,3,2931.45,1,6.7,4621,9,11,0,2023-01-24
SHIP04699,CUST2023,Fashion,D,Flight,Hyderabad-Pune,6,4,1315.71,2,45.3,6027,4,5,0,2023-10-26
SHIP04700,CUST3391,Home & Garden,F,Road,Kolkata-Delhi,5,3,2653.58,3,17.5,2878,3,8,0,2023-02-24
SHIP04701,CUST8234,Sporting Goods,D,Road,Kolkata-Delhi,1,3,1629.98,2,52.6,6997,5,8,0,2023-12-17
SHIP04702,CUST6308,Cosmetics,A,Road,Mumbai-Chennai,4,4,352.9,7,64.0,5916,8,12,0,2023-11-14
SHIP04703,CUST1771,Fashion,C,Ship,Delhi-Bangalore,4,2,4523.41,2,7.4,4851,4,8,0,2023-11-26
SHIP04704,CUST1180,Home & Garden,A,Flight,Mumbai-Chennai,5,5,3264.03,6,27.3,1902,5,5,1,2023-05-17
SHIP04705,CUST9879,Cosmetics,A,Flight,Delhi-Mumbai,1,3,1589.11,1,7.3,6708,7,11,0,2023-04-24
SHIP04706,CUST2878,Sporting Goods,B,Road,Bangalore-Chennai,4,3,3389.93,5,7.6,2681,8,11,0,2023-05-12
SHIP04707,CUST7389,Cosmetics,C,Road,Delhi-Mumbai,3,2,532.14,7,58.6,1190,6,8,0,2023-12-01
SHIP04708,CUST9959,Electronics,A,Ship,Delhi-Mumbai,4,2,2820.63,2,17.8,3223,3,7,0,2023-02-17
SHIP04709,CUST6690,Home & Garden,F,Road,Mumbai-Chennai,1,5,3078.49,8,7.8,5745,6,6,1,2023-07-16
SHIP04710,CUST6412,Home & Garden,A,Flight,Hyderabad-Pune,1,3,1496.49,3,26.0,5571,10,13,0,2023-12-01
SHIP04711,CUST5419,Home & Garden,F,Road,Mumbai-Chennai,5,5,1104.12,4,40.1,1404,3,7,0,2023-04-20
SHIP04712,CUST1548,Electronics,D,Road,Mumbai-Chennai,4,5,2750.58,8,45.6,2541,3,6,0,2023-02-05
SHIP04713,CUST8710,Sporting Goods,B,Flight,Kolkata-Delhi,3,1,3835.03,3,46.0,4661,6,5,1,2023-07-23
SHIP04714,CUST1443,Books,D,Flight,Delhi-Mumbai,5,1,394.9,7,7.2,5712,8,7,1,2023-06-22
SHIP04715,CUST7157,Home & Garden,A,Ship,Mumbai-Chennai,5,2,4165.3,0,35.1,3688,4,6,0,2023-11-16
SHIP04716,CUST5739,Sporting Goods,C,Flight,Bangalore-Chennai,3,5,1058.93,3,5.5,3984,6,10,0,2023-09-13
SHIP04717,CUST5195,Sporting Goods,B,Flight,Kolkata-Delhi,5,1,3985.94,6,33.6,5210,9,11,0,2023-06-20
SHIP04718,CUST7158,Books,B,Ship,Delhi-Mumbai,1,5,2375.32,3,1.5,6140,4,3,1,2023-08-29
SHIP04719,CUST3106,Fashion,B,Flight,Mumbai-Chennai,5,5,658.47,1,10.8,4603,4,6,0,2023-08-05
SHIP04720,CUST6940,Electronics,F,Ship,Kolkata-Delhi,5,3,1624.18,4,25.3,4561,10,12,0,2023-02-20
SHIP04721,CUST3276,Home & Garden,F,Flight,Kolkata-Delhi,3,4,553.07,5,16.7,3867,3,2,1,2023-05-11
SHIP04722,CUST6781,Electronics,F,Flight,Delhi-Mumbai,3,5,4283.43,0,63.1,1546,7,12,0,2023-08-14
SHIP04723,CUST1351,Home & Garden,C,Road,Mumbai-Chennai,3,5,2171.62,5,9.4,1897,7,6,1,2023-12-21
SHIP04724,CUST8483,Books,B,Road,Bangalore-Chennai,1,4,4513.33,6,48.3,4981,9,10,0,2023-05-07
SHIP04725,CUST5206,Books,C,Ship,Delhi-Mumbai,7,2,608.56,5,31.3,5863,8,12,0,2023-03-19
SHIP04726,CUST6687,Sporting Goods,A,Ship,Delhi-Bangalore,3,3,3809.81,7,28.4,2915,10,9,1,2023-07-27
SHIP04727,CUST1698,Books,F,Flight,Bangalore-Chennai,5,1,4384.54,2,64.5,4764,9,9,1,2023-06-17
SHIP04728,CUST7801,Fashion,B,Road,Bangalore-Chennai,2,3,983.03,6,0.1,4777,4,9,0,2023-08-03
SHIP04729,CUST6624,Home & Garden,F,Ship,Delhi-Bangalore,2,4,583.08,5,42.6,3129,10,10,1,2023-08-02
SHIP04730,CUST1089,Electronics,F,Ship,Delhi-Bangalore,2,2,3253.85,0,3.3,3656,5,10,0,2023-08-20
SHIP04731,CUST7538,Cosmetics,C,Ship,Kolkata-Delhi,1,5,4628.06,5,14.3,1927,6,5,1,2023-05-22
SHIP04732,CUST5833,Books,F,Ship,Mumbai-Chennai,7,4,970.76,8,57.3,3781,4,5,0,2023-07-26
SHIP04733,CUST9340,Home & Garden,F,Ship,Delhi-Bangalore,4,3,2857.29,1,22.4,6764,6,10,0,2023-02-24
SHIP04734,CUST9534,Cosmetics,A,Flight,Kolkata-Delhi,2,5,1125.27,0,13.5,2086,9,10,0,2023-07-06
SHIP04735,CUST9413,Electronics,D,Ship,Delhi-Mumbai,5,2,4359.78,1,54.1,3739,5,4,1,2023-08-11
SHIP04736,CUST2435,Fashion,C,Ship,Delhi-Bangalore,1,5,2776.1,3,18.9,6336,8,10,0,2023-05-15
SHIP04737,CUST2185,Sporting Goods,C,Flight,Bangalore-Chennai,6,3,3184.55,7,58.2,4180,4,6,0,2023-10-22
SHIP04738,CUST4303,Cosmetics,D,Ship,Delhi-Mumbai,4,1,3774.01,0,14.8,4004,9,9,1,2023-06-26
SHIP04739,CUST3001,Books,D,Flight,Kolkata-Delhi,3,5,3633.48,2,13.5,1047,10,14,0,2023-05-18
SHIP04740,CUST5793,Fashion,B,Ship,Kolkata-Delhi,1,4,4957.54,4,14.8,2779,3,3,1,2023-04-05
SHIP04741,CUST6826,Electronics,F,Road,Hyderabad-Pune,4,2,4597.42,1,4.5,2093,6,10,0,2023-12-22
SHIP04742,CUST4478,Books,A,Flight,Kolkata-Delhi,4,3,715.85,1,47.3,1765,5,7,0,2023-01-05
SHIP04743,CUST5023,Electronics,A,Ship,Delhi-Mumbai,5,1,251.33,4,25.5,1393,10,15,0,2023-12-22
SHIP04744,CUST1767,Home & Garden,F,Flight,Kolkata-Delhi,4,5,4072.75,5,5.8,2640,8,8,1,2023-11-28
SHIP04745,CUST3975,Fashion,D,Road,Hyderabad-Pune,2,5,4538.62,0,10.8,2756,8,8,1,2023-08-30
SHIP04746,CUST9663,Sporting Goods,F,Ship,Kolkata-Delhi,7,4,3032.99,6,23.2,4875,5,6,0,2023-05-18
SHIP04747,CUST4495,Sporting Goods,C,Road,Delhi-Bangalore,5,5,590.07,6,15.3,1597,9,10,0,2023-06-09
SHIP04748,CUST5840,Home & Garden,B,Flight,Kolkata-Delhi,3,5,3546.63,1,61.7,4327,5,10,0,2023-12-02
SHIP04749,CUST5347,Books,D,Road,Bangalore-Chennai,1,5,874.86,2,13.9,6846,3,7,0,2023-09-18
SHIP04750,CUST5744,Home & Garden,D,Road,Mumbai-Chennai,5,3,2673.76,6,50.6,3542,7,11,0,2023-05-19
SHIP04751,CUST5300,Fashion,A,Road,Mumbai-Chennai,4,2,3141.14,1,16.7,4108,7,8,0,2023-02-11
SHIP04752,CUST4594,Fashion,F,Ship,Mumbai-Chennai,2,5,735.27,6,51.1,6432,3,5,0,2023-02-02
SHIP04753,CUST4466,Books,F,Flight,Mumbai-Chennai,3,3,3724.96,2,58.3,6934,9,8,1,2023-03-09
SHIP04754,CUST8233,Fashion,A,Flight,Kolkata-Delhi,4,2,395.34,7,36.5,2975,4,9,0,2023-04-17
SHIP04755,CUST7473,Fashion,A,Road,Kolkata-Delhi,3,2,2859.51,1,49.4,6247,6,7,0,2023-07-24
SHIP04756,CUST9470,Books,F,Ship,Hyderabad-Pune,7,2,4428.43,5,0.9,2935,6,9,0,2023-03-22
SHIP04757,CUST6273,Home & Garden,A,Flight,Delhi-Mumbai,4,5,682.94,1,44.5,3171,7,10,0,2023-11-23
SHIP04758,CUST9228,Home & Garden,D,Road,Kolkata-Delhi,2,1,2400.45,6,60.2,6528,9,9,1,2023-08-24
SHIP04759,CUST6075,Fashion,F,Ship,Mumbai-Chennai,3,3,2106.72,5,5.4,3199,10,14,0,2023-04-01
SHIP04760,CUST1573,Electronics,C,Flight,Kolkata-Delhi,6,2,1296.15,4,20.9,3325,10,11,0,2023-04-15
SHIP04761,CUST2462,Fashion,B,Ship,Delhi-Mumbai,5,5,3270.52,8,19.3,1820,8,13,0,2023-01-02
SHIP04762,CUST1879,Home & Garden,F,Ship,Delhi-Mumbai,5,5,2649.96,3,1.5,5635,6,5,1,2023-03-07
SHIP04763,CUST3482,Books,A,Ship,Bangalore-Chennai,3,1,4066.12,6,26.5,5850,5,9,0,2023-04-05
SHIP04764,CUST7616,Sporting Goods,B,Road,Hyderabad-Pune,2,5,906.71,6,29.1,1494,10,9,1,2023-12-15
SHIP04765,CUST8878,Cosmetics,B,Flight,Bangalore-Chennai,7,3,2943.65,6,12.0,6453,3,7,0,2023-01-04
SHIP04766,CUST2888,Fashion,A,Ship,Mumbai-Chennai,3,2,353.8,2,22.0,3068,8,11,0,2023-01-10
SHIP04767,CUST7370,Cosmetics,F,Ship,Kolkata-Delhi,1,4,2430.29,5,59.5,3444,6,8,0,2023-05-13
SHIP04768,CUST2414,Home & Garden,F,Ship,Delhi-Bangalore,1,1,3135.85,4,59.1,3707,7,6,1,2023-04-18
SHIP04769,CUST6685,Home & Garden,C,Ship,Delhi-Bangalore,1,4,4071.3,8,54.6,3881,10,10,1,2023-01-10
SHIP04770,CUST7348,Sporting Goods,C,Flight,Delhi-Mumbai,3,5,4100.34,6,3.5,2302,8,7,1,2023-03-20
SHIP04771,CUST5619,Sporting Goods,F,Ship,Hyderabad-Pune,2,5,3207.91,8,47.5,6830,5,8,0,2023-09-15
SHIP04772,CUST9657,Electronics,A,Ship,Kolkata-Delhi,6,3,4708.93,2,34.5,3335,9,11,0,2023-09-16
SHIP04773,CUST1524,Home & Garden,B,Road,Delhi-Bangalore,6,4,605.77,4,56.4,1783,7,11,0,2023-04-11
SHIP04774,CUST8293,Electronics,D,Road,Delhi-Bangalore,4,3,3556.7,0,2.9,6396,9,14,0,2023-04-30
SHIP04775,CUST5813,Electronics,D,Road,Hyderabad-Pune,2,5,4557.6,7,47.7,5199,8,7,1,2023-04-04
SHIP04776,CUST9320,Home & Garden,F,Ship,Mumbai-Chennai,7,5,221.17,5,56.2,2398,4,3,1,2023-05-15
SHIP04777,CUST9564,Home & Garden,A,Flight,Delhi-Mumbai,7,3,2547.23,1,16.9,6569,7,10,0,2023-08-17
SHIP04778,CUST6722,Electronics,C,Road,Kolkata-Delhi,5,5,4167.43,2,38.4,6290,10,12,0,2023-10-23
SHIP04779,CUST1554,Books,A,Flight,Hyderabad-Pune,5,3,3404.07,4,45.4,4307,6,8,0,2023-11-20
SHIP04780,CUST6076,Cosmetics,F,Ship,Mumbai-Chennai,1,3,3306.91,2,49.9,5106,6,6,1,2023-01-06
SHIP04781,CUST7226,Cosmetics,D,Flight,Delhi-Mumbai,4,3,1285.86,7,18.2,4343,7,7,1,2023-08-28
SHIP04782,CUST6628,Cosmetics,B,Road,Kolkata-Delhi,1,4,1553.06,6,4.4,6782,9,14,0,2023-08-14
SHIP04783,CUST9485,Home & Garden,F,Flight,Delhi-Bangalore,3,1,4537.21,1,28.0,5046,4,3,1,2023-07-27
SHIP04784,CUST3685,Home & Garden,D,Road,Delhi-Bangalore,3,2,949.11,1,0.7,1670,7,9,0,2023-10-08
SHIP04785,CUST9575,Fashion,A,Flight,Hyderabad-Pune,6,1,1422.31,0,5.5,2058,3,3,1,2023-12-03
SHIP04786,CUST8427,Home & Garden,D,Flight,Bangalore-Chennai,5,1,4976.72,7,37.0,1790,3,8,0,2023-02-11
SHIP04787,CUST9202,Electronics,B,Road,Delhi-Mumbai,2,3,1678.36,8,10.0,4914,7,7,1,2023-04-07
SHIP04788,CUST9160,Electronics,F,Ship,Kolkata-Delhi,5,3,2298.21,3,26.6,3360,3,6,0,2023-01-13
SHIP04789,CUST3923,Books,C,Road,Kolkata-Delhi,1,2,1992.24,1,40.9,6419,5,6,0,2023-05-21
SHIP04790,CUST8149,Sporting Goods,B,Ship,Kolkata-Delhi,7,2,2901.39,2,8.6,2929,7,9,0,2023-07-27
SHIP04791,CUST8170,Electronics,F,Flight,Bangalore-Chennai,2,2,4156.08,4,49.1,3266,4,8,0,2023-09-25
SHIP04792,CUST8200,Home & Garden,A,Road,Delhi-Bangalore,5,1,3472.2,8,46.8,3639,8,8,1,2023-10-26
SHIP04793,CUST9218,Electronics,B,Road,Mumbai-Chennai,3,1,4673.49,2,29.3,2639,9,13,0,2023-11-01
SHIP04794,CUST7201,Sporting Goods,C,Road,Mumbai-Chennai,1,3,4057.38,7,39.0,3162,9,13,0,2023-03-09
SHIP04795,CUST2342,Home & Garden,B,Flight,Bangalore-Chennai,5,2,2063.91,0,54.4,4533,7,9,0,2023-06-17
SHIP04796,CUST5081,Books,F,Ship,Delhi-Mumbai,6,1,167.57,2,38.6,5393,3,6,0,2023-03-08
SHIP04797,CUST8892,Books,F,Ship,Bangalore-Chennai,3,4,1638.91,5,13.2,5993,3,5,0,2023-11-23
SHIP04798,CUST3785,Electronics,B,Road,Hyderabad-Pune,1,4,3154.81,3,51.7,3623,5,5,1,2023-04-03
SHIP04799,CUST3449,Fashion,B,Flight,Delhi-Bangalore,2,3,1369.32,4,4.6,4210,6,11,0,2023-03-31
SHIP04800,CUST9602,Books,A,Flight,Hyderabad-Pune,5,5,1428.03,2,64.4,2344,3,6,0,2023-04-20
SHIP04801,CUST3079,Fashion,F,Road,Mumbai-Chennai,4,4,685.36,7,5.3,5164,6,10,0,2023-04-09
SHIP04802,CUST7553,Fashion,B,Ship,Delhi-Bangalore,6,2,2285.86,5,46.5,6578,4,9,0,2023-09-18
SHIP04803,CUST6648,Books,C,Flight,Mumbai-Chennai,4,2,856.23,0,46.4,3163,5,4,1,2023-05-14
SHIP04804,CUST5165,Fashion,B,Road,Mumbai-Chennai,5,4,1083.14,3,32.0,5219,10,15,0,2023-05-15
SHIP04805,CUST9596,Fashion,D,Flight,Delhi-Bangalore,2,1,3783.62,0,26.0,1036,8,12,0,2023-01-27
SHIP04806,CUST8448,Cosmetics,B,Flight,Bangalore-Chennai,6,4,2466.63,5,62.0,3914,6,5,1,2023-11-24
SHIP04807,CUST6196,Cosmetics,B,Ship,Delhi-Bangalore,3,2,2557.55,7,49.8,5831,10,12,0,2023-02-17
SHIP04808,CUST9751,Books,F,Flight,Bangalore-Chennai,1,3,2240.41,4,44.1,4756,3,3,1,2023-05-07
SHIP04809,CUST3765,Cosmetics,F,Ship,Delhi-Bangalore,6,1,2360.94,6,10.1,5431,9,14,0,2023-02-23
SHIP04810,CUST6786,Fashion,B,Flight,Bangalore-Chennai,2,4,1705.84,1,56.6,6870,3,6,0,2023-11-11
SHIP04811,CUST1890,Electronics,D,Road,Bangalore-Chennai,7,1,411.85,7,20.9,3704,6,8,0,2023-03-19
SHIP04812,CUST8449,Cosmetics,C,Flight,Delhi-Bangalore,3,1,311.37,6,29.5,3487,8,12,0,2023-07-20
SHIP04813,CUST9324,Sporting Goods,A,Road,Kolkata-Delhi,1,4,2492.18,7,33.8,6830,7,8,0,2023-12-21
SHIP04814,CUST3714,Home & Garden,F,Ship,Delhi-Bangalore,6,1,4893.6,0,36.4,2837,3,3,1,2023-01-10
SHIP04815,CUST8861,Electronics,C,Road,Mumbai-Chennai,7,1,4963.68,3,40.1,2590,7,6,1,2023-10-01
SHIP04816,CUST9348,Electronics,B,Flight,Mumbai-Chennai,2,1,4151.75,3,28.7,2802,3,8,0,2023-04-28
SHIP04817,CUST7048,Books,A,Flight,Hyderabad-Pune,5,5,630.8,8,32.4,3989,4,4,1,2023-12-31
SHIP04818,CUST3906,Books,F,Ship,Kolkata-Delhi,5,1,3147.49,2,59.0,2927,10,10,1,2023-03-12
SHIP04819,CUST2542,Books,A,Flight,Delhi-Bangalore,1,3,4761.14,7,36.5,2609,9,9,1,2023-10-23
SHIP04820,CUST9893,Electronics,D,Road,Delhi-Mumbai,5,3,2772.1,7,2.5,6316,3,8,0,2023-04-24
SHIP04821,CUST9811,Books,D,Flight,Mumbai-Chennai,7,3,2974.36,1,35.5,1670,9,13,0,2023-11-10
SHIP04822,CUST5304,Books,B,Flight,Delhi-Bangalore,3,3,4450.54,3,1.0,1839,3,2,1,2023-06-25
SHIP04823,CUST3221,Home & Garden,F,Flight,Delhi-Bangalore,7,2,180.85,2,41.6,4894,3,6,0,2023-09-11
SHIP04824,CUST7100,Fashion,A,Road,Mumbai-Chennai,7,2,2487.05,2,15.7,1987,5,7,0,2023-12-20
SHIP04825,CUST2110,Books,D,Flight,Delhi-Bangalore,5,2,2147.95,7,49.2,5773,7,7,1,2023-05-28
SHIP04826,CUST8221,Cosmetics,A,Road,Hyderabad-Pune,5,3,2096.22,5,12.3,3467,10,10,1,2023-08-27
SHIP04827,CUST8214,Home & Garden,A,Road,Kolkata-Delhi,7,5,1238.11,8,62.0,6125,9,13,0,2023-06-19
SHIP04828,CUST5756,Cosmetics,B,Road,Delhi-Bangalore,5,1,3840.08,7,48.9,4191,10,9,1,2023-08-07
SHIP04829,CUST1033,Sporting Goods,A,Ship,Delhi-Mumbai,1,1,2462.46,7,35.1,1957,3,4,0,2023-05-04
SHIP04830,CUST4331,Cosmetics,C,Ship,Hyderabad-Pune,5,4,3426.43,0,13.5,2502,5,9,0,2023-07-29
SHIP04831,CUST9441,Electronics,F,Ship,Delhi-Bangalore,5,2,888.39,4,42.2,4024,5,6,0,2023-01-29
SHIP04832,CUST6734,Books,C,Flight,Kolkata-Delhi,2,4,2641.6,7,46.1,2431,7,11,0,2023-12-22
SHIP04833,CUST8531,Electronics,D,Flight,Delhi-Mumbai,4,4,2834.47,7,36.9,5733,7,8,0,2023-08-13
SHIP04834,CUST7159,Electronics,B,Flight,Kolkata-Delhi,5,5,4356.0,3,29.4,1699,7,7,1,2023-01-03
SHIP04835,CUST4347,Electronics,F,Flight,Hyderabad-Pune,7,4,2862.24,1,11.5,1628,5,6,0,2023-11-06
SHIP04836,CUST7649,Fashion,C,Road,Hyderabad-Pune,1,3,2228.2,1,2.2,4184,5,4,1,2023-03-24
SHIP04837,CUST6318,Books,A,Road,Delhi-Bangalore,2,3,2154.53,8,56.2,3380,5,5,1,2023-12-30
SHIP04838,CUST4002,Sporting Goods,B,Road,Mumbai-Chennai,1,1,4348.15,5,57.6,2086,6,8,0,2023-12-11
SHIP04839,CUST5023,Fashion,A,Road,Delhi-Mumbai,5,2,2551.63,1,10.0,4944,3,2,1,2023-05-16
SHIP04840,CUST8062,Books,D,Road,Delhi-Bangalore,1,2,4860.46,7,11.0,3183,9,13,0,2023-08-03
SHIP04841,CUST4539,Cosmetics,C,Ship,Delhi-Bangalore,4,4,4444.03,8,61.5,3112,3,6,0,2023-11-09
SHIP04842,CUST2666,Books,F,Road,Kolkata-Delhi,4,5,3112.04,1,36.2,3673,4,5,0,2023-12-01
SHIP04843,CUST1046,Sporting Goods,C,Road,Bangalore-Chennai,4,3,1323.72,8,21.8,5669,4,7,0,2023-03-20
SHIP04844,CUST7605,Sporting Goods,C,Road,Mumbai-Chennai,6,5,4252.64,4,3.5,1812,7,6,1,2023-07-11
SHIP04845,CUST6956,Fashion,F,Flight,Bangalore-Chennai,7,5,3124.26,2,9.0,3782,3,8,0,2023-08-25
SHIP04846,CUST6257,Electronics,B,Ship,Mumbai-Chennai,5,2,4482.6,1,43.0,2512,10,15,0,2023-12-04
SHIP04847,CUST5408,Home & Garden,F,Flight,Mumbai-Chennai,6,1,1311.64,0,29.4,3598,10,10,1,2023-07-10
SHIP04848,CUST8011,Cosmetics,D,Ship,Delhi-Bangalore,5,4,2264.48,7,33.8,5616,5,6,0,2023-05-09
SHIP04849,CUST2318,Cosmetics,B,Road,Delhi-Mumbai,4,4,986.99,7,40.4,3448,3,5,0,2023-06-13
SHIP04850,CUST1630,Cosmetics,B,Flight,Bangalore-Chennai,2,2,3124.65,1,32.5,3246,3,6,0,2023-12-22
SHIP04851,CUST2129,Home & Garden,C,Flight,Mumbai-Chennai,1,2,3015.96,5,24.9,1158,3,3,1,2023-07-24
SHIP04852,CUST5600,Sporting Goods,C,Ship,Bangalore-Chennai,3,5,980.05,2,35.0,3687,8,12,0,2023-09-25
SHIP04853,CUST3191,Fashion,F,Ship,Mumbai-Chennai,1,1,3349.55,4,57.1,5186,9,8,1,2023-12-30
SHIP04854,CUST4975,Sporting Goods,A,Flight,Hyderabad-Pune,3,4,4821.59,7,0.4,3153,9,9,1,2023-08-01
SHIP04855,CUST2718,Cosmetics,C,Road,Delhi-Bangalore,1,4,886.45,1,57.2,1273,6,7,0,2023-12-10
SHIP04856,CUST4292,Books,A,Flight,Kolkata-Delhi,6,5,4869.97,1,49.8,4455,7,8,0,2023-07-23
SHIP04857,CUST9772,Books,F,Road,Kolkata-Delhi,3,3,2577.61,5,12.6,4872,8,7,1,2023-09-28
SHIP04858,CUST2332,Cosmetics,D,Road,Bangalore-Chennai,1,5,2082.84,1,6.8,5498,10,13,0,2023-09-19
SHIP04859,CUST5960,Books,D,Ship,Delhi-Bangalore,1,4,3238.2,8,49.7,3403,10,11,0,2023-11-26
SHIP04860,CUST8815,Books,D,Ship,Kolkata-Delhi,1,5,3872.5,5,47.9,5522,8,10,0,2023-05-27
SHIP04861,CUST7115,Cosmetics,C,Road,Delhi-Bangalore,2,4,3559.53,4,5.3,1581,6,7,0,2023-10-04
SHIP04862,CUST3463,Cosmetics,D,Ship,Delhi-Mumbai,6,3,4101.64,6,10.5,4284,8,10,0,2023-07-06
SHIP04863,CUST7020,Fashion,D,Road,Delhi-Bangalore,1,1,2835.48,4,25.9,1835,4,7,0,2023-01-30
SHIP04864,CUST7702,Electronics,D,Road,Kolkata-Delhi,6,3,2864.22,3,56.0,2955,9,13,0,2023-05-23
SHIP04865,CUST9826,Fashion,F,Road,Delhi-Bangalore,6,2,1211.01,1,17.1,3039,10,11,0,2023-06-18
SHIP04866,CUST9375,Home & Garden,F,Road,Delhi-Bangalore,5,2,3752.18,6,27.9,3636,5,6,0,2023-05-27
SHIP04867,CUST8347,Books,A,Ship,Hyderabad-Pune,1,1,843.11,8,60.6,1000,6,7,0,2023-09-13
SHIP04868,CUST3749,Books,D,Flight,Kolkata-Delhi,7,1,2385.82,0,33.0,5189,3,2,1,2023-04-16
SHIP04869,CUST6053,Books,F,Road,Hyderabad-Pune,1,4,4867.11,2,62.0,6691,9,14,0,2023-05-12
SHIP04870,CUST6663,Electronics,B,Road,Hyderabad-Pune,7,3,4675.75,2,23.0,1696,10,15,0,2023-07-31
SHIP04871,CUST2907,Home & Garden,B,Flight,Delhi-Bangalore,4,3,4935.04,2,63.5,1598,5,5,1,2023-10-21
SHIP04872,CUST7461,Electronics,D,Ship,Mumbai-Chennai,2,5,3786.38,3,13.8,1203,10,15,0,2023-07-22
SHIP04873,CUST1793,Cosmetics,A,Ship,Kolkata-Delhi,4,3,1611.69,0,35.0,3424,4,9,0,2023-12-09
SHIP04874,CUST2918,Cosmetics,C,Ship,Kolkata-Delhi,5,2,566.3,2,62.4,2823,9,10,0,2023-10-22
SHIP04875,CUST4707,Home & Garden,F,Flight,Kolkata-Delhi,2,1,4201.43,4,4.6,1244,4,9,0,2023-06-13
SHIP04876,CUST2713,Home & Garden,A,Flight,Mumbai-Chennai,5,4,3504.16,8,44.5,5585,6,8,0,2023-06-28
SHIP04877,CUST8436,Books,B,Road,Delhi-Bangalore,4,5,2026.32,2,52.8,3374,5,5,1,2023-11-09
SHIP04878,CUST7002,Home & Garden,A,Ship,Delhi-Bangalore,1,5,3386.89,1,17.1,6543,9,9,1,2023-07-04
SHIP04879,CUST4134,Home & Garden,F,Flight,Delhi-Bangalore,1,1,3891.29,6,23.7,5663,8,8,1,2023-06-14
SHIP04880,CUST5750,Home & Garden,C,Road,Bangalore-Chennai,5,5,591.14,5,9.6,1576,10,9,1,2023-06-22
SHIP04881,CUST4355,Sporting Goods,F,Road,Kolkata-Delhi,1,4,456.87,6,1.4,3359,3,3,1,2023-01-20
SHIP04882,CUST2627,Electronics,A,Flight,Kolkata-Delhi,5,4,3082.88,5,9.4,1331,5,4,1,2023-03-14
SHIP04883,CUST8071,Home & Garden,C,Ship,Mumbai-Chennai,6,3,3567.28,8,24.9,2164,3,6,0,2023-05-26
SHIP04884,CUST1903,Books,C,Flight,Mumbai-Chennai,7,1,2353.94,0,22.6,4135,5,5,1,2023-11-13
SHIP04885,CUST3352,Sporting Goods,B,Road,Bangalore-Chennai,4,5,4193.67,7,64.3,4112,10,10,1,2023-11-04
SHIP04886,CUST9068,Fashion,B,Flight,Hyderabad-Pune,7,2,4740.24,5,5.4,3984,7,11,0,2023-09-22
SHIP04887,CUST8612,Cosmetics,A,Ship,Mumbai-Chennai,5,2,3518.64,7,25.4,4785,5,4,1,2023-06-05
SHIP04888,CUST6617,Fashion,F,Ship,Kolkata-Delhi,7,3,1158.36,3,10.1,4233,6,6,1,2023-07-05
SHIP04889,CUST6526,Electronics,D,Ship,Mumbai-Chennai,5,2,2331.76,2,58.2,2899,5,10,0,2023-03-07
SHIP04890,CUST7731,Home & Garden,D,Flight,Mumbai-Chennai,7,1,1319.93,0,51.6,3676,3,2,1,2023-05-14
SHIP04891,CUST6166,Books,B,Ship,Delhi-Bangalore,5,4,615.1,0,52.9,1990,7,6,1,2023-10-05
SHIP04892,CUST4545,Fashion,A,Flight,Delhi-Mumbai,5,5,361.69,3,53.3,1336,3,4,0,2023-05-19
SHIP04893,CUST1898,Books,F,Flight,Kolkata-Delhi,5,3,3368.05,6,24.3,5271,9,13,0,2023-01-11
SHIP04894,CUST6759,Fashion,D,Flight,Kolkata-Delhi,5,3,2391.05,5,45.1,3402,7,7,1,2023-03-25
SHIP04895,CUST3873,Cosmetics,D,Flight,Delhi-Mumbai,1,5,1129.92,5,8.5,4340,7,7,1,2023-10-25
SHIP04896,CUST5576,Fashion,B,Ship,Delhi-Mumbai,4,4,384.29,5,11.4,5171,10,11,0,2023-11-09
SHIP04897,CUST9970,Cosmetics,A,Road,Mumbai-Chennai,2,1,3682.73,3,43.2,4739,4,5,0,2023-11-08
SHIP04898,CUST4611,Electronics,B,Flight,Delhi-Mumbai,3,5,1302.38,6,46.2,2746,10,12,0,2023-11-15
SHIP04899,CUST2113,Cosmetics,C,Road,Mumbai-Chennai,2,2,3683.49,3,41.1,4957,9,9,1,2023-04-28
SHIP04900,CUST4566,Electronics,D,Flight,Hyderabad-Pune,3,5,799.98,6,64.4,3457,10,14,0,2023-08-10
SHIP04901,CUST2111,Home & Garden,F,Road,Kolkata-Delhi,2,1,3237.23,7,49.0,3627,9,14,0,2023-11-15
SHIP04902,CUST6111,Books,B,Road,Hyderabad-Pune,7,2,2100.35,7,26.6,6112,4,5,0,2023-12-09
SHIP04903,CUST1386,Home & Garden,D,Ship,Delhi-Mumbai,6,3,4743.6,5,23.6,1793,3,5,0,2023-06-10
SHIP04904,CUST9929,Electronics,F,Road,Kolkata-Delhi,7,5,4377.47,1,5.6,5544,3,5,0,2023-06-03
SHIP04905,CUST2178,Books,F,Flight,Delhi-Bangalore,5,4,4528.99,1,47.4,4396,3,2,1,2023-09-07
SHIP04906,CUST6834,Cosmetics,B,Road,Mumbai-Chennai,2,1,2012.7,5,41.5,1566,6,10,0,2023-03-01
SHIP04907,CUST8888,Cosmetics,F,Ship,Mumbai-Chennai,3,2,1735.12,2,55.5,5519,4,6,0,2023-11-16
SHIP04908,CUST5872,Books,D,Ship,Hyderabad-Pune,6,1,3492.96,3,11.3,6785,5,9,0,2023-02-04
SHIP04909,CUST8763,Fashion,B,Flight,Kolkata-Delhi,3,5,4175.75,1,61.0,2966,4,3,1,2023-12-23
SHIP04910,CUST5903,Sporting Goods,F,Road,Bangalore-Chennai,1,3,2107.59,4,62.1,2674,3,8,0,2023-04-14
SHIP04911,CUST2288,Books,A,Road,Bangalore-Chennai,3,4,1126.7,1,51.4,5300,4,6,0,2023-03-12
SHIP04912,CUST1264,Books,A,Road,Hyderabad-Pune,4,5,4703.94,3,22.7,6591,9,14,0,2023-08-21
SHIP04913,CUST6924,Sporting Goods,B,Ship,Hyderabad-Pune,1,2,4864.99,2,23.3,4631,8,9,0,2023-06-01
SHIP04914,CUST9185,Fashion,C,Ship,Delhi-Bangalore,3,1,4668.77,4,45.0,4682,3,6,0,2023-10-25
SHIP04915,CUST2795,Books,F,Road,Kolkata-Delhi,6,2,3186.69,4,12.5,5491,9,10,0,2023-09-05
SHIP04916,CUST5842,Home & Garden,B,Road,Mumbai-Chennai,5,1,3915.64,2,50.8,4609,4,4,1,2023-02-15
SHIP04917,CUST9487,Home & Garden,C,Road,Mumbai-Chennai,1,2,747.59,7,46.8,4103,7,11,0,2023-06-27
SHIP04918,CUST1890,Cosmetics,D,Flight,Delhi-Bangalore,3,2,2298.75,3,48.8,6980,3,3,1,2023-02-19
SHIP04919,CUST6748,Electronics,F,Ship,Kolkata-Delhi,4,4,1555.95,2,4.2,1063,7,8,0,2023-05-19
SHIP04920,CUST4417,Books,C,Flight,Delhi-Bangalore,7,4,603.9,8,16.7,3717,6,5,1,2023-08-01
SHIP04921,CUST5416,Fashion,B,Flight,Delhi-Bangalore,3,2,3472.88,7,8.2,3551,10,14,0,2023-06-27
SHIP04922,CUST9350,Books,B,Ship,Delhi-Bangalore,3,2,1749.57,2,62.2,2490,9,12,0,2023-11-13
SHIP04923,CUST7480,Books,F,Ship,Delhi-Bangalore,2,5,1348.5,1,14.3,4906,10,12,0,2023-05-14
SHIP04924,CUST9095,Books,D,Road,Mumbai-Chennai,2,2,993.89,1,55.2,6133,3,4,0,2023-09-28
SHIP04925,CUST1549,Books,C,Ship,Bangalore-Chennai,2,2,3342.47,4,8.6,1386,5,9,0,2023-01-24
SHIP04926,CUST9929,Cosmetics,B,Road,Mumbai-Chennai,3,2,1858.67,0,51.6,2026,6,6,1,2023-12-14
SHIP04927,CUST7739,Fashion,F,Ship,Kolkata-Delhi,4,4,2872.59,3,26.5,3775,4,5,0,2023-12-06
SHIP04928,CUST5983,Sporting Goods,A,Road,Hyderabad-Pune,4,5,3504.18,5,55.4,1935,9,13,0,2023-11-15
SHIP04929,CUST6072,Home & Garden,C,Road,Mumbai-Chennai,2,2,3022.72,7,32.3,5027,6,10,0,2023-11-26
SHIP04930,CUST3558,Sporting Goods,B,Ship,Hyderabad-Pune,6,5,2674.2,6,7.1,4430,8,11,0,2023-06-09
SHIP04931,CUST5905,Fashion,F,Ship,Hyderabad-Pune,1,1,1761.93,1,24.6,2410,9,9,1,2023-05-05
SHIP04932,CUST8476,Electronics,C,Road,Mumbai-Chennai,6,5,657.7,4,57.4,4511,7,10,0,2023-08-26
SHIP04933,CUST9094,Cosmetics,C,Ship,Delhi-Bangalore,4,4,3452.95,4,63.4,1143,8,12,0,2023-05-19
SHIP04934,CUST6708,Electronics,B,Road,Delhi-Bangalore,3,3,2124.83,3,14.4,6461,10,11,0,2023-04-26
SHIP04935,CUST2779,Home & Garden,F,Ship,Delhi-Bangalore,6,2,4244.82,4,31.7,1297,8,10,0,2023-06-19
SHIP04936,CUST8331,Cosmetics,C,Road,Kolkata-Delhi,1,2,1438.49,8,44.4,2885,8,11,0,2023-08-07
SHIP04937,CUST6116,Cosmetics,D,Road,Kolkata-Delhi,5,2,2595.32,2,24.2,2351,7,8,0,2023-02-19
SHIP04938,CUST4665,Cosmetics,B,Flight,Bangalore-Chennai,6,2,3104.31,8,60.7,1688,4,9,0,2023-05-27
SHIP04939,CUST9432,Cosmetics,D,Road,Mumbai-Chennai,7,3,3915.36,7,34.1,4578,4,8,0,2023-07-20
SHIP04940,CUST1053,Cosmetics,A,Road,Delhi-Mumbai,1,4,3123.99,4,54.4,6432,10,10,1,2023-03-09
SHIP04941,CUST9160,Books,A,Road,Bangalore-Chennai,7,4,3463.95,1,22.3,6898,5,7,0,2023-11-05
SHIP04942,CUST6746,Home & Garden,A,Road,Delhi-Mumbai,5,5,2957.02,8,41.1,6379,10,11,0,2023-01-11
SHIP04943,CUST8881,Home & Garden,B,Flight,Delhi-Mumbai,3,2,795.12,7,20.2,3430,4,9,0,2023-03-04
SHIP04944,CUST3726,Sporting Goods,C,Road,Hyderabad-Pune,6,2,3283.77,0,36.4,1405,8,7,1,2023-03-27
SHIP04945,CUST5523,Fashion,A,Road,Hyderabad-Pune,1,1,244.96,2,16.6,1299,6,7,0,2023-08-20
SHIP04946,CUST9881,Books,C,Flight,Bangalore-Chennai,6,5,2917.11,7,58.6,4279,4,9,0,2023-03-19
SHIP04947,CUST6487,Electronics,F,Ship,Delhi-Mumbai,5,4,2243.52,0,17.5,6537,6,5,1,2023-11-30
SHIP04948,CUST6882,Books,D,Road,Delhi-Mumbai,2,3,1465.63,0,54.0,4173,5,9,0,2023-10-24
SHIP04949,CUST9654,Fashion,B,Flight,Hyderabad-Pune,7,5,1471.52,8,32.7,4975,7,7,1,2023-12-01
SHIP04950,CUST2289,Sporting Goods,D,Flight,Hyderabad-Pune,6,3,471.73,2,5.2,2948,9,12,0,2023-12-06
SHIP04951,CUST1572,Home & Garden,F,Road,Delhi-Bangalore,7,4,307.51,6,9.5,2173,7,10,0,2023-07-14
SHIP04952,CUST7411,Home & Garden,B,Flight,Delhi-Mumbai,1,2,4245.93,8,51.7,5372,6,7,0,2023-03-13
SHIP04953,CUST6248,Cosmetics,A,Flight,Delhi-Bangalore,7,5,2583.85,7,47.6,3476,10,9,1,2023-12-29
SHIP04954,CUST8055,Home & Garden,D,Ship,Mumbai-Chennai,4,5,3088.41,8,15.9,5198,10,9,1,2023-01-27
SHIP04955,CUST3005,Cosmetics,D,Road,Mumbai-Chennai,5,4,2327.15,7,34.2,3727,8,10,0,2023-01-23
SHIP04956,CUST6028,Sporting Goods,D,Flight,Delhi-Bangalore,5,2,301.88,6,60.6,6012,6,10,0,2023-03-12
SHIP04957,CUST1353,Fashion,F,Road,Bangalore-Chennai,4,1,3198.67,7,57.1,3337,6,6,1,2023-07-13
SHIP04958,CUST7438,Sporting Goods,B,Flight,Bangalore-Chennai,5,1,3405.18,7,5.2,1596,5,10,0,2023-04-07
SHIP04959,CUST9921,Electronics,D,Flight,Kolkata-Delhi,7,1,3482.33,0,16.3,4389,9,10,0,2023-10-03
SHIP04960,CUST7190,Home & Garden,D,Flight,Delhi-Bangalore,6,4,3771.11,3,25.4,6783,8,9,0,2023-06-17
SHIP04961,CUST3342,Books,B,Ship,Delhi-Bangalore,7,1,4536.0,2,6.3,2891,4,4,1,2023-11-13
SHIP04962,CUST9994,Fashion,A,Flight,Bangalore-Chennai,5,4,2857.79,3,32.4,1376,10,13,0,2023-10-20
SHIP04963,CUST4291,Home & Garden,D,Road,Hyderabad-Pune,7,2,3726.77,7,46.0,3842,4,4,1,2023-04-29
SHIP04964,CUST3127,Sporting Goods,F,Ship,Hyderabad-Pune,2,1,432.85,3,28.9,3341,3,2,1,2023-04-02
SHIP04965,CUST1115,Books,F,Flight,Delhi-Mumbai,6,4,3558.92,1,60.1,1662,8,10,0,2023-05-17
SHIP04966,CUST9823,Fashion,B,Flight,Hyderabad-Pune,4,3,3153.72,8,54.6,4544,6,9,0,2023-03-21
SHIP04967,CUST9991,Electronics,A,Road,Bangalore-Chennai,2,2,2854.21,3,59.7,4735,6,5,1,2023-05-03
SHIP04968,CUST2149,Home & Garden,A,Flight,Kolkata-Delhi,6,4,475.07,4,57.5,4445,6,10,0,2023-07-27
SHIP04969,CUST9780,Electronics,F,Ship,Bangalore-Chennai,1,1,2050.17,4,43.0,2238,4,8,0,2023-06-13
SHIP04970,CUST2040,Books,F,Flight,Bangalore-Chennai,5,5,3588.89,5,46.4,5281,5,5,1,2023-05-01
SHIP04971,CUST3411,Electronics,A,Ship,Bangalore-Chennai,5,5,3987.77,1,59.7,4938,6,10,0,2023-11-29
SHIP04972,CUST3321,Books,D,Flight,Bangalore-Chennai,4,5,1261.34,0,5.9,3531,5,5,1,2023-03-17
SHIP04973,CUST9338,Sporting Goods,B,Flight,Mumbai-Chennai,3,2,1762.52,7,19.0,3184,7,6,1,2023-01-04
SHIP04974,CUST9211,Home & Garden,F,Flight,Kolkata-Delhi,6,4,312.31,3,37.9,5152,7,6,1,2023-09-11
SHIP04975,CUST2077,Home & Garden,D,Ship,Hyderabad-Pune,7,1,151.95,3,48.0,4642,6,5,1,2023-01-29
SHIP04976,CUST2486,Electronics,B,Flight,Delhi-Bangalore,3,1,1677.93,6,13.2,1458,5,5,1,2023-06-08
SHIP04977,CUST7943,Sporting Goods,C,Flight,Delhi-Mumbai,5,4,3987.05,7,51.2,6512,9,14,0,2023-03-22
SHIP04978,CUST8684,Cosmetics,F,Flight,Bangalore-Chennai,2,5,4789.81,2,47.1,1162,9,8,1,2023-12-20
SHIP04979,CUST9067,Home & Garden,F,Road,Delhi-Mumbai,1,1,3473.71,4,4.1,6917,7,7,1,2023-10-28
SHIP04980,CUST6637,Sporting Goods,B,Ship,Delhi-Mumbai,4,3,573.73,7,26.9,2319,3,6,0,2023-03-18
SHIP04981,CUST3490,Sporting Goods,F,Ship,Delhi-Mumbai,3,5,4556.18,0,53.6,3247,8,7,1,2023-06-13
SHIP04982,CUST7117,Electronics,F,Flight,Bangalore-Chennai,6,5,3728.68,1,30.9,1117,9,12,0,2023-01-13
SHIP04983,CUST5633,Cosmetics,B,Ship,Hyderabad-Pune,7,4,2838.64,7,21.5,2039,7,7,1,2023-01-26
SHIP04984,CUST3709,Books,F,Flight,Mumbai-Chennai,1,2,1230.57,3,20.9,6342,9,9,1,2023-03-24
SHIP04985,CUST2210,Electronics,B,Flight,Bangalore-Chennai,4,1,237.67,3,53.6,3602,3,8,0,2023-03-31
SHIP04986,CUST1384,Cosmetics,B,Flight,Mumbai-Chennai,6,1,3734.0,5,30.8,1436,5,5,1,2023-06-19
SHIP04987,CUST7441,Electronics,C,Ship,Kolkata-Delhi,1,3,1201.28,4,14.3,6843,6,6,1,2023-09-17
SHIP04988,CUST9241,Sporting Goods,B,Flight,Mumbai-Chennai,6,3,2317.79,4,42.3,6129,7,10,0,2023-02-27
SHIP04989,CUST4208,Fashion,A,Flight,Delhi-Mumbai,2,1,3365.24,5,35.6,1666,7,11,0,2023-04-30
SHIP04990,CUST9413,Home & Garden,B,Flight,Delhi-Mumbai,7,4,714.61,2,23.4,5385,4,5,0,2023-12-06
SHIP04991,CUST5521,Sporting Goods,A,Road,Bangalore-Chennai,7,3,3890.76,7,60.8,2951,3,7,0,2023-11-02
SHIP04992,CUST4353,Books,F,Flight,Bangalore-Chennai,7,3,1747.69,8,22.2,6387,6,5,1,2023-04-01
SHIP04993,CUST3240,Electronics,F,Ship,Mumbai-Chennai,2,5,3562.76,7,62.0,6522,3,8,0,2023-03-22
SHIP04994,CUST7055,Electronics,B,Ship,Bangalore-Chennai,3,4,1693.94,8,12.3,4028,5,7,0,2023-11-01
SHIP04995,CUST2856,Books,B,Ship,Delhi-Mumbai,6,3,299.09,7,38.3,5148,4,5,0,2023-08-11
SHIP04996,CUST1090,Cosmetics,D,Ship,Bangalore-Chennai,6,4,3193.04,1,47.8,5600,6,7,0,2023-01-10
SHIP04997,CUST8230,Fashion,C,Road,Bangalore-Chennai,5,4,1094.27,1,23.9,2814,6,11,0,2023-02-26
SHIP04998,CUST8605,Home & Garden,B,Ship,Kolkata-Delhi,3,2,4104.34,8,24.4,2514,6,11,0,2023-11-12
SHIP04999,CUST1770,Electronics,B,Flight,Hyderabad-Pune,2,4,4211.87,5,55.7,1685,5,6,0,2023-01-12
SHIP05000,CUST1739,Fashion,B,Road,Kolkata-Delhi,6,3,162.63,8,38.4,4047,6,7,0,2023-01-20
SHIP05001,CUST5279,Fashion,B,Flight,Delhi-Mumbai,6,5,4692.02,0,46.0,2311,10,14,0,2023-09-22
SHIP05002,CUST2811,Books,C,Road,Delhi-Bangalore,7,5,3574.62,4,4.7,6914,9,10,0,2023-04-03
SHIP05003,CUST5676,Cosmetics,D,Road,Hyderabad-Pune,2,4,3248.67,6,39.8,2628,6,10,0,2023-05-23
SHIP05004,CUST7040,Electronics,C,Road,Bangalore-Chennai,4,1,3972.39,5,56.4,2546,5,4,1,2023-06-27
SHIP05005,CUST4590,Home & Garden,F,Flight,Hyderabad-Pune,1,3,4530.53,8,59.7,2171,6,5,1,2023-05-29
SHIP05006,CUST5795,Home & Garden,B,Ship,Bangalore-Chennai,4,2,645.83,4,41.0,1092,9,12,0,2023-08-29
SHIP05007,CUST4724,Electronics,A,Road,Delhi-Mumbai,7,1,1188.2,1,4.6,6266,5,8,0,2023-01-11
SHIP05008,CUST6641,Home & Garden,F,Flight,Hyderabad-Pune,7,4,924.27,6,58.9,3067,7,6,1,2023-09-09
SHIP05009,CUST4838,Electronics,C,Ship,Mumbai-Chennai,3,4,4865.05,5,1.4,5217,7,11,0,2023-05-28
SHIP05010,CUST3383,Sporting Goods,F,Road,Delhi-Mumbai,4,1,1241.66,7,42.4,5761,5,5,1,2023-10-11
SHIP05011,CUST9771,Electronics,D,Ship,Delhi-Bangalore,4,1,1607.11,3,22.7,3410,8,12,0,2023-09-21
SHIP05012,CUST8123,Sporting Goods,D,Ship,Bangalore-Chennai,6,5,2275.14,0,13.6,2366,5,8,0,2023-06-06
SHIP05013,CUST3538,Fashion,D,Ship,Mumbai-Chennai,5,3,1271.42,2,31.0,6688,6,9,0,2023-04-25
SHIP05014,CUST7221,Home & Garden,C,Road,Mumbai-Chennai,5,2,1385.3,8,60.3,2355,7,6,1,2023-03-23
SHIP05015,CUST2977,Electronics,F,Ship,Hyderabad-Pune,3,3,3631.8,0,53.2,6584,6,10,0,2023-05-07
SHIP05016,CUST9457,Sporting Goods,B,Flight,Delhi-Bangalore,4,3,4527.31,0,38.1,3123,4,5,0,2023-05-01
SHIP05017,CUST9751,Books,A,Road,Delhi-Bangalore,7,2,1551.33,0,26.4,1587,7,9,0,2023-02-16
SHIP05018,CUST4807,Fashion,C,Flight,Kolkata-Delhi,2,2,2413.24,2,56.1,3634,7,9,0,2023-02-18
SHIP05019,CUST7401,Fashion,C,Road,Hyderabad-Pune,1,3,661.43,5,30.1,4722,8,9,0,2023-12-20
SHIP05020,CUST8374,Home & Garden,F,Ship,Delhi-Bangalore,7,2,3133.23,6,26.9,2119,4,7,0,2023-01-29
SHIP05021,CUST5243,Electronics,F,Ship,Hyderabad-Pune,7,2,3860.85,7,18.1,6387,8,12,0,2023-02-23
SHIP05022,CUST7741,Home & Garden,F,Road,Hyderabad-Pune,2,3,187.22,6,56.6,2858,10,11,0,2023-07-11
SHIP05023,CUST4777,Cosmetics,C,Ship,Mumbai-Chennai,7,2,2527.72,2,6.4,4228,10,15,0,2023-12-20
SHIP05024,CUST1983,Books,A,Road,Mumbai-Chennai,5,2,4048.24,4,11.2,5417,6,5,1,2023-09-13
SHIP05025,CUST4927,Electronics,A,Ship,Kolkata-Delhi,3,3,4718.49,7,18.3,3164,9,9,1,2023-03-18
SHIP05026,CUST7484,Cosmetics,D,Ship,Mumbai-Chennai,2,1,2060.24,8,16.1,1378,7,10,0,2023-04-13
SHIP05027,CUST8472,Home & Garden,A,Road,Delhi-Bangalore,7,5,1097.3,6,18.2,5910,5,10,0,2023-09-17
SHIP05028,CUST6504,Cosmetics,B,Ship,Bangalore-Chennai,3,3,832.82,6,8.7,4388,6,7,0,2023-04-23
SHIP05029,CUST9611,Sporting Goods,F,Road,Delhi-Bangalore,4,4,401.41,3,28.0,5777,10,15,0,2023-02-11
SHIP05030,CUST8197,Fashion,B,Ship,Delhi-Mumbai,6,4,3281.25,7,64.2,5830,4,6,0,2023-07-18
SHIP05031,CUST5890,Home & Garden,D,Flight,Bangalore-Chennai,2,1,3863.39,5,14.7,2833,7,12,0,2023-02-04
SHIP05032,CUST8477,Sporting Goods,A,Road,Kolkata-Delhi,2,4,2054.03,4,15.9,4353,10,14,0,2023-07-18
SHIP05033,CUST4617,Electronics,A,Flight,Hyderabad-Pune,5,2,1118.19,3,41.6,6958,3,8,0,2023-07-25
SHIP05034,CUST9038,Fashion,C,Flight,Delhi-Bangalore,5,2,463.84,8,61.7,5539,4,6,0,2023-09-14
SHIP05035,CUST3326,Cosmetics,F,Road,Kolkata-Delhi,4,2,1708.96,1,60.4,3893,4,8,0,2023-07-16
SHIP05036,CUST5916,Cosmetics,F,Flight,Delhi-Mumbai,1,5,1541.39,4,29.7,6454,10,10,1,2023-06-03
SHIP05037,CUST7531,Books,A,Flight,Kolkata-Delhi,7,2,4547.83,0,35.4,5697,5,8,0,2023-04-30
SHIP05038,CUST9842,Cosmetics,B,Road,Kolkata-Delhi,6,4,2319.38,6,15.0,4073,5,8,0,2023-07-21
SHIP05039,CUST3098,Cosmetics,B,Flight,Delhi-Mumbai,1,4,1870.1,0,16.7,6334,9,9,1,2023-07-10
SHIP05040,CUST4207,Sporting Goods,B,Road,Hyderabad-Pune,1,1,425.03,5,59.5,5456,7,6,1,2023-12-30
SHIP05041,CUST8686,Sporting Goods,A,Flight,Kolkata-Delhi,7,5,3317.73,8,44.2,2012,5,4,1,2023-11-25
SHIP05042,CUST2124,Cosmetics,D,Flight,Delhi-Mumbai,2,5,3239.89,2,57.9,5595,5,6,0,2023-08-01
SHIP05043,CUST3941,Books,C,Flight,Kolkata-Delhi,4,1,4864.9,6,21.2,4874,3,3,1,2023-03-29
SHIP05044,CUST7520,Cosmetics,B,Flight,Mumbai-Chennai,4,1,1563.66,3,35.4,5341,8,11,0,2023-08-10
SHIP05045,CUST3876,Fashion,F,Flight,Delhi-Mumbai,5,5,3588.13,2,50.3,5905,6,6,1,2023-10-20
SHIP05046,CUST5175,Sporting Goods,F,Flight,Kolkata-Delhi,4,3,920.66,3,54.5,5652,4,6,0,2023-07-27
SHIP05047,CUST8487,Electronics,C,Flight,Kolkata-Delhi,2,1,3788.31,2,28.2,4181,7,6,1,2023-12-14
SHIP05048,CUST7764,Cosmetics,F,Flight,Kolkata-Delhi,1,5,3060.54,1,45.6,4356,8,13,0,2023-03-14
SHIP05049,CUST2875,Books,A,Ship,Delhi-Mumbai,4,5,2407.96,6,24.9,6476,3,5,0,2023-04-29
SHIP05050,CUST3623,Electronics,A,Road,Delhi-Bangalore,6,4,1608.98,2,14.1,2366,3,2,1,2023-04-02
SHIP05051,CUST6235,Fashion,B,Ship,Hyderabad-Pune,3,1,909.45,4,63.2,6362,5,5,1,2023-06-25
SHIP05052,CUST2779,Fashion,A,Ship,Mumbai-Chennai,3,1,2927.41,1,5.2,2549,9,9,1,2023-11-21
SHIP05053,CUST6703,Fashion,C,Road,Mumbai-Chennai,1,4,3904.37,5,27.0,6025,9,10,0,2023-05-14
SHIP05054,CUST6301,Electronics,F,Road,Delhi-Bangalore,4,2,2605.05,7,24.1,5022,6,8,0,2023-06-05
SHIP05055,CUST4139,Books,A,Flight,Bangalore-Chennai,2,1,2086.16,4,15.4,2452,5,4,1,2023-12-06
SHIP05056,CUST5751,Cosmetics,A,Road,Bangalore-Chennai,5,1,2131.26,8,7.4,5637,8,11,0,2023-10-23
SHIP05057,CUST2170,Electronics,C,Flight,Hyderabad-Pune,1,4,571.21,1,14.5,4458,5,5,1,2023-08-30
SHIP05058,CUST1884,Cosmetics,F,Road,Kolkata-Delhi,5,3,2740.7,0,12.3,1823,7,9,0,2023-10-04
SHIP05059,CUST8928,Sporting Goods,A,Flight,Delhi-Bangalore,6,5,3741.17,5,4.9,6673,5,9,0,2023-08-24
SHIP05060,CUST3957,Sporting Goods,D,Road,Delhi-Mumbai,2,5,3745.35,7,47.6,5043,8,8,1,2023-05-09
SHIP05061,CUST1052,Electronics,C,Ship,Mumbai-Chennai,6,2,908.44,6,47.4,6284,6,6,1,2023-09-21
SHIP05062,CUST3018,Electronics,C,Ship,Delhi-Bangalore,7,2,4665.68,0,58.1,6705,7,11,0,2023-06-04
SHIP05063,CUST7146,Fashion,B,Ship,Mumbai-Chennai,5,4,2667.01,3,19.4,2369,9,10,0,2023-10-07
SHIP05064,CUST8175,Books,C,Flight,Kolkata-Delhi,3,4,1175.34,5,5.5,6145,4,3,1,2023-05-26
SHIP05065,CUST7877,Electronics,D,Ship,Delhi-Mumbai,2,3,1208.03,1,47.4,4753,7,6,1,2023-06-20
SHIP05066,CUST7529,Electronics,D,Flight,Delhi-Mumbai,2,3,3219.6,3,46.0,1320,5,6,0,2023-08-31
SHIP05067,CUST5438,Electronics,D,Ship,Kolkata-Delhi,2,3,373.28,7,52.7,3152,8,10,0,2023-09-24
SHIP05068,CUST7289,Fashion,A,Road,Delhi-Mumbai,7,3,4648.69,8,61.6,5740,4,4,1,2023-04-04
SHIP05069,CUST9263,Fashion,A,Road,Delhi-Bangalore,2,1,3847.2,3,57.1,1250,5,5,1,2023-11-11
SHIP05070,CUST1680,Fashion,F,Flight,Delhi-Mumbai,4,2,3135.15,3,2.3,2142,7,11,0,2023-06-14
SHIP05071,CUST6488,Electronics,B,Road,Mumbai-Chennai,7,1,3112.46,2,34.9,3751,10,10,1,2023-05-21
SHIP05072,CUST9179,Sporting Goods,B,Ship,Kolkata-Delhi,7,1,3262.31,2,30.7,4482,8,11,0,2023-07-16
SHIP05073,CUST9762,Cosmetics,D,Flight,Bangalore-Chennai,4,1,753.17,0,64.5,4344,6,10,0,2023-06-01
SHIP05074,CUST3047,Electronics,A,Road,Hyderabad-Pune,7,3,1139.03,6,55.7,3737,8,9,0,2023-03-22
SHIP05075,CUST8732,Books,F,Road,Mumbai-Chennai,5,4,3796.54,3,17.4,1929,9,14,0,2023-07-20
SHIP05076,CUST9788,Books,F,Ship,Delhi-Mumbai,3,2,4270.49,8,40.9,3658,5,8,0,2023-03-17
SHIP05077,CUST7559,Home & Garden,C,Flight,Mumbai-Chennai,1,5,1685.33,4,35.1,3751,5,6,0,2023-08-19
SHIP05078,CUST1824,Home & Garden,B,Road,Hyderabad-Pune,4,5,2687.66,4,40.4,5462,3,5,0,2023-10-21
SHIP05079,CUST1018,Cosmetics,A,Ship,Kolkata-Delhi,5,1,2898.32,5,38.7,1397,7,12,0,2023-05-24
SHIP05080,CUST3174,Electronics,F,Road,Hyderabad-Pune,5,1,1017.9,0,51.7,5071,8,12,0,2023-11-26
SHIP05081,CUST1836,Sporting Goods,F,Ship,Mumbai-Chennai,2,1,897.69,3,13.4,4173,10,12,0,2023-04-10
SHIP05082,CUST6663,Fashion,F,Flight,Hyderabad-Pune,2,3,1246.95,4,6.6,2181,10,12,0,2023-02-01
SHIP05083,CUST2703,Fashion,B,Flight,Delhi-Bangalore,2,2,3543.48,8,49.2,5171,10,13,0,2023-11-20
SHIP05084,CUST1284,Home & Garden,A,Flight,Delhi-Bangalore,4,3,968.92,1,8.4,1918,7,12,0,2023-11-27
SHIP05085,CUST5932,Books,C,Flight,Bangalore-Chennai,5,3,175.37,4,49.2,6719,4,8,0,2023-06-16
SHIP05086,CUST2155,Cosmetics,F,Ship,Delhi-Mumbai,4,1,1309.33,7,31.5,5755,4,3,1,2023-12-14
SHIP05087,CUST6486,Electronics,C,Road,Kolkata-Delhi,1,4,1032.47,7,11.2,3520,10,10,1,2023-01-08
SHIP05088,CUST3916,Books,C,Ship,Mumbai-Chennai,3,1,602.71,1,28.9,3805,3,3,1,2023-11-22
SHIP05089,CUST4362,Books,C,Ship,Kolkata-Delhi,1,3,1751.87,0,5.5,5915,9,13,0,2023-11-24
SHIP05090,CUST2358,Fashion,F,Flight,Hyderabad-Pune,7,4,2196.53,7,22.4,3404,3,4,0,2023-05-03
SHIP05091,CUST4297,Cosmetics,B,Ship,Delhi-Bangalore,1,5,1482.92,1,26.4,3905,9,12,0,2023-09-14
SHIP05092,CUST1027,Books,F,Flight,Delhi-Mumbai,1,3,1963.99,8,30.5,1465,6,5,1,2023-10-26
SHIP05093,CUST4742,Sporting Goods,B,Flight,Kolkata-Delhi,4,5,3924.07,1,19.8,6651,5,7,0,2023-12-24
SHIP05094,CUST6469,Electronics,F,Road,Bangalore-Chennai,2,2,792.65,4,41.1,6113,9,10,0,2023-03-22
SHIP05095,CUST8075,Books,C,Road,Bangalore-Chennai,4,4,1143.54,2,16.2,2285,9,14,0,2023-10-20
SHIP05096,CUST3698,Sporting Goods,B,Road,Delhi-Mumbai,2,2,777.37,0,60.2,1589,7,12,0,2023-10-30
SHIP05097,CUST5728,Cosmetics,A,Flight,Kolkata-Delhi,5,2,4566.12,4,60.0,1221,9,13,0,2023-11-11
SHIP05098,CUST7662,Sporting Goods,C,Road,Hyderabad-Pune,2,4,508.99,6,47.9,1776,8,12,0,2023-12-26
SHIP05099,CUST9557,Books,A,Ship,Mumbai-Chennai,5,1,1008.48,6,11.0,5911,6,7,0,2023-04-24
SHIP05100,CUST8140,Electronics,C,Road,Mumbai-Chennai,1,3,820.97,1,18.8,6676,10,11,0,2023-09-01
SHIP05101,CUST3539,Cosmetics,A,Flight,Delhi-Mumbai,3,4,1554.79,0,57.1,1221,9,10,0,2023-07-12
SHIP05102,CUST8586,Cosmetics,D,Road,Delhi-Mumbai,3,2,451.68,3,40.1,4937,10,10,1,2023-06-06
SHIP05103,CUST8827,Cosmetics,D,Road,Hyderabad-Pune,7,2,2515.53,7,59.2,2519,6,8,0,2023-05-26
SHIP05104,CUST5209,Fashion,D,Road,Mumbai-Chennai,7,1,963.2,8,43.4,6246,7,12,0,2023-04-01
SHIP05105,CUST3189,Books,F,Ship,Kolkata-Delhi,1,2,1469.98,8,30.0,5991,9,14,0,2023-02-24
SHIP05106,CUST2200,Sporting Goods,C,Road,Delhi-Mumbai,4,5,696.71,7,22.6,1739,7,11,0,2023-09-16
SHIP05107,CUST7969,Cosmetics,B,Ship,Mumbai-Chennai,7,5,4690.2,8,62.5,5265,3,4,0,2023-01-19
SHIP05108,CUST3616,Home & Garden,D,Ship,Kolkata-Delhi,3,4,3116.78,8,48.0,3596,4,3,1,2023-07-13
SHIP05109,CUST6509,Home & Garden,A,Flight,Delhi-Bangalore,5,1,3673.3,8,27.4,3452,4,4,1,2023-01-14
SHIP05110,CUST1127,Electronics,D,Road,Kolkata-Delhi,2,1,4436.22,2,43.1,2581,10,15,0,2023-09-05
SHIP05111,CUST1496,Cosmetics,C,Ship,Bangalore-Chennai,5,1,1121.26,7,35.1,3711,9,9,1,2023-09-09
SHIP05112,CUST4304,Home & Garden,C,Ship,Mumbai-Chennai,6,1,897.14,0,20.2,5464,9,13,0,2023-03-12
SHIP05113,CUST6800,Sporting Goods,C,Ship,Mumbai-Chennai,7,1,1763.76,0,3.7,3588,9,9,1,2023-12-29
SHIP05114,CUST7539,Books,D,Flight,Delhi-Mumbai,3,5,2616.2,5,37.0,6253,4,8,0,2023-01-12
SHIP05115,CUST9255,Electronics,C,Road,Bangalore-Chennai,5,2,899.07,5,53.7,1459,7,7,1,2023-10-24
SHIP05116,CUST7745,Sporting Goods,D,Flight,Bangalore-Chennai,7,1,887.47,8,39.6,6738,5,4,1,2023-02-24
SHIP05117,CUST5215,Sporting Goods,F,Road,Kolkata-Delhi,3,4,4315.34,1,53.7,4950,5,8,0,2023-02-17
SHIP05118,CUST5229,Books,F,Road,Delhi-Bangalore,4,1,3727.83,1,20.5,5568,4,9,0,2023-07-07
SHIP05119,CUST7367,Books,C,Flight,Hyderabad-Pune,2,3,2385.0,4,14.9,2906,6,6,1,2023-07-13
SHIP05120,CUST8048,Cosmetics,F,Road,Mumbai-Chennai,7,3,4026.43,6,47.6,1528,7,11,0,2023-03-14
SHIP05121,CUST6736,Cosmetics,F,Road,Delhi-Mumbai,4,1,3021.65,6,20.0,1471,4,9,0,2023-06-18
SHIP05122,CUST9083,Cosmetics,D,Ship,Bangalore-Chennai,1,4,4669.75,2,43.9,6101,8,10,0,2023-09-19
SHIP05123,CUST5657,Books,D,Ship,Delhi-Mumbai,4,3,4612.64,0,9.7,5903,9,14,0,2023-02-19
SHIP05124,CUST3192,Cosmetics,B,Ship,Delhi-Mumbai,7,5,4498.6,6,40.6,5789,10,14,0,2023-12-31
SHIP05125,CUST3498,Electronics,D,Flight,Mumbai-Chennai,6,4,1640.11,8,34.8,2600,7,9,0,2023-07-10
SHIP05126,CUST5969,Fashion,F,Ship,Bangalore-Chennai,4,5,1440.78,4,24.3,5714,9,12,0,2023-06-01
SHIP05127,CUST4227,Sporting Goods,A,Flight,Bangalore-Chennai,4,4,2932.76,7,41.8,5336,8,9,0,2023-08-21
SHIP05128,CUST2374,Fashion,A,Ship,Bangalore-Chennai,2,2,3937.67,6,14.0,1739,4,5,0,2023-08-06
SHIP05129,CUST5654,Sporting Goods,D,Ship,Hyderabad-Pune,4,4,2664.78,6,23.8,4346,9,13,0,2023-11-20
SHIP05130,CUST2791,Sporting Goods,A,Road,Kolkata-Delhi,3,2,1404.42,6,7.0,6190,7,12,0,2023-09-13
SHIP05131,CUST6639,Electronics,A,Flight,Mumbai-Chennai,4,2,4126.58,4,53.4,1478,10,15,0,2023-11-19
SHIP05132,CUST2931,Electronics,F,Ship,Kolkata-Delhi,7,2,2223.18,6,40.3,4438,9,8,1,2023-03-20
SHIP05133,CUST9262,Books,B,Ship,Delhi-Bangalore,7,2,1958.48,3,63.4,2633,10,10,1,2023-08-21
SHIP05134,CUST9464,Fashion,C,Ship,Kolkata-Delhi,5,5,4734.0,2,57.7,1366,4,7,0,2023-07-31
SHIP05135,CUST8352,Fashion,D,Flight,Delhi-Mumbai,3,4,2965.89,4,47.1,4839,9,11,0,2023-10-12
SHIP05136,CUST9896,Fashion,F,Road,Mumbai-Chennai,6,3,1534.1,6,17.9,1223,3,2,1,2023-03-22
SHIP05137,CUST6753,Electronics,A,Flight,Bangalore-Chennai,6,4,1801.56,2,35.7,2640,10,14,0,2023-02-25
SHIP05138,CUST6370,Home & Garden,D,Road,Bangalore-Chennai,5,4,2716.44,5,40.2,2229,3,2,1,2023-05-14
SHIP05139,CUST1856,Electronics,D,Flight,Bangalore-Chennai,6,5,4521.51,7,19.9,1944,5,10,0,2023-03-06
SHIP05140,CUST1920,Electronics,F,Road,Delhi-Mumbai,2,3,4732.11,0,46.6,5501,7,8,0,2023-03-11
SHIP05141,CUST2108,Cosmetics,A,Flight,Bangalore-Chennai,4,4,2672.16,7,41.7,1225,10,15,0,2023-03-30
SHIP05142,CUST7353,Fashion,A,Ship,Kolkata-Delhi,4,1,819.51,0,17.2,6705,4,9,0,2023-09-08
SHIP05143,CUST7508,Home & Garden,F,Road,Hyderabad-Pune,1,1,2091.22,6,23.3,6601,8,11,0,2023-04-26
SHIP05144,CUST7912,Cosmetics,B,Ship,Delhi-Bangalore,7,1,2761.55,1,44.5,2141,4,9,0,2023-04-26
SHIP05145,CUST6955,Electronics,F,Flight,Delhi-Bangalore,5,5,1375.16,8,12.6,3413,4,4,1,2023-01-11
SHIP05146,CUST7496,Electronics,F,Ship,Mumbai-Chennai,6,4,1579.74,7,36.8,3478,4,8,0,2023-05-17
SHIP05147,CUST5671,Electronics,D,Flight,Kolkata-Delhi,4,4,537.76,6,12.1,2822,6,7,0,2023-06-09
SHIP05148,CUST3958,Sporting Goods,C,Ship,Delhi-Mumbai,6,5,2468.08,6,5.3,2591,5,5,1,2023-10-26
SHIP05149,CUST7423,Home & Garden,F,Road,Delhi-Mumbai,5,4,835.19,7,44.1,6689,5,10,0,2023-02-22
SHIP05150,CUST2875,Sporting Goods,B,Road,Hyderabad-Pune,2,1,3053.23,4,22.2,5182,8,12,0,2023-02-08
SHIP05151,CUST8702,Fashion,F,Ship,Hyderabad-Pune,2,1,1428.24,0,5.7,5598,4,6,0,2023-12-07
SHIP05152,CUST6731,Fashion,D,Ship,Delhi-Mumbai,1,5,2248.71,6,22.8,4367,8,11,0,2023-02-01
SHIP05153,CUST5499,Electronics,B,Road,Kolkata-Delhi,3,1,3527.41,8,20.3,1447,10,10,1,2023-04-06
SHIP05154,CUST6798,Sporting Goods,F,Road,Bangalore-Chennai,2,2,988.4,2,44.9,3222,4,8,0,2023-10-18
SHIP05155,CUST1448,Books,D,Flight,Delhi-Mumbai,7,3,2910.88,2,45.1,2099,7,12,0,2023-05-15
SHIP05156,CUST7307,Books,C,Road,Kolkata-Delhi,1,5,1021.79,8,10.9,3764,3,6,0,2023-09-09
SHIP05157,CUST3892,Electronics,A,Road,Kolkata-Delhi,2,3,1815.25,0,50.7,1631,4,5,0,2023-04-23
SHIP05158,CUST1626,Sporting Goods,D,Ship,Kolkata-Delhi,5,1,2678.77,1,13.0,2834,5,4,1,2023-09-27
SHIP05159,CUST3450,Home & Garden,B,Ship,Bangalore-Chennai,3,4,389.97,3,28.0,5658,7,9,0,2023-04-11
SHIP05160,CUST6176,Cosmetics,A,Flight,Bangalore-Chennai,2,4,4226.15,2,39.1,6732,8,11,0,2023-04-06
SHIP05161,CUST9815,Electronics,A,Road,Kolkata-Delhi,2,1,3282.19,3,31.2,2483,7,11,0,2023-08-09
SHIP05162,CUST7273,Cosmetics,A,Flight,Bangalore-Chennai,4,2,4104.87,0,9.8,6985,9,13,0,2023-02-06
SHIP05163,CUST3713,Cosmetics,B,Ship,Delhi-Mumbai,5,2,164.99,3,54.2,1153,7,6,1,2023-01-20
SHIP05164,CUST4708,Books,A,Road,Delhi-Bangalore,5,3,4231.98,5,52.1,3030,4,5,0,2023-12-30
SHIP05165,CUST9456,Sporting Goods,B,Ship,Delhi-Mumbai,4,2,490.4,7,9.3,5431,4,8,0,2023-02-05
SHIP05166,CUST9669,Cosmetics,D,Ship,Delhi-Bangalore,6,1,1582.98,3,33.0,6493,10,15,0,2023-04-02
SHIP05167,CUST1112,Electronics,D,Road,Bangalore-Chennai,4,5,2191.82,2,46.7,4741,9,12,0,2023-01-12
SHIP05168,CUST9681,Home & Garden,B,Flight,Delhi-Bangalore,7,5,3126.91,1,12.2,5288,3,6,0,2023-08-25
SHIP05169,CUST2115,Fashion,A,Road,Kolkata-Delhi,6,3,1326.3,5,52.6,1994,8,13,0,2023-06-07
SHIP05170,CUST3792,Books,B,Ship,Mumbai-Chennai,3,1,958.51,8,42.4,3970,8,9,0,2023-05-24
SHIP05171,CUST9610,Sporting Goods,F,Ship,Bangalore-Chennai,7,1,2274.25,0,58.0,6442,8,7,1,2023-01-05
SHIP05172,CUST6326,Fashion,A,Flight,Hyderabad-Pune,7,5,2223.44,6,45.4,5580,10,11,0,2023-10-02
SHIP05173,CUST6549,Home & Garden,D,Flight,Kolkata-Delhi,3,2,4735.26,8,7.7,4685,10,14,0,2023-03-10
SHIP05174,CUST7038,Fashion,B,Flight,Kolkata-Delhi,5,1,4057.89,1,0.8,6436,9,12,0,2023-04-26
SHIP05175,CUST3476,Electronics,F,Road,Hyderabad-Pune,7,4,1351.7,4,27.4,2650,4,9,0,2023-08-07
SHIP05176,CUST2455,Books,C,Road,Bangalore-Chennai,1,4,1508.63,1,46.4,1154,4,6,0,2023-10-14
SHIP05177,CUST5438,Home & Garden,C,Ship,Hyderabad-Pune,6,4,1514.13,2,15.5,1204,10,9,1,2023-11-20
SHIP05178,CUST2068,Sporting Goods,A,Ship,Kolkata-Delhi,6,3,3930.67,4,10.7,3622,9,13,0,2023-08-06
SHIP05179,CUST8602,Electronics,F,Ship,Delhi-Mumbai,4,3,4142.6,7,59.3,6632,5,6,0,2023-07-29
SHIP05180,CUST8852,Home & Garden,B,Flight,Hyderabad-Pune,6,5,2843.78,2,47.2,2707,3,8,0,2023-09-28
SHIP05181,CUST6919,Electronics,B,Ship,Delhi-Bangalore,1,4,3739.8,5,59.0,2608,8,12,0,2023-11-05
SHIP05182,CUST5519,Cosmetics,F,Ship,Mumbai-Chennai,3,1,2150.33,7,35.9,2598,5,5,1,2023-04-04
SHIP05183,CUST8895,Fashion,A,Flight,Delhi-Bangalore,5,4,4295.12,8,33.3,6562,10,15,0,2023-08-31
SHIP05184,CUST2820,Books,D,Road,Hyderabad-Pune,4,3,2139.65,5,23.4,2785,7,7,1,2023-08-27
SHIP05185,CUST1303,Fashion,C,Flight,Kolkata-Delhi,5,4,1568.94,5,45.1,3508,5,8,0,2023-05-14
SHIP05186,CUST9482,Sporting Goods,F,Road,Mumbai-Chennai,2,3,1162.18,8,12.3,5766,3,5,0,2023-07-21
SHIP05187,CUST1493,Electronics,A,Road,Bangalore-Chennai,7,5,2497.83,1,42.3,5650,6,5,1,2023-11-17
SHIP05188,CUST3693,Electronics,A,Flight,Kolkata-Delhi,6,3,2292.4,2,43.3,5398,6,10,0,2023-01-09
SHIP05189,CUST7684,Books,A,Ship,Hyderabad-Pune,7,4,442.35,1,57.5,2998,9,13,0,2023-03-05
SHIP05190,CUST1970,Books,D,Road,Mumbai-Chennai,5,1,3931.71,5,48.4,1617,9,13,0,2023-05-19
SHIP05191,CUST9093,Cosmetics,B,Flight,Delhi-Mumbai,2,1,2611.7,8,19.6,4768,7,6,1,2023-06-01
SHIP05192,CUST4665,Fashion,B,Road,Mumbai-Chennai,3,4,4300.64,3,53.4,2885,7,6,1,2023-07-18
SHIP05193,CUST1080,Fashion,B,Flight,Delhi-Bangalore,7,1,2539.31,2,65.0,1865,9,11,0,2023-12-06
SHIP05194,CUST3856,Sporting Goods,F,Ship,Delhi-Bangalore,1,3,463.56,2,29.5,6000,4,9,0,2023-10-13
SHIP05195,CUST9535,Electronics,C,Flight,Bangalore-Chennai,5,4,3371.92,5,24.5,2992,3,4,0,2023-11-25
SHIP05196,CUST5187,Cosmetics,F,Road,Bangalore-Chennai,4,4,4751.0,8,21.9,3178,6,5,1,2023-10-30
SHIP05197,CUST7315,Home & Garden,C,Road,Delhi-Bangalore,5,3,1367.59,3,62.8,4906,6,7,0,2023-11-26
SHIP05198,CUST1161,Electronics,B,Road,Delhi-Mumbai,3,4,585.56,6,52.8,2241,6,6,1,2023-04-23
SHIP05199,CUST3893,Home & Garden,B,Road,Bangalore-Chennai,7,1,4910.72,2,41.2,6153,6,7,0,2023-11-30
SHIP05200,CUST1195,Electronics,A,Ship,Delhi-Bangalore,5,3,757.59,7,43.1,5117,4,7,0,2023-05-28
SHIP05201,CUST5784,Electronics,C,Flight,Mumbai-Chennai,4,4,3291.54,7,2.9,1304,4,7,0,2023-09-11
SHIP05202,CUST4861,Books,D,Ship,Kolkata-Delhi,6,3,497.26,3,24.3,2961,7,12,0,2023-12-20
SHIP05203,CUST8012,Books,B,Ship,Delhi-Bangalore,6,5,4434.2,4,29.8,4314,8,9,0,2023-05-15
SHIP05204,CUST8978,Home & Garden,F,Ship,Hyderabad-Pune,1,2,1964.94,3,24.3,1804,9,8,1,2023-01-29
SHIP05205,CUST2582,Sporting Goods,C,Road,Mumbai-Chennai,1,1,1623.05,8,64.8,4290,8,7,1,2023-06-02
SHIP05206,CUST5096,Cosmetics,F,Flight,Mumbai-Chennai,6,3,3027.9,5,58.9,6743,8,10,0,2023-01-04
SHIP05207,CUST7038,Cosmetics,A,Ship,Delhi-Bangalore,3,1,322.46,1,49.1,3685,10,12,0,2023-07-04
SHIP05208,CUST1430,Home & Garden,A,Road,Delhi-Mumbai,3,1,2465.35,2,38.6,3214,5,5,1,2023-11-10
SHIP05209,CUST3421,Books,A,Flight,Delhi-Bangalore,7,2,306.42,4,14.5,2425,5,4,1,2023-02-20
SHIP05210,CUST3251,Home & Garden,A,Road,Hyderabad-Pune,5,3,2369.8,8,30.9,3365,5,4,1,2023-09-23
SHIP05211,CUST8305,Fashion,B,Ship,Bangalore-Chennai,6,4,1206.89,7,6.5,2736,4,8,0,2023-05-03
SHIP05212,CUST9210,Cosmetics,D,Flight,Hyderabad-Pune,4,5,4558.49,5,13.6,6592,9,13,0,2023-02-05
SHIP05213,CUST9741,Home & Garden,B,Flight,Mumbai-Chennai,6,5,2895.65,1,20.5,1863,8,8,1,2023-06-14
SHIP05214,CUST1885,Home & Garden,B,Road,Kolkata-Delhi,2,3,1252.89,8,33.3,5574,7,7,1,2023-08-04
SHIP05215,CUST7982,Home & Garden,A,Flight,Mumbai-Chennai,6,2,1877.67,0,36.9,6548,9,13,0,2023-01-17
SHIP05216,CUST5066,Cosmetics,C,Road,Kolkata-Delhi,5,1,594.47,5,62.2,5335,9,12,0,2023-04-09
SHIP05217,CUST4310,Sporting Goods,C,Road,Mumbai-Chennai,3,3,1801.32,5,58.3,6409,3,8,0,2023-08-08
SHIP05218,CUST6635,Fashion,D,Ship,Mumbai-Chennai,4,4,3654.86,0,39.5,3900,5,8,0,2023-07-19
SHIP05219,CUST6125,Electronics,C,Ship,Hyderabad-Pune,2,3,1609.07,0,11.8,3968,9,12,0,2023-05-01
SHIP05220,CUST9034,Books,A,Ship,Mumbai-Chennai,2,5,1763.85,3,40.9,4504,8,9,0,2023-11-21
SHIP05221,CUST4685,Home & Garden,A,Ship,Delhi-Mumbai,1,1,1417.25,4,48.9,5256,6,8,0,2023-10-06
SHIP05222,CUST5713,Cosmetics,A,Flight,Mumbai-Chennai,2,3,3210.0,3,1.3,4465,3,7,0,2023-11-17
SHIP05223,CUST4233,Home & Garden,F,Ship,Kolkata-Delhi,4,1,1931.57,5,32.0,2557,9,14,0,2023-08-12
SHIP05224,CUST6512,Books,C,Ship,Kolkata-Delhi,2,2,1045.43,3,4.8,2274,3,4,0,2023-07-03
SHIP05225,CUST3037,Electronics,A,Ship,Hyderabad-Pune,4,4,1036.7,8,1.7,1275,4,8,0,2023-01-24
SHIP05226,CUST9462,Electronics,F,Road,Kolkata-Delhi,5,4,4593.52,6,56.0,4521,10,14,0,2023-09-13
SHIP05227,CUST2448,Cosmetics,C,Ship,Hyderabad-Pune,5,2,1203.27,8,4.3,2473,7,7,1,2023-04-11
SHIP05228,CUST1730,Electronics,C,Ship,Mumbai-Chennai,3,2,4979.29,3,18.2,6092,10,10,1,2023-05-31
SHIP05229,CUST5017,Sporting Goods,C,Ship,Hyderabad-Pune,3,2,4301.07,2,63.7,6911,7,9,0,2023-12-03
SHIP05230,CUST4803,Books,C,Road,Mumbai-Chennai,5,4,848.68,0,2.3,2494,3,2,1,2023-06-22
SHIP05231,CUST1178,Electronics,F,Ship,Kolkata-Delhi,6,5,4803.08,6,3.9,1905,6,5,1,2023-03-25
SHIP05232,CUST6813,Home & Garden,C,Flight,Mumbai-Chennai,1,3,566.27,8,6.0,6767,10,10,1,2023-09-17
SHIP05233,CUST7175,Electronics,C,Ship,Kolkata-Delhi,7,4,778.9,4,14.7,5050,10,15,0,2023-12-13
SHIP05234,CUST1050,Home & Garden,A,Ship,Delhi-Mumbai,5,1,361.46,2,41.9,4219,10,15,0,2023-12-28
SHIP05235,CUST4324,Home & Garden,F,Flight,Mumbai-Chennai,7,5,3003.94,6,17.3,4046,7,10,0,2023-02-22
SHIP05236,CUST4519,Electronics,D,Flight,Hyderabad-Pune,1,1,1877.43,3,28.7,3933,5,7,0,2023-06-23
SHIP05237,CUST4669,Fashion,D,Ship,Mumbai-Chennai,2,3,2778.71,1,40.1,1206,9,10,0,2023-07-17
SHIP05238,CUST5108,Fashion,A,Ship,Delhi-Bangalore,4,4,1939.95,0,25.3,4259,3,2,1,2023-03-28
SHIP05239,CUST7069,Cosmetics,F,Flight,Mumbai-Chennai,3,1,575.99,8,20.2,3351,5,6,0,2023-12-09
SHIP05240,CUST3874,Cosmetics,C,Road,Delhi-Bangalore,1,5,1355.42,4,63.9,4873,5,4,1,2023-09-05
SHIP05241,CUST8862,Electronics,D,Ship,Bangalore-Chennai,4,5,4869.36,8,40.9,5642,4,4,1,2023-08-10
SHIP05242,CUST7288,Fashion,F,Road,Delhi-Bangalore,4,5,1611.85,4,22.8,3819,4,8,0,2023-03-20
SHIP05243,CUST4919,Fashion,B,Ship,Hyderabad-Pune,5,4,327.56,8,10.5,3244,3,6,0,2023-08-27
SHIP05244,CUST6902,Books,B,Flight,Delhi-Mumbai,3,5,2284.43,3,18.0,3505,5,8,0,2023-10-07
SHIP05245,CUST5825,Cosmetics,C,Flight,Mumbai-Chennai,5,4,4271.52,1,16.2,1680,9,9,1,2023-12-04
SHIP05246,CUST3082,Fashion,A,Road,Hyderabad-Pune,1,3,4427.75,5,60.9,5362,3,2,1,2023-07-10
SHIP05247,CUST7973,Books,F,Road,Kolkata-Delhi,4,1,2590.26,8,63.6,2902,4,4,1,2023-04-11
SHIP05248,CUST2656,Electronics,B,Road,Hyderabad-Pune,3,2,946.02,4,37.4,3344,5,5,1,2023-07-10
SHIP05249,CUST4424,Electronics,D,Flight,Hyderabad-Pune,6,1,374.03,1,64.6,6354,8,10,0,2023-01-10
SHIP05250,CUST5557,Cosmetics,A,Flight,Delhi-Bangalore,1,5,584.71,1,18.0,2825,6,11,0,2023-03-23
SHIP05251,CUST5517,Books,C,Road,Mumbai-Chennai,7,3,4330.1,1,64.9,4617,10,11,0,2023-08-13
SHIP05252,CUST4174,Electronics,A,Flight,Mumbai-Chennai,6,3,4221.01,7,25.5,4675,6,11,0,2023-11-25
SHIP05253,CUST2205,Cosmetics,D,Flight,Mumbai-Chennai,6,1,3974.36,2,50.9,4169,4,9,0,2023-07-10
SHIP05254,CUST4550,Cosmetics,A,Ship,Kolkata-Delhi,7,1,1589.64,7,59.2,2311,7,7,1,2023-02-09
SHIP05255,CUST3056,Sporting Goods,C,Flight,Delhi-Bangalore,1,5,2086.7,5,5.3,3310,5,10,0,2023-12-12
SHIP05256,CUST9965,Books,A,Flight,Mumbai-Chennai,7,1,236.71,5,47.2,5241,7,12,0,2023-02-20
SHIP05257,CUST5476,Fashion,A,Flight,Hyderabad-Pune,4,1,3510.69,0,55.9,6042,3,7,0,2023-12-06
SHIP05258,CUST7978,Home & Garden,F,Road,Delhi-Mumbai,2,1,615.96,7,1.4,6435,10,13,0,2023-10-05
SHIP05259,CUST6463,Cosmetics,C,Road,Hyderabad-Pune,6,1,2169.13,7,4.4,3625,10,13,0,2023-02-09
SHIP05260,CUST9617,Cosmetics,D,Flight,Hyderabad-Pune,5,3,679.41,6,35.8,1189,9,11,0,2023-01-26
SHIP05261,CUST3391,Books,F,Flight,Kolkata-Delhi,5,3,4060.75,1,56.5,3762,6,9,0,2023-07-08
SHIP05262,CUST7024,Electronics,D,Road,Hyderabad-Pune,5,3,538.27,8,36.0,1746,7,11,0,2023-02-12
SHIP05263,CUST9031,Sporting Goods,D,Ship,Mumbai-Chennai,5,1,2841.53,5,7.6,3067,4,6,0,2023-12-14
SHIP05264,CUST8418,Home & Garden,D,Road,Delhi-Mumbai,6,4,2899.6,4,1.6,2572,9,14,0,2023-07-30
SHIP05265,CUST5705,Fashion,D,Road,Delhi-Bangalore,5,4,2980.27,5,30.0,2801,4,9,0,2023-04-13
SHIP05266,CUST1744,Electronics,D,Road,Mumbai-Chennai,3,1,3165.66,2,47.6,6162,8,10,0,2023-01-12
SHIP05267,CUST9506,Cosmetics,F,Road,Bangalore-Chennai,2,1,1094.72,1,58.6,6984,3,3,1,2023-04-24
SHIP05268,CUST5504,Electronics,F,Flight,Bangalore-Chennai,2,4,806.64,2,9.8,5651,10,12,0,2023-01-27
SHIP05269,CUST7976,Fashion,A,Ship,Bangalore-Chennai,5,5,4296.65,3,11.8,4644,8,8,1,2023-08-15
SHIP05270,CUST1658,Cosmetics,D,Flight,Mumbai-Chennai,3,5,3272.75,5,61.0,5077,5,7,0,2023-03-11
SHIP05271,CUST8484,Home & Garden,B,Flight,Mumbai-Chennai,3,1,4746.09,8,13.2,6882,6,5,1,2023-05-04
SHIP05272,CUST5265,Sporting Goods,A,Flight,Delhi-Mumbai,3,5,3476.6,7,9.7,3445,9,12,0,2023-03-13
SHIP05273,CUST2381,Sporting Goods,A,Flight,Delhi-Bangalore,4,5,2662.84,0,2.3,4665,5,7,0,2023-11-14
SHIP05274,CUST9694,Sporting Goods,F,Road,Delhi-Bangalore,2,5,2269.21,7,0.2,5599,5,4,1,2023-03-27
SHIP05275,CUST2132,Home & Garden,B,Road,Mumbai-Chennai,6,2,4924.3,4,16.2,1363,10,12,0,2023-01-20
SHIP05276,CUST4557,Fashion,A,Ship,Delhi-Bangalore,4,4,3300.34,4,53.1,1291,5,8,0,2023-10-21
SHIP05277,CUST5317,Fashion,D,Ship,Hyderabad-Pune,5,2,628.52,8,55.5,5465,5,9,0,2023-06-24
SHIP05278,CUST4081,Electronics,D,Ship,Mumbai-Chennai,7,5,3933.84,3,57.3,3707,3,3,1,2023-05-23
SHIP05279,CUST3163,Cosmetics,C,Road,Hyderabad-Pune,5,4,2640.38,8,6.3,5040,7,8,0,2023-01-13
SHIP05280,CUST5896,Cosmetics,D,Flight,Hyderabad-Pune,2,2,1030.79,8,25.9,3080,7,10,0,2023-10-10
SHIP05281,CUST1136,Home & Garden,D,Flight,Kolkata-Delhi,1,4,1534.25,6,23.5,5458,5,10,0,2023-06-21
SHIP05282,CUST8134,Electronics,B,Flight,Mumbai-Chennai,1,1,443.92,0,52.7,2285,7,6,1,2023-07-28
SHIP05283,CUST2721,Electronics,D,Ship,Kolkata-Delhi,4,2,3726.73,0,38.0,4275,7,11,0,2023-02-28
SHIP05284,CUST2513,Cosmetics,F,Flight,Kolkata-Delhi,2,1,866.72,6,12.7,3555,5,7,0,2023-04-03
SHIP05285,CUST3142,Home & Garden,C,Ship,Delhi-Bangalore,5,3,3760.5,4,0.3,3818,4,9,0,2023-01-18
SHIP05286,CUST7399,Home & Garden,B,Road,Kolkata-Delhi,6,1,3569.12,7,11.2,3269,9,14,0,2023-09-29
SHIP05287,CUST9062,Books,B,Ship,Hyderabad-Pune,7,5,2890.07,0,28.2,1389,10,15,0,2023-03-12
SHIP05288,CUST3328,Electronics,B,Flight,Mumbai-Chennai,3,3,2430.1,1,43.4,6568,7,8,0,2023-07-19
SHIP05289,CUST3427,Books,A,Flight,Delhi-Bangalore,1,1,1464.32,7,42.6,1635,10,10,1,2023-05-25
SHIP05290,CUST7232,Home & Garden,F,Ship,Hyderabad-Pune,1,4,380.8,8,52.8,5617,6,8,0,2023-12-06
SHIP05291,CUST2876,Books,B,Road,Mumbai-Chennai,2,3,2498.38,6,43.4,3435,7,7,1,2023-08-25
SHIP05292,CUST6153,Books,D,Ship,Kolkata-Delhi,6,3,342.85,0,18.2,5104,5,5,1,2023-03-07
SHIP05293,CUST5318,Electronics,C,Ship,Bangalore-Chennai,3,3,2201.73,6,59.6,2787,8,13,0,2023-03-25
SHIP05294,CUST1688,Electronics,B,Road,Delhi-Mumbai,4,2,1280.93,7,23.2,5737,10,9,1,2023-09-14
SHIP05295,CUST8660,Home & Garden,D,Flight,Mumbai-Chennai,4,3,1955.56,6,32.2,4250,10,13,0,2023-05-20
SHIP05296,CUST2520,Fashion,C,Road,Hyderabad-Pune,1,4,4592.77,4,59.1,2740,10,15,0,2023-05-11
SHIP05297,CUST3644,Electronics,D,Road,Mumbai-Chennai,6,3,1078.05,2,56.7,3324,5,6,0,2023-03-14
SHIP05298,CUST3182,Electronics,C,Flight,Delhi-Mumbai,1,1,1491.87,8,12.5,6086,7,11,0,2023-11-21
SHIP05299,CUST6478,Sporting Goods,A,Road,Hyderabad-Pune,2,4,1892.05,4,26.0,1469,3,8,0,2023-01-28
SHIP05300,CUST2402,Sporting Goods,B,Flight,Kolkata-Delhi,3,2,3135.28,0,2.4,4758,8,11,0,2023-12-08
SHIP05301,CUST2494,Electronics,F,Ship,Kolkata-Delhi,3,1,4845.87,5,3.8,2733,6,11,0,2023-05-11
SHIP05302,CUST2839,Fashion,D,Flight,Delhi-Mumbai,2,5,4461.15,2,63.0,2222,8,9,0,2023-07-10
SHIP05303,CUST6449,Sporting Goods,C,Ship,Delhi-Bangalore,7,1,810.04,1,23.4,5696,3,7,0,2023-12-13
SHIP05304,CUST7035,Sporting Goods,B,Flight,Delhi-Mumbai,5,4,644.93,6,22.0,2775,8,11,0,2023-11-11
SHIP05305,CUST2934,Sporting Goods,A,Ship,Bangalore-Chennai,4,1,1102.66,8,2.9,3038,9,14,0,2023-01-24
SHIP05306,CUST4294,Sporting Goods,B,Flight,Delhi-Mumbai,3,3,4879.17,1,30.5,2278,5,9,0,2023-07-01
SHIP05307,CUST6536,Electronics,C,Road,Delhi-Mumbai,7,1,587.56,4,58.3,4345,4,8,0,2023-08-03
SHIP05308,CUST2892,Electronics,D,Ship,Kolkata-Delhi,1,2,698.36,3,35.4,3108,10,10,1,2023-07-14
SHIP05309,CUST6939,Home & Garden,F,Road,Kolkata-Delhi,4,2,531.23,1,9.9,2662,8,7,1,2023-04-15
SHIP05310,CUST6084,Fashion,C,Road,Bangalore-Chennai,4,4,3515.98,2,53.8,1911,4,8,0,2023-04-05
SHIP05311,CUST3921,Electronics,C,Ship,Hyderabad-Pune,3,3,170.89,6,0.1,3387,6,10,0,2023-07-13
SHIP05312,CUST3148,Electronics,C,Road,Hyderabad-Pune,3,5,2833.65,4,60.7,4049,9,13,0,2023-02-27
SHIP05313,CUST7974,Electronics,A,Flight,Mumbai-Chennai,5,1,4614.97,3,24.0,2729,6,9,0,2023-04-13
SHIP05314,CUST5510,Electronics,D,Flight,Delhi-Mumbai,5,1,3400.82,7,43.1,4166,6,8,0,2023-11-15
SHIP05315,CUST6506,Home & Garden,C,Road,Bangalore-Chennai,2,5,2186.37,6,5.7,2627,8,11,0,2023-03-14
SHIP05316,CUST8970,Sporting Goods,A,Flight,Delhi-Mumbai,4,2,305.37,0,31.3,2042,8,13,0,2023-09-24
SHIP05317,CUST9664,Home & Garden,D,Ship,Kolkata-Delhi,4,4,2265.7,1,59.3,2750,7,11,0,2023-12-11
SHIP05318,CUST9504,Cosmetics,B,Ship,Hyderabad-Pune,5,4,1736.73,7,1.5,6477,9,13,0,2023-04-02
SHIP05319,CUST5707,Fashion,C,Road,Bangalore-Chennai,2,5,1213.97,4,10.5,4644,4,4,1,2023-02-12
SHIP05320,CUST9726,Sporting Goods,A,Flight,Kolkata-Delhi,3,5,3821.92,6,0.9,1440,5,8,0,2023-03-18
SHIP05321,CUST8612,Home & Garden,C,Flight,Kolkata-Delhi,1,4,1474.85,1,13.4,3762,5,8,0,2023-12-03
SHIP05322,CUST3543,Home & Garden,C,Ship,Delhi-Bangalore,3,1,2089.1,8,20.3,5849,10,13,0,2023-03-23
SHIP05323,CUST7379,Electronics,D,Road,Delhi-Bangalore,7,4,1062.04,2,15.0,1898,6,9,0,2023-04-25
SHIP05324,CUST8704,Books,F,Road,Bangalore-Chennai,4,3,1838.89,4,52.3,4437,5,8,0,2023-06-01
SHIP05325,CUST2995,Books,F,Flight,Hyderabad-Pune,7,4,1866.91,2,30.9,5891,3,8,0,2023-04-09
SHIP05326,CUST3893,Sporting Goods,D,Flight,Mumbai-Chennai,3,5,4187.63,2,29.9,2023,7,10,0,2023-02-28
SHIP05327,CUST2993,Sporting Goods,F,Flight,Delhi-Mumbai,7,2,2056.39,4,44.2,4856,8,11,0,2023-02-11
SHIP05328,CUST2955,Sporting Goods,F,Flight,Mumbai-Chennai,1,1,4007.01,7,50.7,1015,5,8,0,2023-02-19
SHIP05329,CUST7176,Electronics,D,Road,Delhi-Bangalore,3,5,4294.0,2,44.4,5228,5,5,1,2023-02-15
SHIP05330,CUST3795,Cosmetics,A,Road,Hyderabad-Pune,7,1,1396.7,5,39.8,1749,7,11,0,2023-05-15
SHIP05331,CUST7104,Electronics,B,Ship,Bangalore-Chennai,7,4,4522.92,4,52.7,4065,5,8,0,2023-11-08
SHIP05332,CUST7414,Home & Garden,A,Road,Delhi-Bangalore,7,4,215.63,7,2.7,2343,9,14,0,2023-04-28
SHIP05333,CUST3017,Books,B,Flight,Delhi-Mumbai,4,5,1007.53,2,0.5,2794,6,11,0,2023-08-21
SHIP05334,CUST4936,Sporting Goods,D,Road,Bangalore-Chennai,3,1,3149.99,6,41.2,6752,8,11,0,2023-03-03
SHIP05335,CUST5335,Electronics,C,Flight,Hyderabad-Pune,5,4,951.39,5,38.7,5655,7,8,0,2023-03-18
SHIP05336,CUST3565,Fashion,F,Ship,Hyderabad-Pune,4,4,3954.87,2,23.7,5794,8,13,0,2023-07-03
SHIP05337,CUST6237,Home & Garden,C,Ship,Delhi-Bangalore,7,1,1674.87,8,47.1,4704,7,8,0,2023-10-14
SHIP05338,CUST2812,Fashion,F,Road,Bangalore-Chennai,6,5,2070.45,3,16.2,3998,5,10,0,2023-10-23
SHIP05339,CUST8019,Books,B,Ship,Delhi-Bangalore,1,1,3169.43,7,5.6,3898,6,8,0,2023-01-15
SHIP05340,CUST8047,Fashion,B,Road,Mumbai-Chennai,6,1,2025.62,6,8.2,3850,8,13,0,2023-09-02
SHIP05341,CUST5422,Sporting Goods,D,Ship,Kolkata-Delhi,3,4,349.44,0,13.8,4220,9,13,0,2023-08-31
SHIP05342,CUST8003,Books,A,Ship,Kolkata-Delhi,6,5,2329.46,1,44.3,3732,6,11,0,2023-09-22
SHIP05343,CUST4709,Electronics,F,Road,Hyderabad-Pune,4,3,2776.36,2,12.1,5212,7,6,1,2023-06-20
SHIP05344,CUST8309,Fashion,D,Flight,Kolkata-Delhi,1,1,1304.94,4,5.8,4061,10,12,0,2023-03-05
SHIP05345,CUST8388,Electronics,B,Flight,Delhi-Mumbai,4,1,2985.47,4,43.6,6673,5,10,0,2023-09-28
SHIP05346,CUST1247,Electronics,F,Flight,Delhi-Mumbai,4,3,4748.1,4,3.3,6670,10,11,0,2023-06-23
SHIP05347,CUST3844,Books,C,Ship,Mumbai-Chennai,4,1,575.13,5,40.7,2494,10,14,0,2023-02-06
SHIP05348,CUST3252,Cosmetics,F,Road,Bangalore-Chennai,2,1,656.38,8,4.1,2876,7,11,0,2023-01-16
SHIP05349,CUST4741,Sporting Goods,C,Ship,Delhi-Mumbai,1,4,3224.4,5,41.3,2010,3,6,0,2023-11-30
SHIP05350,CUST3406,Fashion,C,Flight,Delhi-Mumbai,7,5,2867.27,0,44.7,4934,8,13,0,2023-03-07
SHIP05351,CUST8999,Cosmetics,D,Flight,Delhi-Mumbai,6,5,4387.97,6,49.6,4506,4,8,0,2023-04-22
SHIP05352,CUST7877,Home & Garden,A,Flight,Delhi-Mumbai,1,5,1222.65,8,47.5,1180,3,4,0,2023-01-31
SHIP05353,CUST5594,Electronics,D,Road,Delhi-Mumbai,3,2,4569.95,3,20.9,1829,4,8,0,2023-05-31
SHIP05354,CUST5764,Cosmetics,A,Flight,Bangalore-Chennai,3,2,859.93,1,4.3,3134,10,10,1,2023-03-16
SHIP05355,CUST2703,Fashion,D,Road,Hyderabad-Pune,5,2,4378.12,6,24.0,6698,4,5,0,2023-10-10
SHIP05356,CUST3858,Cosmetics,B,Road,Delhi-Bangalore,7,5,2108.89,8,35.5,4341,6,7,0,2023-11-22
SHIP05357,CUST5397,Home & Garden,D,Road,Bangalore-Chennai,7,3,2251.47,3,57.1,6075,3,7,0,2023-07-29
SHIP05358,CUST8027,Home & Garden,F,Ship,Delhi-Bangalore,6,2,3012.45,4,56.6,6310,8,10,0,2023-10-18
SHIP05359,CUST1081,Cosmetics,F,Flight,Mumbai-Chennai,4,5,1384.94,0,47.8,2381,7,10,0,2023-04-22
SHIP05360,CUST8770,Electronics,C,Road,Kolkata-Delhi,7,3,4611.25,0,42.5,6530,6,5,1,2023-09-03
SHIP05361,CUST1214,Electronics,A,Road,Delhi-Bangalore,4,4,4191.88,1,2.1,1595,5,8,0,2023-08-05
SHIP05362,CUST4588,Cosmetics,F,Ship,Delhi-Mumbai,1,1,1495.94,0,33.1,6270,4,8,0,2023-11-28
SHIP05363,CUST5145,Home & Garden,C,Ship,Bangalore-Chennai,2,3,2089.11,2,5.8,6688,7,8,0,2023-12-24
SHIP05364,CUST6436,Electronics,A,Ship,Hyderabad-Pune,3,3,3659.57,2,26.1,5303,4,7,0,2023-12-15
SHIP05365,CUST6594,Home & Garden,A,Flight,Kolkata-Delhi,2,1,4265.03,0,34.7,5197,5,4,1,2023-07-28
SHIP05366,CUST5888,Books,A,Flight,Delhi-Bangalore,4,4,911.26,2,33.0,3670,10,14,0,2023-08-04
SHIP05367,CUST4111,Electronics,C,Road,Delhi-Bangalore,3,3,2727.83,1,46.9,6907,9,14,0,2023-10-24
SHIP05368,CUST8592,Cosmetics,A,Road,Bangalore-Chennai,5,1,1260.54,7,29.3,1724,10,10,1,2023-03-15
SHIP05369,CUST6226,Books,B,Flight,Bangalore-Chennai,3,5,1174.5,5,61.1,3569,4,3,1,2023-03-29
SHIP05370,CUST2114,Books,C,Road,Mumbai-Chennai,1,1,2524.91,6,56.6,4874,4,8,0,2023-06-27
SHIP05371,CUST8505,Sporting Goods,F,Road,Delhi-Mumbai,1,5,4845.15,2,6.3,1384,5,5,1,2023-10-28
SHIP05372,CUST1526,Home & Garden,F,Flight,Mumbai-Chennai,5,4,4971.12,0,16.4,4019,10,12,0,2023-12-16
SHIP05373,CUST8675,Cosmetics,F,Road,Kolkata-Delhi,4,2,741.8,5,57.7,5813,6,10,0,2023-08-13
SHIP05374,CUST8960,Electronics,B,Road,Bangalore-Chennai,4,2,4769.03,7,54.5,2714,9,11,0,2023-01-16
SHIP05375,CUST2913,Fashion,A,Flight,Bangalore-Chennai,7,4,981.43,6,43.7,4162,3,4,0,2023-08-22
SHIP05376,CUST5343,Fashion,F,Road,Delhi-Mumbai,6,3,933.65,8,21.1,6621,5,7,0,2023-04-28
SHIP05377,CUST1048,Books,D,Road,Hyderabad-Pune,5,3,4693.36,3,64.0,1576,7,8,0,2023-07-21
SHIP05378,CUST4090,Books,A,Flight,Mumbai-Chennai,2,1,2444.0,5,64.7,3454,4,8,0,2023-04-28
SHIP05379,CUST6735,Books,A,Flight,Mumbai-Chennai,4,2,1365.22,4,44.5,6316,8,10,0,2023-05-09
SHIP05380,CUST4534,Electronics,D,Road,Bangalore-Chennai,6,4,3863.12,4,54.8,4988,7,6,1,2023-07-27
SHIP05381,CUST4616,Fashion,D,Road,Delhi-Mumbai,3,4,1402.23,2,7.6,1320,3,2,1,2023-02-01
SHIP05382,CUST7466,Electronics,C,Road,Hyderabad-Pune,1,5,3859.26,6,38.6,1052,9,14,0,2023-12-11
SHIP05383,CUST2585,Books,D,Ship,Hyderabad-Pune,5,5,157.2,2,17.9,1508,5,9,0,2023-10-14
SHIP05384,CUST1292,Sporting Goods,D,Flight,Delhi-Bangalore,2,4,4189.51,6,50.4,4207,10,11,0,2023-05-01
SHIP05385,CUST6162,Sporting Goods,D,Ship,Delhi-Mumbai,6,3,3601.23,0,34.4,5550,10,10,1,2023-05-23
SHIP05386,CUST2104,Books,C,Road,Kolkata-Delhi,3,1,2239.71,7,51.2,5788,8,13,0,2023-05-19
SHIP05387,CUST8227,Electronics,F,Flight,Delhi-Bangalore,4,1,2467.28,8,27.2,1492,5,4,1,2023-03-15
SHIP05388,CUST8775,Fashion,A,Ship,Kolkata-Delhi,3,5,3296.08,5,61.2,4789,9,12,0,2023-05-04
SHIP05389,CUST3196,Books,C,Road,Delhi-Mumbai,6,5,3552.69,3,16.5,1737,4,4,1,2023-04-23
SHIP05390,CUST5975,Books,B,Flight,Delhi-Bangalore,3,4,2878.83,5,16.0,6271,6,5,1,2023-01-19
SHIP05391,CUST2315,Sporting Goods,D,Road,Kolkata-Delhi,2,3,116.22,6,24.6,1227,6,5,1,2023-06-25
SHIP05392,CUST2066,Sporting Goods,C,Road,Hyderabad-Pune,7,1,3985.53,1,34.4,2660,4,3,1,2023-08-11
SHIP05393,CUST9879,Cosmetics,C,Ship,Kolkata-Delhi,4,1,1564.8,0,43.6,5533,5,8,0,2023-12-23
SHIP05394,CUST6948,Electronics,B,Flight,Mumbai-Chennai,7,2,1985.43,1,11.5,1537,4,7,0,2023-09-03
SHIP05395,CUST7343,Electronics,F,Road,Bangalore-Chennai,1,2,1626.57,5,52.9,2310,7,7,1,2023-12-05
SHIP05396,CUST4934,Fashion,F,Flight,Delhi-Bangalore,1,1,3446.07,0,51.8,6323,4,4,1,2023-02-11
SHIP05397,CUST8272,Sporting Goods,C,Flight,Delhi-Bangalore,4,4,1900.74,4,41.8,1177,5,10,0,2023-09-16
SHIP05398,CUST1515,Cosmetics,B,Flight,Hyderabad-Pune,3,1,1045.89,6,17.0,3448,7,8,0,2023-03-12
SHIP05399,CUST1382,Sporting Goods,F,Flight,Bangalore-Chennai,3,3,863.35,2,53.5,3652,4,4,1,2023-05-02
SHIP05400,CUST5188,Fashion,B,Road,Mumbai-Chennai,7,1,1370.35,3,48.9,2660,7,12,0,2023-11-15
SHIP05401,CUST9649,Cosmetics,A,Ship,Delhi-Bangalore,6,2,4645.87,3,0.7,4502,5,6,0,2023-06-11
SHIP05402,CUST4723,Electronics,A,Ship,Bangalore-Chennai,6,2,2513.97,3,45.3,4444,4,9,0,2023-11-18
SHIP05403,CUST1886,Sporting Goods,B,Road,Delhi-Mumbai,2,3,3657.77,2,48.1,2243,10,14,0,2023-12-19
SHIP05404,CUST2254,Electronics,F,Road,Delhi-Mumbai,5,5,1158.6,0,33.0,5790,4,9,0,2023-03-02
SHIP05405,CUST1765,Sporting Goods,A,Ship,Hyderabad-Pune,7,5,504.05,8,61.2,4463,6,6,1,2023-04-16
SHIP05406,CUST9358,Fashion,F,Road,Kolkata-Delhi,6,5,3215.59,8,7.7,2935,3,3,1,2023-01-10
SHIP05407,CUST9508,Cosmetics,B,Road,Delhi-Bangalore,3,5,3617.37,0,23.6,5446,6,11,0,2023-06-12
SHIP05408,CUST8137,Sporting Goods,A,Flight,Kolkata-Delhi,5,4,2887.45,2,18.2,4430,10,12,0,2023-12-04
SHIP05409,CUST4270,Books,C,Road,Hyderabad-Pune,6,4,1431.78,4,1.8,6943,7,8,0,2023-03-23
SHIP05410,CUST1479,Fashion,F,Ship,Kolkata-Delhi,3,3,4920.12,2,60.2,6246,5,9,0,2023-08-30
SHIP05411,CUST1605,Electronics,C,Flight,Kolkata-Delhi,5,5,2795.42,3,53.6,2558,7,10,0,2023-10-26
SHIP05412,CUST7416,Home & Garden,F,Flight,Kolkata-Delhi,6,5,3630.06,1,17.8,3019,4,5,0,2023-11-15
SHIP05413,CUST6576,Home & Garden,C,Ship,Kolkata-Delhi,4,5,4102.61,3,42.4,2411,7,10,0,2023-05-10
SHIP05414,CUST5269,Home & Garden,D,Ship,Hyderabad-Pune,6,1,451.23,7,23.4,5858,9,9,1,2023-04-22
SHIP05415,CUST5773,Home & Garden,D,Flight,Mumbai-Chennai,5,3,4678.29,0,34.1,5969,9,11,0,2023-02-14
SHIP05416,CUST1805,Cosmetics,A,Flight,Delhi-Mumbai,1,3,4357.27,2,10.8,2753,8,10,0,2023-03-04
SHIP05417,CUST7845,Electronics,D,Flight,Hyderabad-Pune,3,3,950.76,5,1.5,6502,8,13,0,2023-10-29
SHIP05418,CUST8125,Electronics,C,Road,Hyderabad-Pune,7,3,2715.72,6,46.8,1543,7,8,0,2023-04-20
SHIP05419,CUST6294,Cosmetics,C,Flight,Kolkata-Delhi,5,2,2218.12,3,51.7,5902,4,6,0,2023-05-26
SHIP05420,CUST9310,Sporting Goods,D,Ship,Bangalore-Chennai,7,1,1181.68,5,62.8,6733,3,7,0,2023-01-19
SHIP05421,CUST5505,Cosmetics,D,Flight,Delhi-Bangalore,2,3,4672.1,7,3.5,3768,3,5,0,2023-08-28
SHIP05422,CUST2805,Books,B,Ship,Delhi-Bangalore,7,3,4334.79,3,48.5,4849,8,13,0,2023-01-16
SHIP05423,CUST5730,Sporting Goods,D,Road,Delhi-Bangalore,1,5,4899.49,5,15.2,3108,5,9,0,2023-09-07
SHIP05424,CUST7409,Electronics,A,Ship,Mumbai-Chennai,6,5,4238.3,2,24.8,2386,3,8,0,2023-03-16
SHIP05425,CUST8289,Books,F,Road,Bangalore-Chennai,3,4,2421.36,8,18.3,2155,6,5,1,2023-01-24
SHIP05426,CUST3202,Electronics,A,Ship,Hyderabad-Pune,4,4,4386.66,2,30.5,4270,3,4,0,2023-05-29
SHIP05427,CUST1757,Electronics,F,Road,Delhi-Mumbai,3,5,2248.21,7,47.0,1885,6,10,0,2023-06-05
SHIP05428,CUST3069,Cosmetics,A,Road,Mumbai-Chennai,7,1,3895.53,1,38.3,5306,4,9,0,2023-09-15
SHIP05429,CUST3297,Cosmetics,D,Road,Delhi-Bangalore,3,2,3997.44,4,28.1,4040,5,9,0,2023-10-03
SHIP05430,CUST9716,Books,F,Flight,Bangalore-Chennai,5,2,1654.98,4,30.7,2891,10,14,0,2023-02-23
SHIP05431,CUST8550,Electronics,C,Road,Kolkata-Delhi,2,4,1394.22,7,38.7,2655,10,11,0,2023-06-20
SHIP05432,CUST9846,Electronics,D,Ship,Delhi-Bangalore,2,2,2177.39,8,6.7,2187,4,8,0,2023-11-30
SHIP05433,CUST5429,Fashion,B,Flight,Delhi-Bangalore,5,5,2313.73,0,17.6,1843,4,5,0,2023-07-01
SHIP05434,CUST6508,Sporting Goods,F,Flight,Delhi-Mumbai,2,4,1423.1,2,15.8,5616,7,12,0,2023-12-25
SHIP05435,CUST3090,Sporting Goods,D,Flight,Mumbai-Chennai,7,3,4718.15,8,18.6,1127,3,5,0,2023-05-05
SHIP05436,CUST1061,Books,F,Road,Kolkata-Delhi,5,5,2638.5,7,26.5,1037,7,7,1,2023-02-04
SHIP05437,CUST7651,Books,D,Road,Kolkata-Delhi,6,4,2904.29,2,32.1,5403,4,8,0,2023-10-20
SHIP05438,CUST1525,Books,D,Road,Hyderabad-Pune,5,1,3601.43,7,47.8,5370,6,8,0,2023-11-23
SHIP05439,CUST9189,Books,F,Road,Delhi-Bangalore,6,2,2649.62,0,7.0,2550,5,10,0,2023-01-09
SHIP05440,CUST1089,Sporting Goods,B,Ship,Hyderabad-Pune,3,2,3605.75,6,16.9,4237,9,9,1,2023-05-24
SHIP05441,CUST6266,Cosmetics,B,Road,Bangalore-Chennai,7,2,808.28,5,1.5,3499,10,11,0,2023-05-10
SHIP05442,CUST9529,Books,C,Road,Hyderabad-Pune,7,1,3784.95,5,37.6,3146,9,11,0,2023-09-25
SHIP05443,CUST1120,Electronics,B,Road,Hyderabad-Pune,6,2,1199.86,3,43.0,1770,10,11,0,2023-04-03
SHIP05444,CUST5657,Fashion,F,Road,Hyderabad-Pune,1,1,1304.99,7,56.3,2459,7,12,0,2023-03-31
SHIP05445,CUST9772,Sporting Goods,C,Ship,Bangalore-Chennai,7,5,2074.89,6,20.6,2825,7,10,0,2023-03-22
SHIP05446,CUST8625,Home & Garden,A,Ship,Delhi-Bangalore,1,4,771.99,5,51.8,6567,8,8,1,2023-11-18
SHIP05447,CUST1090,Fashion,B,Ship,Mumbai-Chennai,4,1,1231.5,1,15.4,6972,3,4,0,2023-07-16
SHIP05448,CUST1276,Electronics,D,Road,Mumbai-Chennai,1,5,3468.18,4,64.1,2215,6,8,0,2023-10-01
SHIP05449,CUST6351,Home & Garden,A,Flight,Bangalore-Chennai,5,2,958.79,0,2.5,6796,6,9,0,2023-07-05
SHIP05450,CUST5911,Home & Garden,F,Ship,Delhi-Bangalore,1,4,4233.16,0,33.3,3603,5,9,0,2023-03-07
SHIP05451,CUST2985,Sporting Goods,B,Flight,Mumbai-Chennai,1,4,1443.27,1,24.4,1893,10,9,1,2023-05-24
SHIP05452,CUST3976,Fashion,C,Ship,Delhi-Bangalore,6,2,3750.24,5,4.0,1208,4,7,0,2023-03-11
SHIP05453,CUST4189,Books,B,Road,Delhi-Mumbai,2,5,2930.54,2,60.2,5425,5,5,1,2023-04-02
SHIP05454,CUST2972,Home & Garden,B,Flight,Delhi-Bangalore,3,1,943.12,1,46.4,6059,8,13,0,2023-09-17
SHIP05455,CUST1858,Books,A,Road,Hyderabad-Pune,3,2,3444.52,1,0.0,6002,4,6,0,2023-02-17
SHIP05456,CUST5868,Books,B,Road,Hyderabad-Pune,1,3,4667.9,3,41.3,1987,10,13,0,2023-11-25
SHIP05457,CUST3001,Sporting Goods,F,Flight,Hyderabad-Pune,7,5,4357.25,7,26.4,1176,7,11,0,2023-12-28
SHIP05458,CUST2680,Electronics,C,Flight,Delhi-Bangalore,6,1,4087.93,7,65.0,1641,4,7,0,2023-12-02
SHIP05459,CUST5942,Books,F,Road,Delhi-Bangalore,7,1,2091.52,5,24.7,2193,7,6,1,2023-01-01
SHIP05460,CUST9963,Fashion,B,Road,Kolkata-Delhi,2,4,3856.79,2,42.1,6474,3,7,0,2023-01-14
SHIP05461,CUST3143,Home & Garden,B,Ship,Bangalore-Chennai,6,3,1955.8,6,44.7,4803,6,9,0,2023-08-22
SHIP05462,CUST8285,Electronics,B,Flight,Hyderabad-Pune,3,3,3555.02,1,14.8,3852,4,9,0,2023-08-06
SHIP05463,CUST4311,Fashion,B,Flight,Bangalore-Chennai,5,4,4048.55,7,43.4,1133,10,10,1,2023-06-14
SHIP05464,CUST9979,Sporting Goods,D,Road,Kolkata-Delhi,7,1,2914.38,0,46.3,2117,9,12,0,2023-08-06
SHIP05465,CUST6646,Home & Garden,A,Flight,Delhi-Mumbai,2,4,3776.33,6,56.2,5258,5,8,0,2023-12-26
SHIP05466,CUST1995,Electronics,C,Flight,Bangalore-Chennai,6,2,913.22,8,17.0,1942,7,8,0,2023-12-18
SHIP05467,CUST5758,Home & Garden,F,Road,Delhi-Bangalore,6,4,2791.52,4,58.5,1291,3,5,0,2023-01-07
SHIP05468,CUST5933,Sporting Goods,D,Road,Delhi-Mumbai,7,4,813.36,1,11.1,5615,8,12,0,2023-08-11
SHIP05469,CUST4650,Home & Garden,C,Ship,Delhi-Bangalore,5,3,4108.94,0,39.7,2133,4,5,0,2023-05-05
SHIP05470,CUST9275,Sporting Goods,B,Ship,Delhi-Mumbai,1,2,4557.09,0,32.7,6632,9,12,0,2023-08-21
SHIP05471,CUST6951,Cosmetics,C,Flight,Hyderabad-Pune,5,1,4912.66,4,16.6,3790,5,4,1,2023-11-26
SHIP05472,CUST6973,Electronics,F,Flight,Bangalore-Chennai,3,2,3903.67,5,61.3,3056,8,10,0,2023-07-02
SHIP05473,CUST5928,Books,F,Road,Delhi-Bangalore,7,1,3005.49,4,20.8,3214,7,12,0,2023-12-29
SHIP05474,CUST4453,Electronics,A,Flight,Bangalore-Chennai,5,3,4652.49,4,58.7,2076,4,4,1,2023-09-27
SHIP05475,CUST4876,Fashion,F,Road,Hyderabad-Pune,3,5,4461.84,4,10.1,5912,5,10,0,2023-09-20
SHIP05476,CUST1057,Home & Garden,F,Flight,Bangalore-Chennai,3,1,2881.12,4,63.2,5353,9,13,0,2023-04-23
SHIP05477,CUST2100,Cosmetics,B,Road,Hyderabad-Pune,7,2,2580.58,1,0.9,6907,9,13,0,2023-05-26
SHIP05478,CUST3634,Home & Garden,A,Ship,Delhi-Mumbai,1,5,2996.25,4,24.8,3004,8,12,0,2023-10-16
SHIP05479,CUST7160,Home & Garden,C,Flight,Delhi-Bangalore,6,4,4352.35,0,3.1,6570,4,3,1,2023-08-11
SHIP05480,CUST4167,Fashion,C,Road,Delhi-Mumbai,1,3,2042.53,4,0.8,6458,7,12,0,2023-12-14
SHIP05481,CUST7608,Sporting Goods,C,Ship,Mumbai-Chennai,4,4,4987.94,5,40.2,2192,8,13,0,2023-06-18
SHIP05482,CUST7276,Fashion,C,Flight,Kolkata-Delhi,3,1,3317.95,1,52.5,4468,6,10,0,2023-12-14
SHIP05483,CUST7443,Home & Garden,D,Flight,Mumbai-Chennai,1,4,1141.87,6,23.2,5167,8,10,0,2023-12-18
SHIP05484,CUST2897,Electronics,A,Flight,Hyderabad-Pune,7,4,2351.95,6,38.9,6044,9,8,1,2023-08-18
SHIP05485,CUST7662,Fashion,B,Flight,Mumbai-Chennai,2,4,3042.96,2,32.7,3585,5,6,0,2023-10-27
SHIP05486,CUST4041,Books,F,Ship,Kolkata-Delhi,5,3,2275.5,4,4.5,2767,4,5,0,2023-08-01
SHIP05487,CUST7794,Books,A,Ship,Delhi-Mumbai,4,5,4721.22,7,24.9,6598,6,10,0,2023-05-07
SHIP05488,CUST5632,Books,C,Ship,Delhi-Bangalore,3,5,4214.05,1,27.8,6433,3,4,0,2023-04-20
SHIP05489,CUST9849,Books,A,Road,Bangalore-Chennai,4,1,2605.13,4,24.8,5540,8,9,0,2023-11-09
SHIP05490,CUST9569,Books,C,Flight,Kolkata-Delhi,3,4,4015.78,0,13.2,4078,10,12,0,2023-01-04
SHIP05491,CUST5638,Fashion,F,Flight,Kolkata-Delhi,2,2,2546.69,2,5.7,2832,6,10,0,2023-03-28
SHIP05492,CUST8131,Cosmetics,D,Ship,Hyderabad-Pune,1,4,4573.38,0,60.5,2300,9,11,0,2023-06-22
SHIP05493,CUST3672,Books,B,Flight,Mumbai-Chennai,6,4,2119.45,4,29.9,4542,10,14,0,2023-09-11
SHIP05494,CUST8693,Books,A,Flight,Mumbai-Chennai,1,2,873.2,1,61.5,6400,9,10,0,2023-12-21
SHIP05495,CUST5184,Sporting Goods,C,Flight,Bangalore-Chennai,4,2,1406.66,4,38.7,1715,5,10,0,2023-04-11
SHIP05496,CUST9814,Books,B,Flight,Delhi-Mumbai,3,5,3217.99,0,37.6,3786,10,12,0,2023-05-19
SHIP05497,CUST5001,Fashion,F,Road,Delhi-Mumbai,4,1,1183.35,3,48.7,3873,10,13,0,2023-02-06
SHIP05498,CUST8918,Electronics,C,Ship,Delhi-Bangalore,6,1,2710.7,5,5.6,5387,9,14,0,2023-08-02
SHIP05499,CUST7315,Electronics,D,Road,Kolkata-Delhi,6,2,1607.17,8,61.8,3982,6,9,0,2023-12-13
SHIP05500,CUST2416,Electronics,A,Ship,Delhi-Mumbai,5,5,2260.35,5,34.3,2744,9,13,0,2023-10-20
SHIP05501,CUST5858,Home & Garden,A,Flight,Delhi-Mumbai,4,4,3216.05,1,13.1,1029,3,4,0,2023-01-29
SHIP05502,CUST5654,Sporting Goods,C,Ship,Hyderabad-Pune,4,1,3184.19,0,18.9,5218,9,9,1,2023-06-17
SHIP05503,CUST1099,Home & Garden,D,Flight,Bangalore-Chennai,5,5,3574.64,7,23.4,6803,3,6,0,2023-10-15
SHIP05504,CUST3773,Home & Garden,F,Ship,Hyderabad-Pune,4,1,4151.41,8,39.0,2165,7,12,0,2023-01-28
SHIP05505,CUST4767,Home & Garden,C,Flight,Bangalore-Chennai,3,3,3958.46,8,58.9,6059,10,13,0,2023-12-19
SHIP05506,CUST4313,Books,A,Ship,Hyderabad-Pune,6,5,1679.68,6,4.9,3271,3,4,0,2023-08-13
SHIP05507,CUST8294,Books,F,Ship,Mumbai-Chennai,3,4,2180.54,6,13.9,3938,8,13,0,2023-12-14
SHIP05508,CUST2372,Cosmetics,B,Flight,Hyderabad-Pune,5,4,1220.04,1,63.3,2985,4,4,1,2023-09-22
SHIP05509,CUST6768,Cosmetics,F,Road,Delhi-Bangalore,4,5,3843.98,5,29.1,6993,6,11,0,2023-04-12
SHIP05510,CUST6394,Books,A,Road,Delhi-Bangalore,3,2,685.4,6,10.0,2451,3,8,0,2023-02-28
SHIP05511,CUST7637,Fashion,A,Ship,Mumbai-Chennai,7,2,1272.56,7,5.7,2417,6,10,0,2023-06-14
SHIP05512,CUST6080,Sporting Goods,B,Ship,Delhi-Bangalore,6,5,2181.59,6,32.8,5347,3,4,0,2023-09-07
SHIP05513,CUST9374,Cosmetics,A,Ship,Mumbai-Chennai,3,4,1617.33,5,57.2,2910,10,15,0,2023-03-10
SHIP05514,CUST8707,Cosmetics,F,Road,Delhi-Mumbai,4,1,173.57,6,2.6,5702,4,8,0,2023-01-26
SHIP05515,CUST5323,Fashion,C,Road,Delhi-Bangalore,3,3,4770.07,7,59.8,4329,9,11,0,2023-06-06
SHIP05516,CUST7974,Fashion,B,Flight,Delhi-Mumbai,4,1,184.7,1,54.9,6613,4,9,0,2023-07-05
SHIP05517,CUST3946,Fashion,A,Ship,Kolkata-Delhi,4,2,2193.64,4,28.7,1321,5,5,1,2023-02-05
SHIP05518,CUST1692,Fashion,C,Ship,Delhi-Bangalore,6,3,4851.03,0,26.0,5158,4,6,0,2023-11-01
SHIP05519,CUST1144,Home & Garden,B,Flight,Hyderabad-Pune,3,1,3179.56,6,34.2,5573,8,12,0,2023-09-27
SHIP05520,CUST2195,Electronics,C,Ship,Bangalore-Chennai,4,4,2797.02,8,29.4,2589,6,9,0,2023-03-23
SHIP05521,CUST8904,Cosmetics,D,Road,Delhi-Bangalore,5,2,366.84,0,48.1,2710,7,9,0,2023-07-13
SHIP05522,CUST9275,Cosmetics,D,Flight,Kolkata-Delhi,7,3,1237.82,5,1.1,5245,10,9,1,2023-05-03
SHIP05523,CUST8388,Electronics,C,Flight,Bangalore-Chennai,7,3,3925.73,4,10.6,3013,5,6,0,2023-12-11
SHIP05524,CUST9836,Cosmetics,C,Ship,Delhi-Mumbai,1,5,1405.86,8,2.9,3306,8,12,0,2023-09-20
SHIP05525,CUST5325,Books,F,Road,Hyderabad-Pune,2,1,4398.13,8,49.4,4486,10,15,0,2023-10-30
SHIP05526,CUST8679,Home & Garden,B,Road,Delhi-Bangalore,6,5,2807.05,5,49.8,4698,3,6,0,2023-01-15
SHIP05527,CUST1472,Books,C,Ship,Kolkata-Delhi,1,5,2622.39,6,48.8,3748,9,14,0,2023-01-05
SHIP05528,CUST5912,Books,B,Road,Delhi-Bangalore,7,5,3262.21,0,59.5,4007,7,11,0,2023-09-27
SHIP05529,CUST5125,Cosmetics,A,Road,Kolkata-Delhi,4,5,299.56,7,42.4,5539,6,8,0,2023-04-29
SHIP05530,CUST6079,Home & Garden,C,Ship,Hyderabad-Pune,2,3,2621.88,4,37.7,3351,3,4,0,2023-11-19
SHIP05531,CUST5241,Home & Garden,F,Ship,Delhi-Mumbai,6,5,2908.12,1,50.4,1325,3,6,0,2023-08-18
SHIP05532,CUST7370,Sporting Goods,D,Road,Bangalore-Chennai,3,4,421.04,4,55.0,4147,8,11,0,2023-09-04
SHIP05533,CUST2024,Home & Garden,A,Road,Kolkata-Delhi,5,4,3838.37,1,1.9,4286,8,12,0,2023-09-13
SHIP05534,CUST7743,Fashion,C,Flight,Delhi-Bangalore,1,2,4700.57,5,59.0,6597,9,9,1,2023-03-08
SHIP05535,CUST6521,Fashion,C,Flight,Hyderabad-Pune,4,4,2016.34,3,27.7,1230,10,13,0,2023-08-01
SHIP05536,CUST2822,Books,B,Flight,Mumbai-Chennai,5,4,501.99,4,31.4,5734,6,6,1,2023-02-19
SHIP05537,CUST2659,Sporting Goods,C,Ship,Hyderabad-Pune,5,4,2612.21,2,31.3,4432,7,8,0,2023-12-19
SHIP05538,CUST1954,Sporting Goods,B,Ship,Kolkata-Delhi,1,1,1931.2,6,0.7,2346,5,10,0,2023-09-30
SHIP05539,CUST9349,Electronics,C,Flight,Bangalore-Chennai,2,2,4627.49,2,8.4,2557,6,6,1,2023-12-20
SHIP05540,CUST2603,Electronics,D,Ship,Mumbai-Chennai,5,4,4603.03,7,61.2,5124,10,11,0,2023-10-04
SHIP05541,CUST5397,Books,D,Flight,Kolkata-Delhi,7,1,1980.79,1,44.7,6041,8,7,1,2023-03-02
SHIP05542,CUST7579,Fashion,D,Road,Kolkata-Delhi,7,1,557.79,1,36.8,5575,6,9,0,2023-01-26
SHIP05543,CUST5398,Electronics,B,Flight,Bangalore-Chennai,6,1,3373.94,3,21.6,5548,6,10,0,2023-05-24
SHIP05544,CUST4478,Home & Garden,C,Ship,Hyderabad-Pune,7,3,3897.32,8,18.9,1011,10,11,0,2023-11-21
SHIP05545,CUST5113,Sporting Goods,B,Road,Kolkata-Delhi,4,4,3381.69,6,29.3,2863,7,10,0,2023-07-05
SHIP05546,CUST9470,Electronics,C,Flight,Bangalore-Chennai,2,5,4146.05,4,53.1,2637,9,11,0,2023-10-14
SHIP05547,CUST4081,Fashion,D,Road,Mumbai-Chennai,7,1,2650.21,4,20.2,5604,6,8,0,2023-04-15
SHIP05548,CUST1391,Sporting Goods,C,Ship,Kolkata-Delhi,2,3,3089.91,1,37.2,2046,3,8,0,2023-03-16
SHIP05549,CUST9304,Cosmetics,C,Road,Mumbai-Chennai,6,5,4152.25,2,36.6,4548,4,5,0,2023-09-01
SHIP05550,CUST1206,Home & Garden,B,Road,Hyderabad-Pune,4,1,274.39,0,24.5,3342,4,9,0,2023-03-27
SHIP05551,CUST3493,Electronics,B,Ship,Mumbai-Chennai,4,2,1336.88,3,30.0,2255,9,14,0,2023-07-10
SHIP05552,CUST7944,Cosmetics,C,Flight,Mumbai-Chennai,4,4,3934.52,0,60.0,4607,5,9,0,2023-01-20
SHIP05553,CUST2099,Electronics,F,Flight,Bangalore-Chennai,3,4,3906.82,5,15.2,5158,3,5,0,2023-01-25
SHIP05554,CUST8423,Sporting Goods,C,Road,Delhi-Bangalore,4,1,4879.35,7,42.1,1587,5,6,0,2023-12-25
SHIP05555,CUST7610,Sporting Goods,A,Road,Delhi-Mumbai,6,4,4225.48,8,5.3,5589,8,13,0,2023-12-23
SHIP05556,CUST9272,Electronics,C,Road,Hyderabad-Pune,7,1,2689.57,6,9.0,5931,10,15,0,2023-06-18
SHIP05557,CUST5379,Electronics,F,Road,Kolkata-Delhi,1,5,1883.85,1,22.4,4295,6,8,0,2023-09-23
SHIP05558,CUST1156,Electronics,A,Flight,Kolkata-Delhi,6,1,3965.31,4,2.9,6371,5,10,0,2023-02-24
SHIP05559,CUST6557,Sporting Goods,A,Ship,Delhi-Bangalore,4,1,4454.93,6,64.6,1518,8,10,0,2023-09-22
SHIP05560,CUST2348,Electronics,B,Flight,Bangalore-Chennai,3,2,1164.45,8,12.6,6315,7,9,0,2023-04-16
SHIP05561,CUST2813,Books,C,Flight,Delhi-Mumbai,1,2,2029.48,0,48.6,4333,9,9,1,2023-05-02
SHIP05562,CUST7601,Cosmetics,F,Ship,Delhi-Bangalore,4,2,355.79,1,64.5,2901,5,8,0,2023-03-07
SHIP05563,CUST5120,Books,F,Flight,Kolkata-Delhi,2,1,821.44,8,25.6,2073,7,7,1,2023-02-22
SHIP05564,CUST1292,Fashion,A,Road,Kolkata-Delhi,6,5,2761.91,3,23.7,1565,4,3,1,2023-10-10
SHIP05565,CUST9266,Fashion,D,Ship,Kolkata-Delhi,6,3,2288.44,8,56.0,5337,6,10,0,2023-06-28
SHIP05566,CUST3040,Sporting Goods,F,Flight,Hyderabad-Pune,1,2,1145.43,1,51.2,2217,5,6,0,2023-06-19
SHIP05567,CUST9499,Fashion,B,Road,Delhi-Bangalore,6,4,1666.23,1,50.5,5340,6,11,0,2023-03-08
SHIP05568,CUST6224,Home & Garden,C,Ship,Mumbai-Chennai,6,3,2482.82,5,12.5,3416,10,9,1,2023-07-10
SHIP05569,CUST1664,Cosmetics,A,Ship,Bangalore-Chennai,6,3,2960.96,1,18.0,1861,4,4,1,2023-08-04
SHIP05570,CUST2606,Cosmetics,F,Flight,Hyderabad-Pune,5,4,2529.14,5,48.1,6639,3,7,0,2023-08-29
SHIP05571,CUST5521,Home & Garden,C,Flight,Kolkata-Delhi,5,3,784.49,5,15.0,2758,9,8,1,2023-01-01
SHIP05572,CUST7496,Books,F,Flight,Delhi-Bangalore,4,2,1352.95,4,37.0,4901,10,10,1,2023-03-27
SHIP05573,CUST7187,Sporting Goods,C,Ship,Mumbai-Chennai,6,2,2140.06,2,60.1,1381,4,4,1,2023-03-23
SHIP05574,CUST3355,Home & Garden,F,Flight,Delhi-Bangalore,7,3,3747.89,0,8.7,4968,3,6,0,2023-02-19
SHIP05575,CUST6810,Fashion,F,Road,Hyderabad-Pune,4,1,4700.85,4,2.3,2681,3,6,0,2023-10-22
SHIP05576,CUST7422,Cosmetics,F,Ship,Kolkata-Delhi,7,2,4535.17,6,39.6,3153,10,11,0,2023-10-11
SHIP05577,CUST6421,Books,F,Road,Hyderabad-Pune,6,2,647.23,0,19.1,3458,9,8,1,2023-01-04
SHIP05578,CUST1420,Home & Garden,A,Road,Bangalore-Chennai,3,1,1733.88,4,39.3,4351,10,13,0,2023-05-26
SHIP05579,CUST7878,Books,B,Flight,Delhi-Mumbai,4,1,186.92,5,2.6,5908,3,3,1,2023-06-19
SHIP05580,CUST6952,Fashion,D,Ship,Hyderabad-Pune,1,4,2466.34,4,0.4,6039,4,6,0,2023-02-23
SHIP05581,CUST8232,Home & Garden,B,Ship,Bangalore-Chennai,6,1,1876.44,4,21.0,1524,7,9,0,2023-10-23
SHIP05582,CUST4997,Books,F,Road,Delhi-Bangalore,5,5,1251.01,7,62.8,1332,9,10,0,2023-04-20
SHIP05583,CUST9981,Cosmetics,F,Ship,Hyderabad-Pune,6,4,3678.45,7,60.3,5813,10,11,0,2023-02-23
SHIP05584,CUST4168,Electronics,D,Flight,Bangalore-Chennai,3,4,4161.2,6,53.7,1771,10,15,0,2023-04-06
SHIP05585,CUST5131,Electronics,B,Ship,Delhi-Mumbai,6,5,1101.24,2,10.7,4340,9,10,0,2023-10-11
SHIP05586,CUST1352,Cosmetics,D,Flight,Delhi-Bangalore,5,5,1277.95,1,38.5,3500,7,9,0,2023-04-02
SHIP05587,CUST3974,Sporting Goods,B,Road,Kolkata-Delhi,2,5,3467.07,2,28.3,5884,4,8,0,2023-01-15
SHIP05588,CUST1893,Fashion,A,Flight,Delhi-Mumbai,6,2,931.82,6,20.5,5310,5,10,0,2023-10-14
SHIP05589,CUST8581,Fashion,F,Road,Bangalore-Chennai,2,3,2394.33,3,27.6,4402,4,8,0,2023-08-15
SHIP05590,CUST1284,Home & Garden,B,Ship,Mumbai-Chennai,2,4,338.27,1,41.3,5419,4,4,1,2023-04-24
SHIP05591,CUST1271,Cosmetics,B,Road,Hyderabad-Pune,7,5,3321.36,1,40.9,2363,4,4,1,2023-05-06
SHIP05592,CUST4257,Books,D,Flight,Delhi-Bangalore,7,1,394.89,0,28.8,6232,4,4,1,2023-05-16
SHIP05593,CUST1771,Books,C,Road,Delhi-Mumbai,1,5,4600.48,1,4.3,6149,7,8,0,2023-04-02
SHIP05594,CUST9264,Electronics,F,Flight,Bangalore-Chennai,1,1,4861.15,1,54.4,3644,10,9,1,2023-06-14
SHIP05595,CUST5960,Electronics,B,Ship,Bangalore-Chennai,7,3,392.03,1,7.4,2364,3,7,0,2023-12-25
SHIP05596,CUST1982,Sporting Goods,B,Flight,Kolkata-Delhi,7,1,1056.08,0,38.3,3017,10,15,0,2023-06-19
SHIP05597,CUST2551,Home & Garden,F,Ship,Kolkata-Delhi,1,5,556.91,4,24.0,3482,3,5,0,2023-11-12
SHIP05598,CUST9815,Sporting Goods,A,Flight,Mumbai-Chennai,7,4,414.65,5,36.1,3423,4,5,0,2023-07-15
SHIP05599,CUST2071,Fashion,D,Flight,Delhi-Bangalore,4,2,1575.76,7,39.9,6059,6,7,0,2023-11-02
SHIP05600,CUST4761,Books,B,Road,Bangalore-Chennai,6,3,2434.72,0,52.3,5728,3,4,0,2023-04-04
SHIP05601,CUST4166,Home & Garden,D,Ship,Bangalore-Chennai,4,3,4233.41,5,34.3,3708,4,6,0,2023-10-09
SHIP05602,CUST7080,Home & Garden,D,Flight,Delhi-Mumbai,4,1,2268.29,7,23.5,4491,4,3,1,2023-10-07
SHIP05603,CUST2168,Electronics,D,Ship,Delhi-Mumbai,3,2,3912.79,0,16.2,4872,9,9,1,2023-08-25
SHIP05604,CUST4834,Sporting Goods,D,Road,Delhi-Bangalore,7,5,420.94,7,34.9,1076,6,10,0,2023-06-28
SHIP05605,CUST7293,Electronics,D,Road,Delhi-Mumbai,1,5,1656.33,4,46.4,3680,10,15,0,2023-11-30
SHIP05606,CUST5875,Sporting Goods,A,Flight,Mumbai-Chennai,3,2,3837.3,4,18.2,5932,8,7,1,2023-08-13
SHIP05607,CUST3859,Cosmetics,B,Road,Mumbai-Chennai,1,5,4826.06,8,7.0,2869,5,7,0,2023-07-24
SHIP05608,CUST5984,Electronics,C,Flight,Delhi-Bangalore,5,5,880.04,7,30.6,6554,6,6,1,2023-05-24
SHIP05609,CUST7054,Sporting Goods,F,Road,Bangalore-Chennai,4,1,4594.93,6,1.5,1662,10,9,1,2023-04-08
SHIP05610,CUST4973,Books,D,Road,Kolkata-Delhi,1,5,2410.57,7,43.3,5296,6,5,1,2023-03-01
SHIP05611,CUST1957,Sporting Goods,A,Flight,Kolkata-Delhi,2,3,2815.67,0,53.0,1424,5,8,0,2023-05-04
SHIP05612,CUST4063,Books,C,Ship,Hyderabad-Pune,7,3,2100.69,6,43.3,1030,3,8,0,2023-08-01
SHIP05613,CUST7820,Sporting Goods,F,Ship,Delhi-Bangalore,7,3,3730.72,2,56.0,5267,8,13,0,2023-01-01
SHIP05614,CUST5314,Electronics,D,Road,Delhi-Mumbai,3,1,2949.37,2,65.0,1988,10,10,1,2023-08-24
SHIP05615,CUST9123,Cosmetics,B,Ship,Kolkata-Delhi,5,4,3830.04,0,36.9,1121,9,13,0,2023-02-23
SHIP05616,CUST1918,Electronics,F,Ship,Mumbai-Chennai,1,5,4915.09,4,29.1,3116,8,8,1,2023-04-10
SHIP05617,CUST1749,Fashion,B,Ship,Delhi-Bangalore,7,4,4854.17,4,46.1,5001,8,12,0,2023-06-12
SHIP05618,CUST7198,Home & Garden,A,Ship,Kolkata-Delhi,1,3,4834.25,0,0.7,3102,4,9,0,2023-06-26
SHIP05619,CUST8146,Sporting Goods,B,Ship,Delhi-Mumbai,2,1,807.85,1,59.2,2173,6,9,0,2023-03-18
SHIP05620,CUST1786,Cosmetics,D,Road,Kolkata-Delhi,5,3,3590.06,7,20.3,4788,9,14,0,2023-03-30
SHIP05621,CUST8098,Sporting Goods,D,Ship,Mumbai-Chennai,1,1,2237.5,7,15.9,3807,4,8,0,2023-09-16
SHIP05622,CUST5275,Sporting Goods,B,Road,Delhi-Bangalore,1,3,631.11,0,57.0,6184,10,15,0,2023-11-26
SHIP05623,CUST9397,Fashion,A,Ship,Mumbai-Chennai,7,4,447.58,0,38.4,2614,4,9,0,2023-09-10
SHIP05624,CUST8929,Cosmetics,C,Road,Hyderabad-Pune,1,5,3934.57,3,52.2,4094,9,11,0,2023-02-26
SHIP05625,CUST8383,Electronics,B,Flight,Mumbai-Chennai,6,1,4471.07,5,35.2,5699,3,5,0,2023-02-04
SHIP05626,CUST8842,Sporting Goods,B,Flight,Mumbai-Chennai,1,5,4787.31,4,60.5,3238,6,9,0,2023-03-01
SHIP05627,CUST2006,Fashion,F,Road,Mumbai-Chennai,6,3,3008.56,1,3.7,4741,7,7,1,2023-05-21
SHIP05628,CUST6141,Cosmetics,D,Road,Bangalore-Chennai,2,3,2500.25,0,54.8,5157,10,9,1,2023-09-08
SHIP05629,CUST9516,Fashion,B,Ship,Delhi-Mumbai,4,2,2812.37,6,21.4,3374,4,7,0,2023-08-06
SHIP05630,CUST2729,Electronics,B,Flight,Hyderabad-Pune,5,2,2672.68,7,42.1,2092,6,8,0,2023-01-02
SHIP05631,CUST7676,Electronics,F,Road,Delhi-Bangalore,3,5,2522.75,6,2.8,2817,7,10,0,2023-08-16
SHIP05632,CUST9736,Cosmetics,B,Flight,Mumbai-Chennai,2,1,4599.06,5,49.0,1870,4,3,1,2024-01-01
SHIP05633,CUST6498,Fashion,B,Flight,Delhi-Mumbai,6,1,2072.03,4,26.6,4573,5,10,0,2023-07-19
SHIP05634,CUST6999,Sporting Goods,C,Ship,Mumbai-Chennai,2,5,510.99,0,14.0,4625,8,13,0,2023-08-02
SHIP05635,CUST4171,Cosmetics,C,Flight,Kolkata-Delhi,4,1,881.97,1,45.7,3452,7,10,0,2023-08-20
SHIP05636,CUST5928,Electronics,C,Flight,Kolkata-Delhi,7,2,693.92,3,62.3,1535,10,12,0,2023-11-24
SHIP05637,CUST7201,Sporting Goods,B,Road,Bangalore-Chennai,1,2,3958.74,8,10.4,4696,4,4,1,2023-10-26
SHIP05638,CUST3927,Electronics,D,Ship,Bangalore-Chennai,1,2,4738.9,0,52.9,6830,9,11,0,2023-04-01
SHIP05639,CUST7761,Sporting Goods,F,Flight,Hyderabad-Pune,3,5,789.75,8,13.4,4896,6,6,1,2023-07-28
SHIP05640,CUST9033,Fashion,B,Flight,Mumbai-Chennai,4,1,4758.68,5,61.9,3994,10,11,0,2023-06-01
SHIP05641,CUST9848,Home & Garden,D,Ship,Kolkata-Delhi,6,4,308.15,1,59.8,2425,7,10,0,2023-08-11
SHIP05642,CUST2808,Cosmetics,A,Flight,Hyderabad-Pune,5,3,1431.27,2,42.0,5595,4,6,0,2023-09-13
SHIP05643,CUST4492,Fashion,C,Flight,Delhi-Mumbai,1,3,920.96,5,63.0,6926,6,9,0,2023-07-13
SHIP05644,CUST3707,Electronics,A,Flight,Delhi-Bangalore,1,4,2822.32,8,2.8,5592,7,9,0,2023-03-01
SHIP05645,CUST5017,Sporting Goods,F,Flight,Bangalore-Chennai,4,4,3498.06,5,12.9,6111,5,6,0,2023-03-14
SHIP05646,CUST8871,Books,C,Road,Hyderabad-Pune,1,3,2560.27,4,61.2,5782,6,9,0,2023-02-21
SHIP05647,CUST5516,Cosmetics,C,Road,Delhi-Mumbai,1,5,2657.29,3,47.2,4287,7,10,0,2023-04-04
SHIP05648,CUST1294,Cosmetics,A,Flight,Hyderabad-Pune,2,5,3988.15,7,15.5,1597,10,9,1,2023-12-26
SHIP05649,CUST7493,Fashion,D,Ship,Bangalore-Chennai,4,2,445.43,5,2.4,2046,3,8,0,2023-12-20
SHIP05650,CUST7547,Fashion,C,Ship,Mumbai-Chennai,3,4,1499.79,8,63.3,6036,5,7,0,2023-02-03
SHIP05651,CUST8799,Home & Garden,B,Flight,Delhi-Mumbai,6,1,453.63,5,23.5,3399,3,8,0,2023-02-27
SHIP05652,CUST9981,Electronics,C,Ship,Delhi-Bangalore,4,4,217.11,5,15.6,5266,6,7,0,2023-08-19
SHIP05653,CUST9828,Fashion,F,Ship,Hyderabad-Pune,1,2,4135.42,8,43.7,1658,10,13,0,2023-03-11
SHIP05654,CUST1741,Electronics,D,Flight,Delhi-Bangalore,7,2,1994.66,8,58.6,6162,10,11,0,2023-12-01
SHIP05655,CUST4664,Books,D,Flight,Delhi-Mumbai,6,2,1665.35,7,62.8,5856,7,7,1,2023-03-27
SHIP05656,CUST5681,Cosmetics,B,Ship,Delhi-Bangalore,4,3,4667.85,2,32.6,3026,7,8,0,2023-03-16
SHIP05657,CUST4867,Fashion,D,Ship,Bangalore-Chennai,6,2,983.1,2,42.8,3705,6,6,1,2023-06-06
SHIP05658,CUST6798,Sporting Goods,B,Flight,Bangalore-Chennai,3,1,4117.4,3,1.6,5155,9,8,1,2023-09-13
SHIP05659,CUST2366,Books,F,Road,Delhi-Bangalore,3,2,1471.85,2,39.0,2854,4,8,0,2023-09-21
SHIP05660,CUST9065,Home & Garden,B,Ship,Hyderabad-Pune,6,5,1216.48,0,49.5,2805,8,13,0,2023-11-05
SHIP05661,CUST9965,Electronics,A,Road,Delhi-Bangalore,5,2,2096.79,7,34.7,1679,10,15,0,2023-05-15
SHIP05662,CUST5417,Books,F,Flight,Mumbai-Chennai,3,3,790.37,7,59.9,5007,7,8,0,2023-06-25
SHIP05663,CUST4082,Fashion,B,Ship,Mumbai-Chennai,5,2,1093.75,5,24.2,6649,5,7,0,2023-10-15
SHIP05664,CUST4586,Cosmetics,F,Flight,Delhi-Mumbai,2,5,1059.9,1,7.0,4189,10,14,0,2023-11-20
SHIP05665,CUST3377,Cosmetics,C,Flight,Kolkata-Delhi,6,5,1953.12,5,54.6,1286,8,8,1,2023-02-28
SHIP05666,CUST8845,Electronics,C,Road,Bangalore-Chennai,1,5,1193.2,3,51.3,2855,8,10,0,2023-02-24
SHIP05667,CUST3734,Books,C,Flight,Delhi-Mumbai,1,2,1742.62,8,19.8,1450,6,7,0,2023-07-22
SHIP05668,CUST2362,Electronics,B,Flight,Delhi-Bangalore,7,2,215.77,2,8.6,1680,6,10,0,2023-05-14
SHIP05669,CUST3866,Fashion,D,Ship,Kolkata-Delhi,5,4,3184.37,8,45.2,6264,10,10,1,2023-10-04
SHIP05670,CUST1012,Cosmetics,A,Road,Hyderabad-Pune,4,3,2765.29,8,26.5,2870,9,11,0,2023-04-28
SHIP05671,CUST2615,Sporting Goods,B,Road,Hyderabad-Pune,7,3,2913.35,1,5.6,1147,10,11,0,2023-08-08
SHIP05672,CUST6000,Sporting Goods,B,Road,Delhi-Bangalore,3,1,4096.1,3,9.5,4631,5,8,0,2023-09-27
SHIP05673,CUST7366,Sporting Goods,C,Road,Bangalore-Chennai,4,2,4375.64,2,3.6,1669,8,8,1,2023-03-07
SHIP05674,CUST7493,Home & Garden,B,Ship,Delhi-Bangalore,2,5,3486.44,6,59.4,5989,6,10,0,2023-01-07
SHIP05675,CUST7181,Cosmetics,C,Road,Delhi-Mumbai,1,3,556.39,6,19.1,6748,4,9,0,2023-02-20
SHIP05676,CUST3412,Fashion,F,Flight,Mumbai-Chennai,5,4,2851.13,6,38.0,1424,7,9,0,2023-06-20
SHIP05677,CUST8460,Electronics,B,Ship,Delhi-Bangalore,4,1,3740.02,8,32.8,5352,3,2,1,2023-05-25
SHIP05678,CUST4109,Sporting Goods,A,Ship,Bangalore-Chennai,3,5,2351.63,1,57.3,1175,7,12,0,2023-12-04
SHIP05679,CUST9482,Sporting Goods,F,Ship,Delhi-Mumbai,7,2,3153.47,0,20.2,3231,8,8,1,2023-10-15
SHIP05680,CUST4902,Books,D,Ship,Kolkata-Delhi,1,1,202.22,7,9.6,5576,5,8,0,2023-03-16
SHIP05681,CUST3808,Electronics,B,Road,Bangalore-Chennai,1,1,577.12,5,49.2,1046,6,10,0,2023-09-30
SHIP05682,CUST9030,Sporting Goods,C,Road,Kolkata-Delhi,6,1,1479.39,2,45.5,5764,9,8,1,2023-11-03
SHIP05683,CUST7641,Cosmetics,B,Ship,Delhi-Mumbai,1,5,4779.46,5,13.1,5889,10,14,0,2023-08-23
SHIP05684,CUST4517,Cosmetics,C,Road,Delhi-Bangalore,2,4,489.48,7,50.4,2463,7,7,1,2023-03-10
SHIP05685,CUST7193,Fashion,B,Ship,Delhi-Bangalore,7,4,4559.7,5,2.6,6424,8,7,1,2023-09-04
SHIP05686,CUST9431,Fashion,A,Flight,Bangalore-Chennai,3,5,4397.14,3,64.5,1074,7,8,0,2023-05-13
SHIP05687,CUST8147,Books,F,Flight,Bangalore-Chennai,7,4,1195.12,0,60.2,2639,4,6,0,2023-02-11
SHIP05688,CUST6179,Cosmetics,C,Road,Mumbai-Chennai,5,2,2073.98,1,28.9,1267,10,10,1,2023-03-19
SHIP05689,CUST9410,Sporting Goods,F,Road,Delhi-Mumbai,1,2,2888.04,7,36.1,2036,4,9,0,2023-04-19
SHIP05690,CUST4802,Books,C,Road,Kolkata-Delhi,2,2,1440.48,2,42.7,2865,5,9,0,2023-04-17
SHIP05691,CUST3362,Cosmetics,C,Ship,Delhi-Mumbai,1,3,3215.92,2,12.5,1044,7,12,0,2023-03-09
SHIP05692,CUST6529,Cosmetics,D,Flight,Delhi-Mumbai,6,4,629.35,2,23.2,2017,8,10,0,2023-07-19
SHIP05693,CUST5944,Fashion,A,Ship,Hyderabad-Pune,3,2,4975.02,8,54.1,5611,10,11,0,2023-05-02
SHIP05694,CUST1437,Fashion,A,Flight,Hyderabad-Pune,4,3,2009.94,8,0.7,2228,6,10,0,2023-10-18
SHIP05695,CUST8790,Home & Garden,F,Flight,Delhi-Mumbai,6,1,2282.49,6,43.1,6844,9,13,0,2023-10-12
SHIP05696,CUST5592,Cosmetics,D,Road,Hyderabad-Pune,3,5,2335.11,6,19.6,4504,9,8,1,2023-03-17
SHIP05697,CUST1657,Fashion,F,Ship,Kolkata-Delhi,7,4,3521.61,6,39.9,3275,5,7,0,2023-07-08
SHIP05698,CUST5766,Home & Garden,D,Flight,Delhi-Bangalore,3,3,4075.86,8,64.8,1334,5,6,0,2024-01-01
SHIP05699,CUST9034,Books,D,Road,Delhi-Bangalore,3,2,4856.02,8,5.0,4973,3,2,1,2023-04-09
SHIP05700,CUST3832,Electronics,C,Flight,Bangalore-Chennai,3,2,4778.48,5,10.3,6368,5,9,0,2023-05-16
SHIP05701,CUST6528,Cosmetics,B,Flight,Kolkata-Delhi,4,5,2798.04,0,52.5,1388,10,14,0,2023-02-01
SHIP05702,CUST4150,Electronics,C,Ship,Delhi-Bangalore,1,4,2371.81,0,46.9,6216,5,9,0,2023-01-26
SHIP05703,CUST6904,Fashion,B,Ship,Hyderabad-Pune,5,3,405.41,5,24.1,1080,4,4,1,2023-02-15
SHIP05704,CUST8954,Electronics,F,Ship,Delhi-Mumbai,4,2,447.08,8,23.8,3258,9,14,0,2023-03-24
SHIP05705,CUST8372,Books,D,Flight,Bangalore-Chennai,4,2,3218.25,0,43.2,6839,3,5,0,2023-07-19
SHIP05706,CUST7537,Home & Garden,A,Ship,Kolkata-Delhi,3,3,4579.2,3,31.4,3232,9,10,0,2023-02-02
SHIP05707,CUST2059,Home & Garden,A,Flight,Delhi-Bangalore,2,5,2304.27,8,32.0,1487,5,10,0,2023-11-29
SHIP05708,CUST9678,Home & Garden,C,Flight,Delhi-Mumbai,4,5,1105.21,5,40.7,4264,3,2,1,2023-10-18
SHIP05709,CUST9437,Books,A,Ship,Delhi-Bangalore,3,3,4734.73,3,63.0,6347,6,10,0,2023-04-16
SHIP05710,CUST7435,Fashion,A,Ship,Kolkata-Delhi,4,1,734.28,0,40.9,1262,6,8,0,2023-01-24
SHIP05711,CUST4888,Cosmetics,D,Road,Delhi-Mumbai,2,1,2228.41,7,28.3,4676,10,10,1,2023-08-29
SHIP05712,CUST8070,Electronics,A,Flight,Mumbai-Chennai,5,2,3723.25,4,37.3,2541,3,4,0,2023-07-16
SHIP05713,CUST2106,Books,D,Ship,Mumbai-Chennai,5,1,1015.0,8,28.5,6724,7,8,0,2023-11-10
SHIP05714,CUST3832,Fashion,C,Flight,Mumbai-Chennai,4,3,4417.51,1,40.3,3137,5,7,0,2023-12-02
SHIP05715,CUST9541,Books,F,Ship,Kolkata-Delhi,4,1,1237.47,3,17.3,5768,8,12,0,2023-01-23
SHIP05716,CUST2280,Cosmetics,F,Ship,Delhi-Mumbai,2,2,1317.25,3,18.9,2413,4,8,0,2023-07-14
SHIP05717,CUST4597,Fashion,B,Road,Kolkata-Delhi,3,3,1407.67,5,50.9,1780,3,4,0,2023-12-07
SHIP05718,CUST5478,Cosmetics,A,Flight,Delhi-Bangalore,6,5,2109.53,1,21.3,6015,9,10,0,2023-10-27
SHIP05719,CUST8640,Home & Garden,A,Road,Kolkata-Delhi,6,5,1336.25,1,28.5,6686,4,5,0,2023-07-31
SHIP05720,CUST9891,Electronics,B,Flight,Kolkata-Delhi,7,1,2025.28,2,45.2,5349,3,5,0,2023-01-09
SHIP05721,CUST8174,Electronics,C,Flight,Delhi-Mumbai,4,4,1811.97,6,53.0,1269,5,5,1,2023-05-16
SHIP05722,CUST1309,Fashion,A,Road,Hyderabad-Pune,6,4,3140.51,6,19.7,6285,3,8,0,2023-12-12
SHIP05723,CUST6083,Books,F,Flight,Bangalore-Chennai,1,1,2077.21,6,4.5,3542,10,9,1,2023-11-30
SHIP05724,CUST6443,Cosmetics,F,Flight,Delhi-Mumbai,2,3,425.65,2,32.6,6158,9,11,0,2023-03-10
SHIP05725,CUST2789,Home & Garden,B,Ship,Hyderabad-Pune,6,3,2545.76,6,38.1,5271,3,3,1,2023-07-15
SHIP05726,CUST7917,Sporting Goods,A,Road,Mumbai-Chennai,7,5,207.19,4,17.3,4081,8,7,1,2023-04-18
SHIP05727,CUST1639,Electronics,B,Flight,Delhi-Bangalore,5,1,2288.36,4,8.1,2097,6,7,0,2023-12-18
SHIP05728,CUST1666,Home & Garden,F,Road,Bangalore-Chennai,5,3,430.7,3,62.2,6187,4,4,1,2023-11-09
SHIP05729,CUST4447,Electronics,B,Road,Mumbai-Chennai,5,3,2177.66,7,33.3,6894,5,7,0,2023-11-19
SHIP05730,CUST3097,Electronics,F,Road,Delhi-Bangalore,5,3,902.22,2,60.1,2787,5,8,0,2023-06-22
SHIP05731,CUST4034,Fashion,A,Ship,Mumbai-Chennai,7,3,2467.35,7,40.9,1069,4,3,1,2023-06-09
SHIP05732,CUST9739,Books,F,Road,Delhi-Bangalore,1,2,184.78,0,20.4,2884,7,12,0,2023-11-16
SHIP05733,CUST5005,Books,B,Road,Mumbai-Chennai,3,1,4653.57,3,34.8,6703,8,13,0,2023-06-08
SHIP05734,CUST1054,Cosmetics,C,Road,Delhi-Mumbai,3,5,2310.69,4,11.6,2776,7,7,1,2023-02-09
SHIP05735,CUST3733,Electronics,A,Road,Hyderabad-Pune,4,1,4422.61,6,41.4,5902,3,2,1,2023-10-27
SHIP05736,CUST3421,Home & Garden,A,Ship,Delhi-Mumbai,4,2,4229.5,0,5.7,4403,6,6,1,2023-10-20
SHIP05737,CUST3814,Sporting Goods,A,Road,Kolkata-Delhi,3,1,2327.65,2,4.8,5559,3,5,0,2023-05-04
SHIP05738,CUST6737,Books,A,Road,Mumbai-Chennai,4,3,4431.75,3,18.2,1188,3,5,0,2023-08-03
SHIP05739,CUST8134,Books,D,Ship,Kolkata-Delhi,1,4,760.54,7,28.9,2917,3,8,0,2023-03-18
SHIP05740,CUST2533,Books,D,Ship,Delhi-Mumbai,5,4,2993.48,1,57.4,6853,8,9,0,2023-04-18
SHIP05741,CUST9307,Home & Garden,F,Ship,Hyderabad-Pune,2,1,4680.77,4,43.9,3248,5,9,0,2023-03-01
SHIP05742,CUST5366,Cosmetics,F,Road,Kolkata-Delhi,4,1,2097.58,6,50.4,1954,5,5,1,2023-10-25
SHIP05743,CUST1810,Electronics,A,Road,Delhi-Bangalore,1,4,1231.48,8,59.4,4577,8,10,0,2023-01-19
SHIP05744,CUST8755,Electronics,F,Flight,Mumbai-Chennai,4,2,2878.3,3,17.2,6350,9,10,0,2023-07-03
SHIP05745,CUST6137,Electronics,D,Flight,Kolkata-Delhi,6,2,3278.5,2,51.8,2395,6,9,0,2023-08-03
SHIP05746,CUST1465,Cosmetics,B,Flight,Hyderabad-Pune,6,2,692.76,1,45.4,1608,8,13,0,2023-10-29
SHIP05747,CUST2773,Fashion,F,Road,Hyderabad-Pune,2,3,2661.64,6,6.1,6604,3,2,1,2023-11-07
SHIP05748,CUST4113,Home & Garden,F,Ship,Kolkata-Delhi,4,1,377.67,1,10.8,6616,4,3,1,2023-01-01
SHIP05749,CUST4761,Sporting Goods,D,Road,Mumbai-Chennai,5,4,1206.29,4,20.9,3668,7,11,0,2023-06-24
SHIP05750,CUST9959,Electronics,F,Flight,Kolkata-Delhi,2,2,4468.69,0,0.6,4634,7,12,0,2023-07-20
SHIP05751,CUST8627,Books,C,Flight,Delhi-Mumbai,5,1,1722.99,8,53.9,6815,6,8,0,2023-04-11
SHIP05752,CUST9110,Sporting Goods,B,Ship,Kolkata-Delhi,5,2,2111.32,4,45.0,6851,3,7,0,2023-08-22
SHIP05753,CUST6822,Home & Garden,D,Flight,Delhi-Bangalore,1,1,4462.9,2,64.4,4505,7,9,0,2023-05-16
SHIP05754,CUST8772,Home & Garden,D,Ship,Mumbai-Chennai,5,5,4816.45,2,65.0,3864,10,11,0,2023-04-04
SHIP05755,CUST7642,Home & Garden,B,Road,Kolkata-Delhi,5,3,1450.41,4,0.6,6463,5,8,0,2023-02-20
SHIP05756,CUST7764,Cosmetics,F,Flight,Hyderabad-Pune,7,2,2278.62,2,23.4,3711,8,11,0,2023-11-28
SHIP05757,CUST4101,Books,B,Flight,Delhi-Mumbai,7,2,1022.78,8,47.7,6906,5,10,0,2023-09-29
SHIP05758,CUST5621,Fashion,F,Flight,Delhi-Mumbai,6,3,4915.81,1,3.1,6503,4,4,1,2023-03-24
SHIP05759,CUST2902,Home & Garden,B,Road,Bangalore-Chennai,5,1,402.46,4,2.6,4619,6,9,0,2023-06-02
SHIP05760,CUST2599,Sporting Goods,B,Road,Delhi-Bangalore,2,3,2874.65,1,7.3,5837,10,15,0,2023-05-14
SHIP05761,CUST8396,Electronics,B,Flight,Hyderabad-Pune,1,1,3788.5,3,51.7,6910,9,13,0,2023-12-30
SHIP05762,CUST8421,Cosmetics,D,Ship,Hyderabad-Pune,4,3,3754.52,6,28.7,2711,10,14,0,2023-10-13
SHIP05763,CUST3406,Electronics,D,Road,Delhi-Bangalore,1,5,3533.63,2,31.4,1228,3,7,0,2023-08-25
SHIP05764,CUST5144,Cosmetics,C,Ship,Hyderabad-Pune,4,2,1575.1,7,60.6,2562,3,5,0,2023-09-20
SHIP05765,CUST4160,Electronics,A,Ship,Delhi-Bangalore,3,3,3668.88,2,20.4,4134,8,11,0,2023-08-24
SHIP05766,CUST7680,Home & Garden,C,Ship,Delhi-Mumbai,2,2,4554.08,1,56.8,4060,10,11,0,2023-06-13
SHIP05767,CUST7880,Sporting Goods,B,Ship,Delhi-Bangalore,6,2,3151.28,0,46.1,4527,9,8,1,2023-04-14
SHIP05768,CUST5798,Cosmetics,D,Flight,Delhi-Mumbai,4,2,1510.12,8,60.4,1375,3,8,0,2023-09-22
SHIP05769,CUST8917,Electronics,D,Road,Delhi-Mumbai,5,3,2829.06,5,60.7,2308,4,7,0,2023-09-02
SHIP05770,CUST2736,Electronics,C,Road,Delhi-Bangalore,4,3,3541.22,7,41.2,2674,10,12,0,2023-12-23
SHIP05771,CUST4069,Electronics,C,Ship,Kolkata-Delhi,7,2,3896.19,2,12.6,2408,9,8,1,2023-05-03
SHIP05772,CUST8477,Sporting Goods,F,Ship,Delhi-Mumbai,7,1,1139.45,7,14.9,4444,4,8,0,2023-12-31
SHIP05773,CUST7634,Cosmetics,A,Road,Kolkata-Delhi,5,4,3956.15,7,34.1,4119,9,8,1,2023-11-03
SHIP05774,CUST9022,Electronics,C,Ship,Kolkata-Delhi,7,5,951.26,5,37.7,1336,5,7,0,2023-07-14
SHIP05775,CUST3647,Electronics,B,Flight,Delhi-Mumbai,6,2,517.46,5,8.0,6087,3,5,0,2023-04-21
SHIP05776,CUST7604,Fashion,D,Ship,Delhi-Mumbai,7,4,2426.79,4,62.6,6087,10,14,0,2023-01-10
SHIP05777,CUST3367,Cosmetics,D,Road,Kolkata-Delhi,6,1,4140.41,8,54.9,1076,5,8,0,2023-05-13
SHIP05778,CUST6711,Books,A,Ship,Delhi-Mumbai,4,1,720.59,6,33.3,4901,8,9,0,2023-10-05
SHIP05779,CUST2743,Home & Garden,C,Road,Bangalore-Chennai,7,5,2335.53,1,59.0,6656,6,8,0,2023-01-07
SHIP05780,CUST3056,Cosmetics,F,Ship,Bangalore-Chennai,2,3,3019.99,3,14.0,5615,8,11,0,2023-11-28
SHIP05781,CUST4504,Cosmetics,F,Flight,Mumbai-Chennai,2,1,1648.79,1,59.1,2094,4,7,0,2023-09-09
SHIP05782,CUST2085,Books,B,Road,Bangalore-Chennai,2,4,2487.12,6,42.8,3878,9,8,1,2023-01-04
SHIP05783,CUST4487,Cosmetics,D,Road,Bangalore-Chennai,6,4,1218.63,2,27.4,3515,6,9,0,2023-10-18
SHIP05784,CUST7801,Cosmetics,D,Ship,Delhi-Mumbai,1,3,4629.65,3,22.1,2120,5,7,0,2023-12-05
SHIP05785,CUST5386,Fashion,C,Ship,Kolkata-Delhi,1,4,794.8,7,26.1,3125,10,14,0,2023-11-11
SHIP05786,CUST6039,Sporting Goods,D,Ship,Bangalore-Chennai,3,4,1329.6,1,14.9,6802,10,13,0,2024-01-01
SHIP05787,CUST7444,Electronics,B,Road,Bangalore-Chennai,7,4,803.32,4,21.7,2657,3,5,0,2023-07-25
SHIP05788,CUST1104,Sporting Goods,F,Ship,Delhi-Mumbai,6,3,3999.38,0,26.1,1587,8,13,0,2023-07-30
SHIP05789,CUST6549,Sporting Goods,C,Road,Delhi-Mumbai,2,4,4205.25,2,27.9,2857,3,5,0,2023-11-17
SHIP05790,CUST6494,Books,C,Ship,Delhi-Bangalore,2,4,149.33,2,31.3,3245,10,11,0,2023-01-12
SHIP05791,CUST5640,Electronics,D,Road,Hyderabad-Pune,2,4,4088.58,4,46.6,5303,9,13,0,2023-04-04
SHIP05792,CUST1891,Fashion,B,Ship,Kolkata-Delhi,6,1,311.07,5,24.5,1339,10,15,0,2023-12-24
SHIP05793,CUST6005,Electronics,C,Road,Kolkata-Delhi,4,5,1659.25,2,18.6,1185,3,5,0,2023-08-19
SHIP05794,CUST2631,Home & Garden,C,Ship,Kolkata-Delhi,3,4,4861.94,4,19.9,4081,10,14,0,2023-05-20
SHIP05795,CUST3992,Electronics,C,Road,Delhi-Mumbai,5,4,1621.83,4,46.5,1505,6,11,0,2023-10-21
SHIP05796,CUST7562,Home & Garden,C,Road,Mumbai-Chennai,1,5,4995.66,6,3.3,6247,7,12,0,2023-04-11
SHIP05797,CUST3486,Cosmetics,C,Road,Kolkata-Delhi,4,5,3131.41,6,24.4,3476,5,9,0,2023-03-12
SHIP05798,CUST2593,Cosmetics,F,Road,Delhi-Mumbai,7,3,2662.14,0,34.9,6774,6,11,0,2023-05-23
SHIP05799,CUST7258,Electronics,C,Flight,Hyderabad-Pune,2,1,3490.84,3,53.2,4124,9,10,0,2023-11-29
SHIP05800,CUST8846,Home & Garden,A,Ship,Delhi-Bangalore,6,5,2419.74,7,0.8,3053,10,15,0,2023-07-05
SHIP05801,CUST2163,Sporting Goods,D,Road,Mumbai-Chennai,6,1,1214.6,0,16.5,5422,7,8,0,2023-08-31
SHIP05802,CUST3302,Books,F,Road,Delhi-Bangalore,3,3,3208.4,1,18.3,4824,3,6,0,2023-07-28
SHIP05803,CUST2373,Sporting Goods,A,Road,Delhi-Bangalore,6,1,837.97,5,14.9,3744,3,6,0,2023-04-22
SHIP05804,CUST5721,Electronics,B,Flight,Kolkata-Delhi,4,2,4784.39,0,27.7,3674,6,10,0,2023-03-10
SHIP05805,CUST1057,Books,B,Road,Hyderabad-Pune,3,3,436.26,1,46.5,6212,9,11,0,2023-01-23
SHIP05806,CUST6877,Electronics,B,Flight,Delhi-Mumbai,7,3,1910.34,4,46.8,4798,5,4,1,2023-02-16
SHIP05807,CUST5472,Electronics,A,Flight,Mumbai-Chennai,2,5,2727.01,6,18.9,4537,10,14,0,2023-02-16
SHIP05808,CUST1414,Books,C,Road,Bangalore-Chennai,3,2,1965.24,5,45.7,1895,3,8,0,2023-11-13
SHIP05809,CUST7299,Home & Garden,A,Ship,Kolkata-Delhi,2,5,626.04,2,10.9,1636,8,13,0,2023-05-31
SHIP05810,CUST9736,Cosmetics,B,Flight,Kolkata-Delhi,5,1,958.6,5,23.9,5461,7,8,0,2023-10-13
SHIP05811,CUST8327,Home & Garden,B,Flight,Mumbai-Chennai,7,4,286.34,0,22.5,2142,8,13,0,2023-10-16
SHIP05812,CUST3392,Sporting Goods,A,Road,Hyderabad-Pune,1,1,2187.85,6,11.6,6616,7,8,0,2023-04-09
SHIP05813,CUST8104,Electronics,B,Flight,Delhi-Mumbai,3,1,141.34,0,13.2,3112,6,9,0,2023-06-17
SHIP05814,CUST1147,Sporting Goods,D,Road,Hyderabad-Pune,7,4,278.3,7,30.3,6605,5,4,1,2023-03-18
SHIP05815,CUST6928,Home & Garden,C,Flight,Delhi-Bangalore,6,2,2918.56,4,32.3,3528,8,10,0,2023-02-17
SHIP05816,CUST2031,Books,C,Flight,Kolkata-Delhi,5,3,3135.0,0,37.7,1983,9,14,0,2023-12-27
SHIP05817,CUST2001,Home & Garden,D,Ship,Delhi-Bangalore,7,2,2009.78,6,49.7,2097,3,6,0,2023-06-10
SHIP05818,CUST1896,Fashion,A,Flight,Delhi-Bangalore,1,5,2393.85,0,15.5,1006,8,12,0,2023-02-19
SHIP05819,CUST8930,Cosmetics,D,Road,Hyderabad-Pune,6,4,2813.06,8,59.9,4651,5,6,0,2023-07-30
SHIP05820,CUST2470,Electronics,F,Ship,Hyderabad-Pune,6,1,137.62,2,58.3,6030,3,5,0,2023-05-31
SHIP05821,CUST3883,Home & Garden,F,Flight,Mumbai-Chennai,1,3,4236.55,7,2.3,2660,9,11,0,2023-03-29
SHIP05822,CUST2519,Cosmetics,A,Road,Delhi-Mumbai,1,2,3298.57,5,53.1,6127,7,7,1,2023-05-25
SHIP05823,CUST4718,Books,B,Road,Mumbai-Chennai,7,5,4886.65,3,40.7,3329,3,4,0,2023-10-01
SHIP05824,CUST8038,Fashion,D,Road,Mumbai-Chennai,2,5,3155.3,2,33.0,6911,10,11,0,2023-01-31
SHIP05825,CUST4808,Home & Garden,A,Ship,Mumbai-Chennai,2,3,2150.92,1,42.2,3897,6,8,0,2023-10-26
SHIP05826,CUST4465,Books,B,Ship,Mumbai-Chennai,3,1,3780.86,6,37.0,4029,3,5,0,2023-06-01
SHIP05827,CUST3307,Cosmetics,F,Ship,Kolkata-Delhi,2,3,2091.3,3,59.6,3029,4,5,0,2023-09-19
SHIP05828,CUST3423,Books,B,Flight,Delhi-Mumbai,1,4,2421.11,5,22.9,2572,3,2,1,2023-10-25
SHIP05829,CUST2845,Books,D,Flight,Delhi-Bangalore,7,1,610.55,2,6.6,6691,9,11,0,2023-05-04
SHIP05830,CUST4890,Cosmetics,A,Road,Hyderabad-Pune,4,1,2403.32,5,23.7,2905,5,10,0,2023-08-10
SHIP05831,CUST9823,Cosmetics,F,Road,Kolkata-Delhi,2,3,3015.85,1,9.1,1078,4,3,1,2023-05-04
SHIP05832,CUST7206,Cosmetics,C,Flight,Delhi-Bangalore,4,4,276.65,6,16.5,2274,10,15,0,2023-07-02
SHIP05833,CUST4414,Sporting Goods,C,Ship,Kolkata-Delhi,1,2,636.47,1,50.4,1665,5,6,0,2023-07-31
SHIP05834,CUST4143,Sporting Goods,A,Flight,Mumbai-Chennai,7,3,377.87,2,31.0,3226,7,8,0,2023-03-09
SHIP05835,CUST8096,Home & Garden,B,Ship,Mumbai-Chennai,3,5,782.47,2,32.5,6109,4,5,0,2023-05-11
SHIP05836,CUST8705,Home & Garden,C,Ship,Bangalore-Chennai,1,3,3403.05,6,10.6,6485,5,9,0,2023-01-05
SHIP05837,CUST3148,Books,F,Flight,Mumbai-Chennai,2,5,665.54,2,49.7,2022,10,13,0,2023-04-07
SHIP05838,CUST5415,Books,A,Road,Delhi-Mumbai,6,5,2830.82,3,47.8,5440,9,11,0,2023-01-30
SHIP05839,CUST8701,Fashion,A,Flight,Bangalore-Chennai,1,5,4321.04,7,62.6,3318,10,9,1,2023-02-03
SHIP05840,CUST2017,Electronics,C,Flight,Bangalore-Chennai,2,1,4874.53,2,8.3,6838,7,12,0,2023-01-22
SHIP05841,CUST4043,Fashion,B,Flight,Delhi-Bangalore,3,3,3914.03,5,56.8,2816,9,10,0,2023-10-26
SHIP05842,CUST7953,Books,C,Road,Hyderabad-Pune,3,2,3579.49,3,9.8,3614,6,7,0,2023-09-04
SHIP05843,CUST8788,Books,C,Ship,Delhi-Bangalore,6,4,3817.9,1,24.7,5492,6,10,0,2023-08-31
SHIP05844,CUST2996,Home & Garden,C,Flight,Bangalore-Chennai,6,4,758.34,0,21.0,2874,7,7,1,2023-06-26
SHIP05845,CUST9871,Sporting Goods,C,Road,Hyderabad-Pune,1,5,2874.34,0,14.3,3193,8,9,0,2023-06-29
SHIP05846,CUST5129,Home & Garden,F,Road,Mumbai-Chennai,7,5,1738.42,1,8.0,1575,10,12,0,2023-12-17
SHIP05847,CUST4402,Fashion,A,Ship,Delhi-Mumbai,7,4,595.88,7,27.3,3920,6,5,1,2023-09-30
SHIP05848,CUST8464,Fashion,A,Road,Delhi-Mumbai,2,5,2634.84,3,14.2,1771,4,9,0,2023-10-22
SHIP05849,CUST3314,Books,F,Ship,Delhi-Mumbai,1,4,1488.82,8,35.7,6353,5,7,0,2023-06-16
SHIP05850,CUST6836,Home & Garden,F,Flight,Delhi-Mumbai,3,2,4375.1,8,57.1,1469,10,9,1,2023-01-05
SHIP05851,CUST6419,Sporting Goods,A,Flight,Delhi-Bangalore,5,2,4763.03,6,10.1,2979,9,11,0,2023-07-30
SHIP05852,CUST7307,Home & Garden,D,Road,Mumbai-Chennai,3,5,3431.57,6,60.2,6696,6,9,0,2023-04-18
SHIP05853,CUST5924,Sporting Goods,F,Road,Mumbai-Chennai,1,4,4518.57,2,23.9,5924,5,4,1,2023-07-05
SHIP05854,CUST1932,Cosmetics,D,Ship,Kolkata-Delhi,5,2,1885.81,3,59.9,1325,4,6,0,2023-04-05
SHIP05855,CUST8407,Fashion,C,Ship,Kolkata-Delhi,1,1,762.93,0,0.8,5504,9,11,0,2023-03-16
SHIP05856,CUST6985,Sporting Goods,F,Ship,Delhi-Bangalore,2,4,722.41,4,33.3,5855,7,6,1,2023-09-01
SHIP05857,CUST9421,Home & Garden,F,Flight,Hyderabad-Pune,7,4,1105.71,0,64.9,2907,6,5,1,2023-09-11
SHIP05858,CUST7623,Cosmetics,D,Ship,Bangalore-Chennai,2,4,4457.88,3,28.7,4316,9,11,0,2023-12-22
SHIP05859,CUST1641,Fashion,D,Flight,Delhi-Mumbai,6,5,4633.17,4,44.5,4024,10,15,0,2023-03-14
SHIP05860,CUST4164,Home & Garden,D,Road,Delhi-Bangalore,2,2,3235.24,4,63.3,6011,3,2,1,2023-04-06
SHIP05861,CUST4607,Home & Garden,A,Flight,Delhi-Bangalore,4,2,3159.77,3,25.8,3530,10,9,1,2023-10-05
SHIP05862,CUST8760,Cosmetics,D,Road,Mumbai-Chennai,3,5,3688.67,4,7.9,5392,4,5,0,2023-10-03
SHIP05863,CUST1086,Sporting Goods,F,Road,Hyderabad-Pune,6,1,2972.04,3,10.8,4595,6,8,0,2023-09-21
SHIP05864,CUST9630,Electronics,D,Flight,Mumbai-Chennai,2,3,4191.14,3,39.0,1543,9,10,0,2023-05-30
SHIP05865,CUST6268,Fashion,C,Ship,Delhi-Mumbai,7,2,348.85,7,60.0,4896,5,10,0,2023-06-29
SHIP05866,CUST3858,Cosmetics,F,Flight,Delhi-Mumbai,2,2,752.9,1,54.5,3774,9,8,1,2023-12-06
SHIP05867,CUST4411,Electronics,B,Road,Hyderabad-Pune,2,5,4139.1,8,47.8,4515,6,10,0,2023-07-26
SHIP05868,CUST7301,Electronics,C,Road,Bangalore-Chennai,5,5,2651.16,3,25.5,5493,10,11,0,2023-04-25
SHIP05869,CUST1105,Cosmetics,A,Road,Hyderabad-Pune,3,4,4886.34,1,34.7,5186,4,6,0,2023-06-12
SHIP05870,CUST7386,Books,F,Road,Bangalore-Chennai,3,1,4246.32,3,5.5,1997,3,7,0,2023-12-09
SHIP05871,CUST7658,Cosmetics,B,Ship,Kolkata-Delhi,3,4,4021.28,8,47.3,2673,7,7,1,2023-10-17
SHIP05872,CUST2254,Electronics,D,Road,Bangalore-Chennai,7,1,941.79,7,55.2,3105,9,10,0,2023-07-19
SHIP05873,CUST6331,Home & Garden,F,Road,Hyderabad-Pune,5,2,1179.06,1,26.6,2187,4,6,0,2023-08-06
SHIP05874,CUST2650,Home & Garden,A,Road,Mumbai-Chennai,4,2,1263.99,3,34.6,6521,10,9,1,2023-05-31
SHIP05875,CUST9171,Fashion,F,Ship,Delhi-Mumbai,2,4,788.57,4,41.7,1483,6,5,1,2023-07-25
SHIP05876,CUST6861,Electronics,B,Ship,Kolkata-Delhi,3,3,1898.95,0,41.3,2622,7,6,1,2023-11-10
SHIP05877,CUST1330,Home & Garden,D,Road,Delhi-Mumbai,7,5,1062.42,2,53.7,2271,8,11,0,2023-03-28
SHIP05878,CUST4371,Electronics,D,Road,Delhi-Bangalore,6,4,424.76,6,51.1,2208,9,9,1,2023-01-02
SHIP05879,CUST2654,Fashion,C,Road,Kolkata-Delhi,5,5,3351.65,1,54.9,2359,7,12,0,2023-07-26
SHIP05880,CUST7909,Electronics,B,Ship,Hyderabad-Pune,6,5,3042.93,5,26.2,6536,6,6,1,2023-03-02
SHIP05881,CUST1352,Fashion,A,Flight,Delhi-Bangalore,1,5,4049.87,4,3.6,4760,4,3,1,2023-05-30
SHIP05882,CUST9008,Sporting Goods,A,Ship,Bangalore-Chennai,5,5,1324.46,2,14.2,4056,9,8,1,2023-08-27
SHIP05883,CUST3391,Books,B,Road,Bangalore-Chennai,1,4,3433.93,8,7.1,4180,7,7,1,2023-12-05
SHIP05884,CUST5493,Fashion,D,Flight,Mumbai-Chennai,6,4,1759.13,0,31.1,2235,5,10,0,2023-02-27
SHIP05885,CUST2977,Cosmetics,B,Flight,Delhi-Mumbai,6,2,414.42,2,5.4,1186,4,8,0,2023-05-11
SHIP05886,CUST2999,Home & Garden,A,Ship,Bangalore-Chennai,4,3,1675.9,8,12.1,1203,9,13,0,2023-03-03
SHIP05887,CUST3082,Home & Garden,C,Flight,Delhi-Mumbai,4,1,4937.5,4,52.9,3724,7,12,0,2023-02-02
SHIP05888,CUST1040,Sporting Goods,B,Ship,Bangalore-Chennai,5,4,3079.44,8,53.4,2499,6,11,0,2023-08-26
SHIP05889,CUST7234,Cosmetics,D,Ship,Hyderabad-Pune,5,5,4116.98,3,56.4,2200,6,6,1,2023-05-05
SHIP05890,CUST9130,Electronics,A,Ship,Bangalore-Chennai,3,5,2714.29,1,44.1,1989,8,12,0,2023-02-03
SHIP05891,CUST3207,Home & Garden,F,Road,Hyderabad-Pune,2,1,4388.1,8,30.7,2671,8,9,0,2023-06-29
SHIP05892,CUST7623,Electronics,F,Road,Delhi-Mumbai,3,1,607.61,2,57.7,1536,3,8,0,2023-02-22
SHIP05893,CUST1817,Sporting Goods,A,Flight,Bangalore-Chennai,1,1,3565.67,2,47.2,4193,5,7,0,2023-03-04
SHIP05894,CUST8694,Cosmetics,F,Ship,Delhi-Bangalore,3,5,3934.19,1,28.3,2907,10,11,0,2023-08-03
SHIP05895,CUST9909,Fashion,C,Flight,Kolkata-Delhi,3,5,244.67,5,28.6,4994,6,10,0,2023-06-05
SHIP05896,CUST2756,Home & Garden,C,Flight,Mumbai-Chennai,5,5,3483.79,4,15.3,2237,4,6,0,2023-08-15
SHIP05897,CUST7330,Fashion,A,Road,Bangalore-Chennai,1,3,4609.77,6,0.1,6050,7,12,0,2023-07-20
SHIP05898,CUST3613,Cosmetics,B,Flight,Delhi-Bangalore,1,5,833.62,2,1.3,3316,6,10,0,2023-11-27
SHIP05899,CUST2825,Home & Garden,B,Ship,Kolkata-Delhi,7,2,2744.4,0,4.4,5274,5,6,0,2023-01-11
SHIP05900,CUST3994,Home & Garden,D,Ship,Mumbai-Chennai,6,2,1773.87,6,49.9,2916,10,10,1,2023-04-16
SHIP05901,CUST7352,Sporting Goods,D,Ship,Hyderabad-Pune,1,5,3893.18,8,24.0,5375,3,3,1,2023-02-22
SHIP05902,CUST4961,Home & Garden,B,Ship,Hyderabad-Pune,1,5,1837.68,7,45.5,3262,7,6,1,2023-08-23
SHIP05903,CUST8132,Books,D,Flight,Bangalore-Chennai,5,5,2421.39,1,64.0,6862,9,12,0,2023-09-22
SHIP05904,CUST3182,Books,D,Ship,Hyderabad-Pune,6,3,1933.9,7,57.0,2283,7,7,1,2023-12-07
SHIP05905,CUST6261,Books,B,Flight,Hyderabad-Pune,7,5,3630.67,0,36.0,4540,3,8,0,2023-01-25
SHIP05906,CUST5031,Sporting Goods,B,Ship,Delhi-Mumbai,5,4,2496.43,7,45.2,2341,7,7,1,2023-06-10
SHIP05907,CUST2262,Electronics,C,Ship,Bangalore-Chennai,1,5,627.66,7,47.1,4642,7,11,0,2023-05-10
SHIP05908,CUST3926,Electronics,D,Road,Delhi-Bangalore,4,2,1366.75,4,29.5,1096,6,8,0,2023-07-24
SHIP05909,CUST6974,Electronics,D,Ship,Kolkata-Delhi,2,2,2995.16,5,8.7,6538,9,11,0,2023-05-14
SHIP05910,CUST6448,Books,D,Flight,Kolkata-Delhi,4,5,701.0,2,54.5,1063,8,12,0,2023-07-06
SHIP05911,CUST7871,Home & Garden,C,Flight,Delhi-Bangalore,1,3,200.0,4,12.9,5878,3,8,0,2023-07-03
SHIP05912,CUST3586,Books,D,Ship,Kolkata-Delhi,6,3,3069.38,3,14.8,6072,6,9,0,2023-08-23
SHIP05913,CUST4194,Sporting Goods,C,Flight,Hyderabad-Pune,2,2,3472.6,8,38.3,1794,5,6,0,2023-03-27
SHIP05914,CUST7496,Fashion,D,Road,Delhi-Mumbai,6,1,2772.97,8,52.6,2988,10,9,1,2023-01-19
SHIP05915,CUST6628,Home & Garden,B,Flight,Bangalore-Chennai,3,4,3506.52,1,8.7,5576,6,9,0,2023-12-17
SHIP05916,CUST9310,Home & Garden,A,Flight,Hyderabad-Pune,5,4,3937.05,4,56.5,1758,7,6,1,2023-04-22
SHIP05917,CUST9961,Books,D,Ship,Delhi-Bangalore,2,2,1700.64,5,3.4,4393,6,11,0,2023-02-28
SHIP05918,CUST5992,Home & Garden,A,Road,Mumbai-Chennai,7,5,3825.85,3,61.3,5529,5,5,1,2023-05-07
SHIP05919,CUST4441,Cosmetics,F,Flight,Delhi-Bangalore,6,2,1699.7,8,3.8,5501,6,6,1,2023-04-11
SHIP05920,CUST9698,Sporting Goods,C,Road,Bangalore-Chennai,5,1,1487.34,8,34.9,3649,5,8,0,2023-11-19
SHIP05921,CUST6606,Cosmetics,D,Flight,Kolkata-Delhi,3,2,4243.69,2,30.1,1428,8,7,1,2023-06-29
SHIP05922,CUST7413,Home & Garden,D,Ship,Mumbai-Chennai,7,5,2446.42,4,54.3,5345,3,5,0,2023-05-03
SHIP05923,CUST9861,Sporting Goods,A,Road,Delhi-Bangalore,5,3,4527.53,4,28.8,2757,3,4,0,2023-12-09
SHIP05924,CUST8460,Cosmetics,F,Road,Delhi-Bangalore,5,1,4655.95,7,51.0,1929,6,10,0,2023-12-04
SHIP05925,CUST4263,Cosmetics,D,Ship,Mumbai-Chennai,5,1,2972.7,1,47.9,5872,6,11,0,2023-01-05
SHIP05926,CUST8458,Sporting Goods,D,Ship,Delhi-Mumbai,1,5,355.78,2,31.7,1570,10,9,1,2023-06-19
SHIP05927,CUST3982,Home & Garden,C,Flight,Hyderabad-Pune,3,1,4996.95,0,16.2,2051,6,8,0,2023-03-27
SHIP05928,CUST4611,Books,F,Road,Kolkata-Delhi,5,1,2818.93,6,56.2,4868,5,4,1,2023-03-01
SHIP05929,CUST2307,Books,F,Flight,Kolkata-Delhi,2,3,534.74,6,36.2,5158,3,6,0,2023-06-07
SHIP05930,CUST4418,Books,D,Road,Hyderabad-Pune,6,1,3166.85,5,13.0,3532,7,8,0,2023-12-24
SHIP05931,CUST5815,Cosmetics,C,Road,Delhi-Bangalore,7,2,303.84,8,4.3,1411,3,4,0,2023-04-24
SHIP05932,CUST4806,Home & Garden,C,Flight,Mumbai-Chennai,1,2,2989.84,0,54.5,6467,10,14,0,2023-11-15
SHIP05933,CUST5923,Books,C,Ship,Bangalore-Chennai,2,5,1939.59,5,47.3,5860,5,7,0,2023-08-21
SHIP05934,CUST1480,Books,B,Flight,Delhi-Mumbai,3,2,4373.9,7,15.3,6744,4,6,0,2023-10-09
SHIP05935,CUST7776,Fashion,F,Flight,Delhi-Mumbai,4,1,1963.53,1,12.5,5493,5,9,0,2023-03-13
SHIP05936,CUST2699,Cosmetics,F,Ship,Delhi-Mumbai,7,3,851.56,5,0.8,3572,6,7,0,2023-09-27
SHIP05937,CUST4467,Home & Garden,C,Ship,Delhi-Mumbai,7,1,4681.43,3,57.3,6338,10,14,0,2023-10-02
SHIP05938,CUST7470,Electronics,C,Flight,Mumbai-Chennai,1,1,1711.26,7,39.3,3481,8,10,0,2023-11-13
SHIP05939,CUST3808,Fashion,D,Road,Hyderabad-Pune,1,1,163.65,7,19.8,3875,6,5,1,2023-06-24
SHIP05940,CUST7053,Fashion,A,Ship,Bangalore-Chennai,7,1,224.99,8,48.7,3842,8,7,1,2023-07-27
SHIP05941,CUST1826,Home & Garden,B,Ship,Bangalore-Chennai,3,2,825.76,4,30.2,1078,5,5,1,2023-03-22
SHIP05942,CUST5851,Sporting Goods,C,Ship,Delhi-Mumbai,2,4,2464.59,4,21.9,5592,7,7,1,2023-09-25
SHIP05943,CUST1360,Sporting Goods,C,Road,Bangalore-Chennai,5,4,1682.91,1,57.2,2852,6,6,1,2023-01-28
SHIP05944,CUST5876,Home & Garden,D,Flight,Delhi-Bangalore,1,1,717.02,1,48.0,2103,5,7,0,2023-11-07
SHIP05945,CUST8138,Books,C,Road,Delhi-Bangalore,6,3,2515.42,7,57.8,4468,3,6,0,2023-09-08
SHIP05946,CUST3817,Cosmetics,F,Road,Kolkata-Delhi,5,2,1328.68,3,11.3,3066,5,4,1,2023-09-24
SHIP05947,CUST3304,Cosmetics,F,Road,Delhi-Mumbai,1,4,1825.77,1,30.3,3852,3,5,0,2023-05-16
SHIP05948,CUST1530,Fashion,A,Flight,Bangalore-Chennai,7,5,700.52,7,12.4,4509,7,9,0,2023-06-28
SHIP05949,CUST7837,Sporting Goods,A,Ship,Delhi-Bangalore,1,1,1130.47,0,62.5,5342,7,11,0,2023-01-08
SHIP05950,CUST8546,Books,A,Road,Mumbai-Chennai,4,4,1759.59,5,19.3,3366,4,8,0,2023-11-01
SHIP05951,CUST9202,Home & Garden,A,Ship,Kolkata-Delhi,2,1,4592.17,3,1.8,1752,3,6,0,2023-10-04
SHIP05952,CUST5889,Sporting Goods,B,Road,Kolkata-Delhi,1,3,2157.41,0,52.8,5508,3,6,0,2023-12-01
SHIP05953,CUST5995,Fashion,B,Ship,Delhi-Mumbai,3,4,1230.07,4,58.1,5955,10,10,1,2023-10-09
SHIP05954,CUST3336,Books,C,Ship,Delhi-Bangalore,5,1,1780.43,4,30.8,2717,10,12,0,2023-09-15
SHIP05955,CUST6837,Home & Garden,D,Flight,Mumbai-Chennai,2,5,1222.76,0,28.3,3821,5,10,0,2023-11-27
SHIP05956,CUST1494,Cosmetics,C,Flight,Delhi-Bangalore,2,5,2476.4,2,44.9,1021,7,6,1,2023-04-07
SHIP05957,CUST4040,Electronics,B,Ship,Bangalore-Chennai,6,4,4474.0,0,42.7,2278,5,10,0,2023-03-12
SHIP05958,CUST9744,Sporting Goods,D,Ship,Bangalore-Chennai,2,4,248.64,5,9.0,4469,5,8,0,2023-09-14
SHIP05959,CUST5706,Electronics,A,Flight,Hyderabad-Pune,6,4,2422.28,7,21.9,2142,4,3,1,2023-09-26
SHIP05960,CUST4140,Books,D,Flight,Delhi-Bangalore,4,3,812.41,7,35.5,6837,6,9,0,2023-07-21
SHIP05961,CUST9434,Books,A,Road,Mumbai-Chennai,6,2,2040.4,1,28.5,3414,10,10,1,2023-03-28
SHIP05962,CUST1868,Books,F,Flight,Hyderabad-Pune,1,5,4947.62,8,3.5,5414,5,9,0,2023-04-19
SHIP05963,CUST6228,Home & Garden,B,Road,Kolkata-Delhi,7,3,3226.56,7,55.9,1197,4,6,0,2023-06-03
SHIP05964,CUST3839,Books,B,Ship,Kolkata-Delhi,7,2,2851.32,4,61.0,1562,7,6,1,2023-01-18
SHIP05965,CUST9040,Cosmetics,A,Ship,Hyderabad-Pune,5,2,3421.32,1,43.6,6706,9,12,0,2023-03-06
SHIP05966,CUST1338,Fashion,D,Road,Mumbai-Chennai,4,1,2174.85,8,38.8,2209,9,13,0,2023-05-13
SHIP05967,CUST1492,Electronics,A,Ship,Hyderabad-Pune,3,3,1430.59,5,49.2,3125,6,5,1,2023-11-04
SHIP05968,CUST1374,Fashion,F,Ship,Bangalore-Chennai,4,1,2469.95,4,31.4,5923,7,10,0,2023-09-06
SHIP05969,CUST3991,Fashion,B,Road,Mumbai-Chennai,2,2,4463.21,3,25.8,2628,3,8,0,2023-08-31
SHIP05970,CUST8285,Cosmetics,B,Road,Delhi-Mumbai,6,4,916.38,6,53.2,5942,3,7,0,2023-06-19
SHIP05971,CUST6988,Sporting Goods,C,Ship,Bangalore-Chennai,6,1,4706.88,6,9.2,2816,6,5,1,2023-09-30
SHIP05972,CUST5322,Books,F,Flight,Mumbai-Chennai,2,2,1346.06,4,38.1,5833,8,10,0,2023-04-20
SHIP05973,CUST3335,Cosmetics,F,Ship,Kolkata-Delhi,2,3,1347.91,8,13.7,3057,6,11,0,2023-05-11
SHIP05974,CUST6050,Home & Garden,F,Road,Kolkata-Delhi,1,1,3018.43,7,31.9,2385,4,3,1,2023-07-09
SHIP05975,CUST8110,Cosmetics,F,Ship,Kolkata-Delhi,2,3,1758.45,7,54.1,1190,9,11,0,2023-06-12
SHIP05976,CUST9401,Electronics,D,Flight,Mumbai-Chennai,7,1,942.68,4,31.0,2093,10,9,1,2023-08-23
SHIP05977,CUST7752,Books,C,Ship,Delhi-Mumbai,2,1,4587.34,6,23.3,4992,6,5,1,2023-05-14
SHIP05978,CUST6718,Sporting Goods,A,Road,Delhi-Bangalore,3,2,3853.14,4,30.1,4619,9,11,0,2023-08-22
SHIP05979,CUST4799,Cosmetics,F,Flight,Kolkata-Delhi,6,2,2287.64,6,7.8,1042,9,13,0,2023-03-28
SHIP05980,CUST9087,Cosmetics,D,Flight,Bangalore-Chennai,6,3,379.4,5,59.5,1249,7,8,0,2023-11-15
SHIP05981,CUST3730,Home & Garden,A,Road,Hyderabad-Pune,6,1,525.57,5,27.9,2453,9,14,0,2023-11-26
SHIP05982,CUST3039,Books,B,Flight,Delhi-Bangalore,3,5,152.75,4,28.2,4846,5,7,0,2023-12-09
SHIP05983,CUST4878,Sporting Goods,C,Road,Delhi-Mumbai,2,4,2845.96,2,43.9,4156,6,6,1,2023-10-12
SHIP05984,CUST2772,Home & Garden,A,Ship,Mumbai-Chennai,6,1,1045.6,7,34.1,3567,6,11,0,2023-12-13
SHIP05985,CUST3893,Electronics,A,Ship,Hyderabad-Pune,1,4,2519.05,7,15.0,4422,4,5,0,2023-02-06
SHIP05986,CUST4858,Cosmetics,C,Flight,Kolkata-Delhi,1,1,1737.74,8,47.7,5785,8,8,1,2023-12-13
SHIP05987,CUST9310,Home & Garden,A,Ship,Hyderabad-Pune,1,1,4158.19,5,55.1,1746,10,15,0,2023-04-08
SHIP05988,CUST8840,Cosmetics,D,Flight,Hyderabad-Pune,4,1,3108.07,6,49.4,4123,5,6,0,2023-01-11
SHIP05989,CUST4989,Sporting Goods,B,Flight,Delhi-Bangalore,2,1,323.95,7,53.5,3470,7,8,0,2023-04-14
SHIP05990,CUST4163,Electronics,A,Flight,Kolkata-Delhi,4,2,3261.55,3,15.3,4354,10,12,0,2023-01-13
SHIP05991,CUST6059,Electronics,B,Flight,Mumbai-Chennai,4,5,2725.89,0,11.4,2144,7,6,1,2023-05-19
SHIP05992,CUST4231,Home & Garden,B,Flight,Delhi-Mumbai,2,1,4776.23,8,29.5,3935,3,6,0,2023-11-08
SHIP05993,CUST9168,Books,A,Ship,Mumbai-Chennai,4,3,3449.22,7,2.8,1812,8,9,0,2023-07-24
SHIP05994,CUST1316,Sporting Goods,D,Ship,Delhi-Bangalore,3,1,4645.02,1,25.5,5414,5,10,0,2023-09-23
SHIP05995,CUST2491,Electronics,F,Ship,Delhi-Mumbai,1,3,1050.18,2,56.2,4677,9,8,1,2023-01-19
SHIP05996,CUST7693,Electronics,F,Road,Kolkata-Delhi,2,5,4767.52,4,5.6,4150,3,2,1,2023-06-17
SHIP05997,CUST6108,Electronics,F,Flight,Mumbai-Chennai,4,3,2006.4,0,47.0,5059,5,10,0,2023-10-06
SHIP05998,CUST2032,Sporting Goods,B,Road,Mumbai-Chennai,4,4,3551.03,5,12.8,5964,5,5,1,2023-03-28
SHIP05999,CUST7146,Fashion,C,Ship,Hyderabad-Pune,3,1,2382.78,8,26.1,1812,6,6,1,2023-06-17
SHIP06000,CUST7226,Sporting Goods,F,Road,Mumbai-Chennai,4,5,2397.43,6,57.6,4721,5,7,0,2023-09-23
SHIP06001,CUST6938,Cosmetics,F,Road,Delhi-Mumbai,6,5,1679.56,6,28.4,2171,6,8,0,2023-12-19
SHIP06002,CUST5982,Sporting Goods,D,Road,Kolkata-Delhi,6,3,4996.98,8,1.5,1421,4,6,0,2023-04-22
SHIP06003,CUST2520,Sporting Goods,C,Ship,Bangalore-Chennai,6,4,4622.81,1,48.2,2285,8,7,1,2023-11-29
SHIP06004,CUST6991,Sporting Goods,B,Flight,Hyderabad-Pune,7,3,3215.86,8,34.0,6698,5,10,0,2023-01-26
SHIP06005,CUST7166,Fashion,D,Ship,Bangalore-Chennai,5,2,2265.27,0,28.4,6689,6,7,0,2023-03-10
SHIP06006,CUST3379,Home & Garden,A,Road,Delhi-Mumbai,7,4,3675.63,2,56.7,1806,10,9,1,2023-07-23
SHIP06007,CUST9826,Books,A,Road,Mumbai-Chennai,4,1,3956.94,3,47.1,3007,4,7,0,2023-12-29
SHIP06008,CUST8065,Cosmetics,B,Flight,Bangalore-Chennai,3,3,3634.86,0,5.3,5610,5,9,0,2023-04-10
SHIP06009,CUST2142,Electronics,B,Ship,Bangalore-Chennai,2,4,928.81,1,25.6,1550,10,10,1,2023-03-03
SHIP06010,CUST2565,Sporting Goods,F,Ship,Hyderabad-Pune,5,2,3335.07,3,14.6,3286,10,11,0,2023-12-09
SHIP06011,CUST6496,Sporting Goods,D,Ship,Mumbai-Chennai,3,4,2968.71,3,50.8,4140,3,6,0,2023-12-31
SHIP06012,CUST3494,Sporting Goods,F,Road,Kolkata-Delhi,4,2,2995.57,7,18.0,6422,9,9,1,2023-05-12
SHIP06013,CUST4454,Sporting Goods,F,Ship,Delhi-Bangalore,2,5,4399.26,0,0.6,2822,9,11,0,2023-04-15
SHIP06014,CUST7718,Electronics,F,Road,Delhi-Bangalore,1,3,425.16,3,44.9,3039,10,9,1,2023-11-20
SHIP06015,CUST4837,Sporting Goods,B,Ship,Hyderabad-Pune,1,5,2996.06,5,64.8,3291,9,8,1,2023-03-23
SHIP06016,CUST6514,Fashion,B,Road,Bangalore-Chennai,3,5,2917.19,2,22.6,4133,10,11,0,2023-02-11
SHIP06017,CUST4680,Fashion,B,Road,Delhi-Bangalore,4,1,2938.88,3,6.8,3531,10,14,0,2023-02-08
SHIP06018,CUST4726,Sporting Goods,A,Road,Delhi-Mumbai,3,2,1185.67,5,36.4,2548,9,10,0,2023-05-30
SHIP06019,CUST7940,Home & Garden,A,Road,Delhi-Mumbai,1,2,4998.29,1,32.8,6342,5,10,0,2023-12-07
SHIP06020,CUST5909,Home & Garden,F,Ship,Delhi-Bangalore,7,1,3847.32,6,30.3,5713,6,10,0,2023-07-18
SHIP06021,CUST5653,Cosmetics,F,Road,Delhi-Mumbai,4,1,1981.27,6,4.2,1919,4,8,0,2023-04-14
SHIP06022,CUST8732,Fashion,D,Flight,Delhi-Bangalore,2,3,4260.36,6,35.1,6872,10,15,0,2023-06-09
SHIP06023,CUST8887,Home & Garden,B,Road,Kolkata-Delhi,4,5,3016.46,7,46.0,4642,10,12,0,2023-03-18
SHIP06024,CUST3050,Electronics,F,Ship,Bangalore-Chennai,7,5,3106.15,3,7.1,5956,6,11,0,2023-06-03
SHIP06025,CUST9165,Sporting Goods,F,Road,Mumbai-Chennai,2,3,755.54,0,21.4,4327,5,10,0,2023-04-13
SHIP06026,CUST6872,Fashion,D,Flight,Mumbai-Chennai,4,3,4417.81,8,60.5,4065,3,5,0,2023-04-25
SHIP06027,CUST4187,Cosmetics,A,Ship,Delhi-Mumbai,3,4,4702.15,0,53.7,3722,6,10,0,2023-01-20
SHIP06028,CUST2592,Sporting Goods,F,Flight,Delhi-Mumbai,1,5,4039.25,8,48.5,2389,4,3,1,2023-01-12
SHIP06029,CUST3349,Cosmetics,A,Flight,Kolkata-Delhi,3,2,4254.52,5,37.3,6984,9,10,0,2023-08-03
SHIP06030,CUST2282,Home & Garden,D,Road,Delhi-Bangalore,2,5,2529.92,2,16.4,4795,8,13,0,2023-05-15
SHIP06031,CUST6330,Sporting Goods,F,Ship,Hyderabad-Pune,7,5,3568.94,7,49.0,4510,7,7,1,2023-11-29
SHIP06032,CUST9727,Home & Garden,D,Road,Mumbai-Chennai,4,2,4570.34,1,51.1,1242,8,7,1,2023-10-22
SHIP06033,CUST9379,Sporting Goods,C,Road,Hyderabad-Pune,5,4,2834.42,4,6.8,5045,6,6,1,2023-11-26
SHIP06034,CUST6837,Fashion,F,Road,Delhi-Bangalore,5,1,3427.3,8,10.4,2758,5,7,0,2023-04-26
SHIP06035,CUST1624,Books,B,Flight,Delhi-Bangalore,1,1,3300.67,8,40.5,3374,4,5,0,2023-04-09
SHIP06036,CUST9967,Electronics,F,Flight,Hyderabad-Pune,2,3,1258.82,6,32.2,1003,5,9,0,2023-08-01
SHIP06037,CUST6392,Books,A,Flight,Delhi-Mumbai,4,1,1321.14,2,61.1,4762,10,14,0,2023-09-16
SHIP06038,CUST4011,Cosmetics,D,Flight,Hyderabad-Pune,5,4,1415.84,2,10.4,2936,4,6,0,2023-11-27
SHIP06039,CUST5989,Home & Garden,D,Ship,Delhi-Mumbai,4,5,3675.88,5,19.6,6955,6,9,0,2023-05-28
SHIP06040,CUST2103,Books,A,Flight,Delhi-Mumbai,3,5,4742.13,4,42.3,1582,8,12,0,2023-08-23
SHIP06041,CUST2992,Home & Garden,C,Ship,Bangalore-Chennai,6,5,4418.16,3,4.8,2877,8,8,1,2023-07-17
SHIP06042,CUST9628,Electronics,D,Flight,Delhi-Mumbai,3,5,609.3,5,25.6,1888,5,4,1,2023-12-17
SHIP06043,CUST3095,Cosmetics,A,Flight,Kolkata-Delhi,5,3,446.91,4,64.7,1464,3,2,1,2023-09-07
SHIP06044,CUST1843,Home & Garden,F,Road,Bangalore-Chennai,3,3,1800.58,2,32.7,2403,9,10,0,2023-01-18
SHIP06045,CUST5285,Fashion,F,Road,Hyderabad-Pune,1,1,4238.87,6,52.5,3324,10,15,0,2023-03-13
SHIP06046,CUST5420,Sporting Goods,B,Ship,Mumbai-Chennai,7,5,1676.06,4,45.4,3996,10,10,1,2023-12-10
SHIP06047,CUST4377,Cosmetics,C,Road,Hyderabad-Pune,7,2,1195.59,5,51.2,2532,4,9,0,2023-04-23
SHIP06048,CUST2448,Sporting Goods,D,Ship,Kolkata-Delhi,5,3,1977.86,7,49.8,4542,6,9,0,2023-09-30
SHIP06049,CUST3976,Home & Garden,D,Flight,Hyderabad-Pune,1,4,767.44,7,43.1,4625,5,10,0,2023-11-06
SHIP06050,CUST2192,Fashion,A,Flight,Bangalore-Chennai,3,4,1019.38,7,42.6,2238,8,13,0,2023-11-20
SHIP06051,CUST8108,Electronics,D,Ship,Hyderabad-Pune,3,5,1450.49,4,30.2,2500,4,4,1,2023-12-18
SHIP06052,CUST6809,Home & Garden,D,Flight,Hyderabad-Pune,5,5,2717.88,7,20.3,1857,10,10,1,2023-06-09
SHIP06053,CUST5089,Books,B,Road,Delhi-Bangalore,4,2,3123.31,6,64.8,1549,7,10,0,2023-10-31
SHIP06054,CUST2856,Home & Garden,F,Road,Bangalore-Chennai,4,4,3325.73,1,37.4,6155,7,8,0,2023-09-10
SHIP06055,CUST6960,Books,F,Flight,Delhi-Mumbai,3,1,4396.15,7,29.5,3530,7,8,0,2023-11-15
SHIP06056,CUST2689,Fashion,D,Flight,Delhi-Mumbai,3,2,4821.66,2,63.7,2810,4,7,0,2023-05-25
SHIP06057,CUST7646,Sporting Goods,D,Ship,Bangalore-Chennai,6,1,1695.32,7,11.7,5178,5,5,1,2023-08-25
SHIP06058,CUST4624,Fashion,D,Ship,Kolkata-Delhi,5,1,2396.59,4,37.2,2818,9,10,0,2023-06-22
SHIP06059,CUST3669,Fashion,D,Road,Hyderabad-Pune,7,1,2634.61,0,23.0,3162,7,8,0,2023-11-26
SHIP06060,CUST7815,Sporting Goods,F,Flight,Delhi-Bangalore,7,1,3163.58,6,42.4,1203,10,9,1,2023-01-29
SHIP06061,CUST5035,Fashion,D,Flight,Delhi-Mumbai,7,5,2317.04,2,48.9,2318,8,12,0,2023-07-29
SHIP06062,CUST3609,Books,F,Road,Delhi-Bangalore,7,4,1299.11,0,47.6,4325,10,9,1,2023-12-05
SHIP06063,CUST5911,Electronics,D,Flight,Bangalore-Chennai,3,5,4669.15,8,47.0,1601,10,10,1,2023-07-11
SHIP06064,CUST3485,Electronics,C,Ship,Delhi-Bangalore,7,5,549.16,7,31.5,1926,9,14,0,2023-09-17
SHIP06065,CUST5850,Books,B,Road,Kolkata-Delhi,5,5,4885.0,4,12.3,5461,10,15,0,2023-08-26
SHIP06066,CUST3270,Cosmetics,C,Road,Delhi-Mumbai,3,1,3498.5,5,54.1,6931,10,10,1,2023-05-19
SHIP06067,CUST7057,Fashion,A,Flight,Mumbai-Chennai,4,1,1931.64,4,35.7,5548,8,11,0,2023-01-05
SHIP06068,CUST5430,Electronics,D,Road,Bangalore-Chennai,6,2,982.25,4,22.4,5448,10,11,0,2023-04-08
SHIP06069,CUST9595,Electronics,D,Ship,Delhi-Mumbai,5,2,800.83,8,7.8,3194,6,6,1,2023-03-12
SHIP06070,CUST5208,Sporting Goods,D,Flight,Mumbai-Chennai,6,5,3983.2,3,13.7,4626,3,3,1,2023-04-14
SHIP06071,CUST5621,Home & Garden,C,Road,Delhi-Mumbai,6,5,2109.73,8,6.1,5124,6,7,0,2023-09-21
SHIP06072,CUST2713,Books,A,Road,Kolkata-Delhi,7,4,3906.61,6,43.6,4702,5,10,0,2023-04-29
SHIP06073,CUST5085,Fashion,C,Flight,Kolkata-Delhi,2,5,2626.75,2,58.8,2355,8,12,0,2023-09-24
SHIP06074,CUST7538,Books,F,Flight,Kolkata-Delhi,4,4,1257.27,8,52.9,2477,5,7,0,2023-01-05
SHIP06075,CUST8172,Electronics,B,Ship,Kolkata-Delhi,5,1,3393.46,4,56.5,2895,8,7,1,2023-08-19
SHIP06076,CUST3317,Books,A,Ship,Mumbai-Chennai,7,3,1940.59,2,4.7,6991,9,13,0,2023-05-06
SHIP06077,CUST3980,Sporting Goods,D,Road,Kolkata-Delhi,2,1,3351.67,4,47.4,6247,4,8,0,2023-03-31
SHIP06078,CUST3442,Books,D,Road,Bangalore-Chennai,3,1,678.71,5,45.5,5128,7,12,0,2023-10-21
SHIP06079,CUST1102,Fashion,B,Ship,Mumbai-Chennai,6,2,597.39,8,0.9,4365,3,8,0,2023-04-01
SHIP06080,CUST3528,Electronics,A,Road,Bangalore-Chennai,7,3,3742.14,5,47.7,5871,4,4,1,2023-06-08
SHIP06081,CUST1196,Sporting Goods,F,Ship,Kolkata-Delhi,3,4,814.35,3,33.8,1847,10,15,0,2023-04-25
SHIP06082,CUST6024,Home & Garden,D,Ship,Delhi-Bangalore,6,3,4186.15,4,48.3,3944,9,13,0,2023-06-23
SHIP06083,CUST7549,Home & Garden,D,Road,Delhi-Mumbai,7,3,1378.06,0,54.0,5264,6,8,0,2023-01-01
SHIP06084,CUST2580,Cosmetics,D,Ship,Bangalore-Chennai,7,5,2239.61,2,37.6,2858,8,12,0,2023-03-22
SHIP06085,CUST8874,Electronics,F,Flight,Mumbai-Chennai,4,1,3322.6,3,9.1,3438,7,11,0,2023-07-31
SHIP06086,CUST8274,Cosmetics,D,Flight,Bangalore-Chennai,3,1,4707.79,1,41.3,6897,6,5,1,2023-12-04
SHIP06087,CUST7988,Cosmetics,F,Road,Bangalore-Chennai,3,2,1787.58,6,1.5,1716,7,9,0,2023-12-09
SHIP06088,CUST5117,Books,D,Flight,Mumbai-Chennai,6,2,4404.55,5,24.8,2510,5,6,0,2023-01-28
SHIP06089,CUST3047,Sporting Goods,A,Ship,Bangalore-Chennai,7,5,2686.46,1,52.4,3383,7,12,0,2023-08-21
SHIP06090,CUST1985,Home & Garden,C,Road,Hyderabad-Pune,2,4,393.85,6,48.4,1214,6,8,0,2023-02-22
SHIP06091,CUST8531,Books,F,Flight,Mumbai-Chennai,7,2,888.55,1,29.6,1073,10,11,0,2023-01-29
SHIP06092,CUST8272,Home & Garden,F,Ship,Hyderabad-Pune,5,2,155.45,1,25.9,6649,9,11,0,2023-09-10
SHIP06093,CUST3054,Cosmetics,B,Ship,Kolkata-Delhi,1,5,4296.26,1,63.3,3594,9,12,0,2023-05-20
SHIP06094,CUST6960,Cosmetics,B,Flight,Delhi-Bangalore,5,4,4158.29,1,42.7,5130,8,11,0,2023-08-11
SHIP06095,CUST5985,Cosmetics,D,Ship,Bangalore-Chennai,2,5,280.54,6,52.9,5000,7,11,0,2023-02-28
SHIP06096,CUST5741,Cosmetics,A,Road,Kolkata-Delhi,4,4,529.65,6,57.3,3281,3,8,0,2023-11-01
SHIP06097,CUST5305,Cosmetics,A,Flight,Bangalore-Chennai,6,5,2935.26,2,38.1,2820,4,7,0,2023-03-05
SHIP06098,CUST3410,Sporting Goods,A,Road,Bangalore-Chennai,2,5,2294.84,8,0.3,1598,9,9,1,2023-03-16
SHIP06099,CUST8958,Fashion,A,Road,Kolkata-Delhi,4,2,2737.29,6,25.2,3825,6,11,0,2023-06-02
SHIP06100,CUST7133,Fashion,D,Flight,Kolkata-Delhi,1,2,4376.05,2,31.3,6085,4,7,0,2023-08-09
SHIP06101,CUST9921,Fashion,F,Flight,Bangalore-Chennai,3,1,1779.64,3,0.9,6120,4,5,0,2023-04-29
SHIP06102,CUST1605,Electronics,C,Flight,Kolkata-Delhi,1,3,471.12,8,44.0,5228,6,6,1,2023-07-12
SHIP06103,CUST4945,Fashion,B,Flight,Bangalore-Chennai,5,5,415.41,6,2.5,2599,5,7,0,2023-01-27
SHIP06104,CUST7048,Cosmetics,D,Flight,Bangalore-Chennai,2,5,4311.59,0,34.8,5677,10,11,0,2023-06-26
SHIP06105,CUST9305,Home & Garden,F,Ship,Kolkata-Delhi,4,3,3005.0,7,39.2,2399,5,7,0,2023-06-19
SHIP06106,CUST2361,Sporting Goods,B,Flight,Bangalore-Chennai,4,4,1839.57,5,31.5,6045,10,14,0,2023-01-27
SHIP06107,CUST8774,Electronics,A,Road,Delhi-Bangalore,3,1,4349.65,0,64.5,4733,9,9,1,2023-05-06
SHIP06108,CUST1866,Sporting Goods,A,Flight,Delhi-Mumbai,2,4,2037.62,3,21.3,3358,4,6,0,2023-06-10
SHIP06109,CUST8012,Sporting Goods,C,Flight,Delhi-Bangalore,7,5,1368.6,5,19.3,6206,5,8,0,2023-02-22
SHIP06110,CUST5458,Books,D,Flight,Delhi-Bangalore,7,5,4197.81,8,29.1,6305,10,10,1,2023-05-23
SHIP06111,CUST2471,Home & Garden,F,Ship,Hyderabad-Pune,2,2,4828.55,2,23.9,5691,5,9,0,2023-01-18
SHIP06112,CUST6270,Electronics,D,Flight,Delhi-Mumbai,1,1,2069.91,5,34.2,4266,9,12,0,2023-07-30
SHIP06113,CUST6673,Electronics,B,Flight,Mumbai-Chennai,3,5,604.3,8,44.0,6519,8,7,1,2023-02-11
SHIP06114,CUST1487,Home & Garden,D,Road,Kolkata-Delhi,4,2,3233.76,3,62.6,1145,3,5,0,2023-07-24
SHIP06115,CUST4503,Sporting Goods,A,Ship,Bangalore-Chennai,4,2,3631.37,3,32.1,2130,3,6,0,2023-05-20
SHIP06116,CUST2868,Electronics,F,Road,Hyderabad-Pune,6,4,3346.29,7,11.0,1531,6,8,0,2023-10-27
SHIP06117,CUST4242,Books,A,Road,Bangalore-Chennai,7,5,4438.29,6,21.5,4432,4,9,0,2023-07-16
SHIP06118,CUST8888,Fashion,A,Flight,Delhi-Bangalore,3,4,4459.31,0,1.3,2701,3,2,1,2023-05-19
SHIP06119,CUST2317,Cosmetics,A,Ship,Delhi-Mumbai,1,3,4699.0,5,0.9,1889,8,11,0,2023-08-19
SHIP06120,CUST1193,Electronics,C,Ship,Hyderabad-Pune,5,3,808.19,2,23.1,6438,10,13,0,2023-10-24
SHIP06121,CUST4224,Home & Garden,F,Ship,Bangalore-Chennai,7,2,953.23,1,60.0,6547,7,12,0,2023-04-14
SHIP06122,CUST3310,Home & Garden,F,Road,Bangalore-Chennai,2,2,3492.67,3,26.0,1598,7,7,1,2023-01-04
SHIP06123,CUST9049,Cosmetics,F,Ship,Mumbai-Chennai,7,4,4744.34,4,19.4,6361,6,6,1,2023-03-13
SHIP06124,CUST9413,Electronics,A,Ship,Bangalore-Chennai,4,5,165.35,8,31.7,4119,6,5,1,2023-11-06
SHIP06125,CUST6563,Fashion,B,Flight,Bangalore-Chennai,6,2,3672.72,5,44.1,4768,10,13,0,2023-06-06
SHIP06126,CUST1645,Electronics,A,Road,Bangalore-Chennai,1,2,1069.17,6,56.4,2676,7,7,1,2023-08-22
SHIP06127,CUST6344,Electronics,D,Ship,Mumbai-Chennai,1,2,1292.31,5,6.3,1922,9,9,1,2023-09-04
SHIP06128,CUST8841,Sporting Goods,C,Flight,Bangalore-Chennai,4,2,2121.27,2,22.8,2975,9,9,1,2023-12-05
SHIP06129,CUST3058,Cosmetics,A,Ship,Kolkata-Delhi,7,2,1014.09,2,26.1,6054,3,3,1,2023-05-17
SHIP06130,CUST9479,Cosmetics,A,Ship,Delhi-Bangalore,5,3,3750.62,0,38.2,5007,5,7,0,2023-03-11
SHIP06131,CUST1060,Fashion,F,Ship,Hyderabad-Pune,6,3,4920.75,6,22.9,4832,8,7,1,2023-02-05
SHIP06132,CUST5499,Books,C,Road,Bangalore-Chennai,5,1,3817.32,7,4.2,1308,8,12,0,2023-07-14
SHIP06133,CUST3376,Sporting Goods,C,Flight,Delhi-Bangalore,6,2,625.91,8,19.0,2670,6,6,1,2023-10-31
SHIP06134,CUST4979,Fashion,A,Ship,Bangalore-Chennai,1,3,3686.74,2,40.4,4075,6,6,1,2023-02-17
SHIP06135,CUST3114,Sporting Goods,B,Road,Delhi-Mumbai,5,3,4367.02,7,41.8,1216,3,3,1,2023-01-15
SHIP06136,CUST6825,Fashion,A,Ship,Bangalore-Chennai,2,3,1850.25,3,5.4,4541,5,4,1,2023-08-20
SHIP06137,CUST3655,Fashion,A,Flight,Delhi-Bangalore,5,4,1479.31,3,32.1,3011,3,5,0,2023-12-28
SHIP06138,CUST6769,Sporting Goods,D,Ship,Kolkata-Delhi,4,2,170.17,7,24.8,2878,3,4,0,2023-04-27
SHIP06139,CUST8502,Books,B,Road,Kolkata-Delhi,4,4,4877.58,4,35.7,1726,5,6,0,2023-03-12
SHIP06140,CUST5493,Fashion,A,Ship,Kolkata-Delhi,3,4,3118.19,4,4.1,3533,6,9,0,2023-02-18
SHIP06141,CUST1475,Electronics,B,Road,Hyderabad-Pune,5,4,3524.45,4,10.5,6015,6,5,1,2023-06-02
SHIP06142,CUST4311,Books,D,Ship,Hyderabad-Pune,5,3,4449.71,2,34.8,3309,8,8,1,2023-12-30
SHIP06143,CUST9733,Sporting Goods,C,Flight,Bangalore-Chennai,2,5,139.7,8,50.6,2217,3,8,0,2023-10-02
SHIP06144,CUST1800,Home & Garden,A,Flight,Mumbai-Chennai,5,3,3574.6,5,22.9,4320,4,4,1,2023-01-27
SHIP06145,CUST1517,Fashion,B,Ship,Hyderabad-Pune,4,1,1270.94,5,47.3,6949,7,10,0,2023-09-02
SHIP06146,CUST6943,Sporting Goods,C,Ship,Delhi-Bangalore,6,1,2117.94,8,45.1,4486,7,7,1,2023-04-29
SHIP06147,CUST7382,Fashion,D,Ship,Delhi-Bangalore,3,3,2220.39,2,62.2,3732,4,4,1,2023-06-25
SHIP06148,CUST6979,Books,D,Road,Kolkata-Delhi,2,2,1756.25,5,55.3,4930,8,10,0,2023-03-04
SHIP06149,CUST5858,Cosmetics,F,Road,Delhi-Bangalore,4,1,4454.81,4,60.1,3279,5,7,0,2023-05-24
SHIP06150,CUST4665,Home & Garden,B,Flight,Delhi-Mumbai,4,5,1506.13,4,32.4,6578,9,8,1,2023-08-19
SHIP06151,CUST9016,Home & Garden,A,Road,Bangalore-Chennai,1,2,1989.53,2,41.3,4729,3,5,0,2023-12-23
SHIP06152,CUST2064,Electronics,A,Flight,Mumbai-Chennai,5,1,4465.15,2,50.5,2187,3,2,1,2023-08-18
SHIP06153,CUST7502,Sporting Goods,F,Road,Hyderabad-Pune,1,1,3890.25,8,60.8,1808,8,12,0,2023-09-18
SHIP06154,CUST9864,Books,F,Flight,Kolkata-Delhi,6,3,1384.51,1,11.7,6869,7,10,0,2023-06-03
SHIP06155,CUST7736,Electronics,D,Road,Delhi-Mumbai,2,5,987.87,1,30.8,2298,5,5,1,2023-11-03
SHIP06156,CUST2268,Sporting Goods,D,Flight,Kolkata-Delhi,5,2,1138.24,6,31.4,4522,8,13,0,2023-03-15
SHIP06157,CUST7076,Sporting Goods,C,Road,Hyderabad-Pune,4,2,2304.47,7,53.5,6408,10,12,0,2023-12-29
SHIP06158,CUST8285,Electronics,A,Road,Hyderabad-Pune,4,2,1482.97,8,58.4,5343,8,9,0,2023-10-29
SHIP06159,CUST4260,Fashion,D,Road,Hyderabad-Pune,7,4,1382.41,7,9.9,4373,10,9,1,2023-08-10
SHIP06160,CUST3688,Cosmetics,F,Ship,Delhi-Bangalore,4,1,1750.02,3,25.9,1388,10,14,0,2023-04-19
SHIP06161,CUST3185,Electronics,B,Road,Hyderabad-Pune,2,1,2459.88,5,46.1,4347,10,14,0,2023-07-20
SHIP06162,CUST2459,Books,B,Ship,Mumbai-Chennai,3,5,4611.68,1,47.2,2967,5,9,0,2023-05-23
SHIP06163,CUST2375,Home & Garden,B,Ship,Mumbai-Chennai,5,2,1779.01,4,62.2,3800,4,5,0,2023-12-05
SHIP06164,CUST6012,Fashion,F,Ship,Mumbai-Chennai,1,1,2683.33,6,61.6,5949,4,5,0,2023-04-23
SHIP06165,CUST2133,Electronics,B,Flight,Bangalore-Chennai,7,1,1863.13,4,48.9,6087,5,4,1,2023-06-28
SHIP06166,CUST4075,Home & Garden,F,Flight,Delhi-Bangalore,5,2,1827.59,2,28.8,4434,5,9,0,2023-10-06
SHIP06167,CUST2217,Home & Garden,F,Flight,Kolkata-Delhi,3,2,1235.21,1,32.0,6268,3,5,0,2023-09-04
SHIP06168,CUST6119,Fashion,B,Ship,Mumbai-Chennai,1,4,4763.29,7,38.2,6851,3,3,1,2023-03-09
SHIP06169,CUST2307,Books,A,Flight,Delhi-Mumbai,1,3,896.76,5,55.9,4222,5,10,0,2023-12-20
SHIP06170,CUST2549,Fashion,D,Ship,Kolkata-Delhi,2,1,2858.85,8,18.7,1132,3,6,0,2023-01-13
SHIP06171,CUST5441,Fashion,A,Flight,Delhi-Bangalore,1,1,3811.24,7,8.0,5283,5,7,0,2023-01-18
SHIP06172,CUST6652,Books,D,Road,Delhi-Mumbai,3,4,1279.7,8,35.3,4265,9,13,0,2023-04-04
SHIP06173,CUST6539,Books,A,Flight,Mumbai-Chennai,4,5,1997.02,6,60.5,2310,7,11,0,2023-07-17
SHIP06174,CUST8992,Home & Garden,F,Ship,Hyderabad-Pune,6,1,2690.09,7,62.7,1603,8,8,1,2023-07-17
SHIP06175,CUST4824,Home & Garden,C,Ship,Delhi-Mumbai,2,2,4753.13,1,45.2,6626,6,10,0,2023-07-30
SHIP06176,CUST8156,Books,C,Flight,Mumbai-Chennai,4,5,3967.49,3,58.3,5679,10,14,0,2023-01-27
SHIP06177,CUST8764,Sporting Goods,A,Ship,Delhi-Bangalore,1,2,1205.92,7,38.2,1947,3,4,0,2023-10-24
SHIP06178,CUST6486,Books,A,Ship,Hyderabad-Pune,4,4,2251.52,6,16.7,1049,9,8,1,2023-09-20
SHIP06179,CUST6247,Cosmetics,D,Flight,Bangalore-Chennai,6,1,1525.85,0,24.9,2257,6,11,0,2023-01-16
SHIP06180,CUST6639,Home & Garden,B,Road,Kolkata-Delhi,2,3,4944.87,4,2.5,5566,9,8,1,2023-01-23
SHIP06181,CUST6033,Home & Garden,C,Flight,Delhi-Mumbai,2,5,4660.01,2,20.5,6314,8,7,1,2023-08-15
SHIP06182,CUST6757,Home & Garden,B,Flight,Delhi-Bangalore,4,2,1302.1,0,64.4,4140,5,9,0,2023-05-06
SHIP06183,CUST9396,Sporting Goods,A,Flight,Delhi-Bangalore,5,1,4575.56,0,25.8,1881,4,6,0,2023-09-03
SHIP06184,CUST6765,Electronics,D,Flight,Delhi-Mumbai,3,1,3388.59,8,27.9,4829,3,4,0,2023-11-02
SHIP06185,CUST8105,Sporting Goods,A,Flight,Delhi-Bangalore,7,2,2826.19,1,3.7,2488,4,9,0,2023-12-04
SHIP06186,CUST2762,Electronics,C,Road,Bangalore-Chennai,5,5,775.65,6,36.1,1185,3,2,1,2023-11-15
SHIP06187,CUST4160,Sporting Goods,F,Road,Delhi-Bangalore,6,4,4593.09,4,58.8,5931,7,9,0,2023-11-15
SHIP06188,CUST2850,Electronics,F,Flight,Delhi-Mumbai,2,2,2647.14,2,59.8,2209,3,7,0,2023-08-04
SHIP06189,CUST3716,Fashion,B,Flight,Delhi-Bangalore,4,3,1696.71,7,63.8,4809,6,9,0,2023-11-20
SHIP06190,CUST3163,Books,C,Ship,Bangalore-Chennai,1,5,4281.7,8,28.9,1379,3,4,0,2023-11-10
SHIP06191,CUST6897,Cosmetics,D,Flight,Kolkata-Delhi,6,4,2779.17,8,30.7,2554,9,12,0,2023-07-25
SHIP06192,CUST5164,Sporting Goods,B,Road,Kolkata-Delhi,2,1,4589.4,6,45.7,2742,3,6,0,2023-11-17
SHIP06193,CUST8001,Sporting Goods,F,Road,Kolkata-Delhi,3,4,1619.4,3,26.0,6234,5,8,0,2023-06-21
SHIP06194,CUST9098,Home & Garden,A,Ship,Delhi-Bangalore,5,1,4077.9,4,42.1,3108,3,5,0,2023-02-03
SHIP06195,CUST1040,Electronics,C,Ship,Delhi-Mumbai,3,1,150.98,5,45.1,2720,6,9,0,2023-10-04
SHIP06196,CUST5955,Books,F,Flight,Bangalore-Chennai,5,3,3951.98,5,21.3,1563,8,12,0,2023-04-08
SHIP06197,CUST9530,Home & Garden,B,Flight,Kolkata-Delhi,1,1,3892.91,3,12.1,3940,7,6,1,2023-08-15
SHIP06198,CUST9380,Electronics,D,Road,Mumbai-Chennai,6,2,3259.0,5,9.7,6523,10,14,0,2023-10-20
SHIP06199,CUST4115,Books,D,Ship,Mumbai-Chennai,7,2,1707.51,0,16.8,6576,9,14,0,2023-10-31
SHIP06200,CUST4961,Sporting Goods,C,Road,Hyderabad-Pune,5,5,490.51,8,47.3,2932,3,2,1,2023-11-11
SHIP06201,CUST6931,Cosmetics,C,Ship,Mumbai-Chennai,6,2,1643.24,5,41.0,2291,5,6,0,2023-06-07
SHIP06202,CUST6469,Fashion,F,Road,Delhi-Bangalore,7,5,886.23,0,28.3,5412,5,8,0,2023-07-26
SHIP06203,CUST3221,Electronics,A,Ship,Bangalore-Chennai,4,2,1747.32,0,5.0,2502,9,12,0,2023-06-27
SHIP06204,CUST1373,Books,C,Flight,Delhi-Mumbai,7,3,2597.83,2,18.1,2715,8,13,0,2023-08-25
SHIP06205,CUST6312,Sporting Goods,F,Road,Mumbai-Chennai,7,3,4514.81,3,38.6,2803,3,3,1,2023-06-23
SHIP06206,CUST7531,Electronics,F,Flight,Mumbai-Chennai,1,2,4917.32,6,10.2,4069,10,11,0,2023-03-28
SHIP06207,CUST4892,Home & Garden,B,Road,Mumbai-Chennai,5,3,2095.52,1,30.2,2324,4,5,0,2023-12-13
SHIP06208,CUST5051,Cosmetics,D,Road,Hyderabad-Pune,7,5,3039.74,3,30.8,4185,3,5,0,2023-02-01
SHIP06209,CUST2576,Home & Garden,B,Flight,Kolkata-Delhi,2,4,1486.39,8,51.5,1762,6,11,0,2023-01-25
SHIP06210,CUST5505,Sporting Goods,D,Road,Hyderabad-Pune,7,1,1851.1,1,35.3,3327,4,7,0,2023-06-04
SHIP06211,CUST1370,Electronics,B,Flight,Mumbai-Chennai,5,4,2601.49,5,56.4,2630,7,6,1,2023-10-19
SHIP06212,CUST3936,Fashion,A,Ship,Kolkata-Delhi,7,2,4661.74,5,19.6,3993,4,4,1,2023-01-12
SHIP06213,CUST5141,Electronics,A,Flight,Mumbai-Chennai,7,4,2761.2,5,43.2,6819,6,6,1,2023-12-18
SHIP06214,CUST4748,Fashion,D,Ship,Hyderabad-Pune,5,4,1830.07,5,4.6,2070,9,8,1,2023-11-16
SHIP06215,CUST7565,Home & Garden,C,Road,Delhi-Mumbai,5,2,949.67,2,56.8,1181,4,9,0,2023-05-28
SHIP06216,CUST3795,Books,C,Ship,Delhi-Mumbai,5,1,2244.51,8,46.3,5621,9,8,1,2023-06-30
SHIP06217,CUST8636,Books,A,Ship,Kolkata-Delhi,2,2,1680.01,0,4.9,4699,8,7,1,2023-06-03
SHIP06218,CUST2272,Cosmetics,C,Road,Bangalore-Chennai,5,1,4891.92,2,12.9,5611,10,11,0,2023-11-09
SHIP06219,CUST6049,Books,C,Flight,Delhi-Mumbai,4,1,2155.32,0,47.3,5038,6,8,0,2023-01-09
SHIP06220,CUST8742,Fashion,F,Road,Delhi-Bangalore,1,1,882.14,5,38.5,2300,9,10,0,2023-03-07
SHIP06221,CUST9444,Books,F,Road,Kolkata-Delhi,7,1,638.65,2,44.4,6607,5,10,0,2023-02-13
SHIP06222,CUST2155,Cosmetics,F,Flight,Delhi-Mumbai,2,4,171.17,4,1.9,5433,7,8,0,2023-06-26
SHIP06223,CUST9534,Home & Garden,B,Ship,Mumbai-Chennai,6,1,4022.09,2,63.4,6123,7,10,0,2023-09-01
SHIP06224,CUST4965,Sporting Goods,B,Road,Bangalore-Chennai,1,5,596.01,6,22.9,3580,10,14,0,2023-05-30
SHIP06225,CUST7721,Fashion,A,Road,Bangalore-Chennai,3,2,3713.47,7,39.9,5099,7,10,0,2023-01-13
SHIP06226,CUST3572,Home & Garden,A,Road,Delhi-Bangalore,2,2,3962.71,0,9.6,4420,9,8,1,2023-08-18
SHIP06227,CUST1218,Home & Garden,B,Road,Mumbai-Chennai,3,2,2822.88,3,16.3,4837,5,10,0,2023-03-14
SHIP06228,CUST6222,Fashion,B,Ship,Kolkata-Delhi,4,1,4884.46,3,35.7,1925,8,13,0,2023-08-17
SHIP06229,CUST3836,Electronics,C,Ship,Bangalore-Chennai,2,3,3986.24,5,4.3,1384,4,7,0,2023-07-31
SHIP06230,CUST5868,Fashion,D,Flight,Bangalore-Chennai,5,4,3841.88,0,30.9,2791,9,14,0,2023-03-30
SHIP06231,CUST3859,Electronics,C,Flight,Mumbai-Chennai,2,4,4494.09,2,62.2,1901,7,8,0,2023-07-13
SHIP06232,CUST6844,Cosmetics,C,Road,Mumbai-Chennai,1,5,3674.91,4,21.0,5705,9,12,0,2023-02-22
SHIP06233,CUST5932,Books,D,Road,Bangalore-Chennai,7,2,3083.75,4,3.6,6036,3,5,0,2023-06-14
SHIP06234,CUST7605,Electronics,A,Road,Kolkata-Delhi,7,1,4239.0,7,17.5,5540,9,14,0,2023-08-07
SHIP06235,CUST2497,Sporting Goods,A,Ship,Delhi-Mumbai,2,1,1930.34,6,58.5,4783,3,2,1,2023-08-01
SHIP06236,CUST7731,Fashion,C,Road,Delhi-Bangalore,6,3,3697.67,4,63.0,3911,8,8,1,2023-02-28
SHIP06237,CUST6294,Home & Garden,D,Road,Hyderabad-Pune,5,1,4007.53,5,40.5,6101,3,5,0,2023-08-11
SHIP06238,CUST2925,Home & Garden,B,Flight,Bangalore-Chennai,5,1,2536.32,4,9.4,1935,10,12,0,2023-07-05
SHIP06239,CUST8684,Books,B,Flight,Delhi-Mumbai,1,1,1579.69,2,60.6,2448,5,4,1,2023-04-09
SHIP06240,CUST2788,Home & Garden,B,Road,Delhi-Mumbai,3,1,2488.68,3,46.7,3687,6,6,1,2023-11-16
SHIP06241,CUST4149,Electronics,D,Ship,Bangalore-Chennai,5,3,2111.36,0,39.4,2996,6,9,0,2023-05-30
SHIP06242,CUST5412,Sporting Goods,A,Road,Delhi-Bangalore,2,2,4903.27,3,37.0,4123,8,7,1,2023-11-29
SHIP06243,CUST8753,Fashion,A,Road,Kolkata-Delhi,2,1,448.32,6,31.8,4379,3,8,0,2023-07-02
SHIP06244,CUST8003,Home & Garden,F,Ship,Kolkata-Delhi,2,1,3961.17,6,56.1,5127,5,5,1,2023-09-15
SHIP06245,CUST4525,Sporting Goods,D,Road,Mumbai-Chennai,2,4,1134.79,4,0.5,3902,3,3,1,2023-01-18
SHIP06246,CUST6861,Home & Garden,A,Flight,Bangalore-Chennai,4,5,2648.6,2,12.2,5738,7,12,0,2023-09-10
SHIP06247,CUST2097,Fashion,F,Road,Delhi-Mumbai,5,1,4062.49,1,30.4,6715,4,8,0,2023-10-08
SHIP06248,CUST9618,Fashion,D,Flight,Bangalore-Chennai,7,1,2337.1,5,26.3,5249,3,2,1,2023-10-22
SHIP06249,CUST8170,Cosmetics,D,Ship,Delhi-Bangalore,1,4,2497.39,4,64.6,3115,8,12,0,2023-10-15
SHIP06250,CUST7186,Home & Garden,D,Flight,Delhi-Bangalore,7,4,4472.64,5,64.6,5915,7,6,1,2023-06-26
SHIP06251,CUST2223,Fashion,B,Road,Delhi-Mumbai,5,1,3939.24,2,40.0,3998,5,6,0,2023-09-30
SHIP06252,CUST5500,Home & Garden,D,Ship,Mumbai-Chennai,2,4,1391.69,7,7.0,6896,8,11,0,2023-05-20
SHIP06253,CUST2373,Fashion,A,Ship,Mumbai-Chennai,4,3,801.2,4,3.6,6967,7,12,0,2023-11-18
SHIP06254,CUST5118,Home & Garden,C,Ship,Delhi-Mumbai,6,2,2917.44,3,34.3,2445,7,8,0,2023-08-10
SHIP06255,CUST3508,Sporting Goods,C,Flight,Delhi-Bangalore,5,5,743.83,3,12.7,1266,9,10,0,2023-02-20
SHIP06256,CUST2986,Electronics,B,Road,Hyderabad-Pune,7,1,3427.86,2,54.5,2278,3,6,0,2023-06-28
SHIP06257,CUST2619,Home & Garden,F,Flight,Delhi-Bangalore,3,1,526.67,8,48.8,4882,10,14,0,2023-08-10
SHIP06258,CUST4908,Electronics,F,Flight,Hyderabad-Pune,2,1,4733.4,3,11.1,4953,7,7,1,2023-03-22
SHIP06259,CUST4273,Home & Garden,A,Road,Kolkata-Delhi,7,1,3673.65,8,6.1,5381,8,10,0,2023-01-14
SHIP06260,CUST7584,Fashion,D,Road,Mumbai-Chennai,5,1,2850.09,3,7.5,6937,8,9,0,2023-04-28
SHIP06261,CUST8849,Cosmetics,C,Ship,Hyderabad-Pune,3,4,2794.73,1,38.4,4299,8,8,1,2023-10-31
SHIP06262,CUST6769,Books,F,Flight,Hyderabad-Pune,2,4,3539.0,4,10.4,6013,4,6,0,2023-12-20
SHIP06263,CUST1869,Fashion,F,Ship,Kolkata-Delhi,1,1,776.12,1,7.0,1869,3,8,0,2023-11-26
SHIP06264,CUST5915,Electronics,C,Road,Kolkata-Delhi,5,4,1227.84,4,33.2,4060,4,6,0,2023-01-18
SHIP06265,CUST8584,Books,A,Ship,Delhi-Mumbai,4,2,2869.0,7,49.9,1460,5,4,1,2023-12-18
SHIP06266,CUST4727,Electronics,D,Ship,Hyderabad-Pune,3,5,4732.03,0,54.0,4698,4,6,0,2023-12-14
SHIP06267,CUST7481,Books,D,Flight,Kolkata-Delhi,7,3,424.87,6,25.0,1416,10,9,1,2023-10-25
SHIP06268,CUST6542,Sporting Goods,F,Road,Bangalore-Chennai,3,3,1402.34,2,18.6,1477,9,10,0,2023-10-08
SHIP06269,CUST9308,Sporting Goods,D,Flight,Mumbai-Chennai,2,5,2172.05,4,20.6,2410,7,11,0,2023-11-12
SHIP06270,CUST9084,Cosmetics,D,Flight,Delhi-Bangalore,1,3,1907.37,5,54.5,1752,9,10,0,2023-04-01
SHIP06271,CUST4486,Fashion,A,Ship,Delhi-Bangalore,4,5,4767.17,8,26.8,4032,10,15,0,2023-10-04
SHIP06272,CUST4515,Home & Garden,C,Road,Bangalore-Chennai,3,4,3758.6,7,59.7,1519,3,8,0,2023-07-20
SHIP06273,CUST7169,Sporting Goods,F,Ship,Kolkata-Delhi,6,2,1583.39,4,11.9,3945,3,4,0,2023-07-08
SHIP06274,CUST8774,Electronics,A,Flight,Delhi-Bangalore,3,1,4002.32,6,11.8,2441,5,8,0,2023-09-24
SHIP06275,CUST2923,Sporting Goods,B,Ship,Delhi-Mumbai,6,3,151.05,8,17.8,6957,8,11,0,2023-07-26
SHIP06276,CUST7764,Electronics,C,Road,Mumbai-Chennai,4,1,4028.77,1,49.9,4076,10,11,0,2023-03-21
SHIP06277,CUST8450,Books,B,Ship,Bangalore-Chennai,2,1,220.19,1,7.3,6284,5,7,0,2023-07-11
SHIP06278,CUST6658,Fashion,F,Road,Bangalore-Chennai,7,4,3912.07,8,0.6,6884,6,8,0,2023-10-11
SHIP06279,CUST6877,Fashion,B,Flight,Hyderabad-Pune,6,3,3439.85,6,15.3,5575,6,6,1,2023-11-22
SHIP06280,CUST9455,Home & Garden,D,Ship,Kolkata-Delhi,3,5,4857.04,6,48.6,6003,6,10,0,2023-12-02
SHIP06281,CUST6297,Cosmetics,A,Ship,Hyderabad-Pune,4,1,3991.28,4,30.7,3648,4,5,0,2023-06-17
SHIP06282,CUST1110,Home & Garden,B,Flight,Delhi-Bangalore,3,5,1372.92,5,33.7,5852,4,9,0,2023-11-21
SHIP06283,CUST6551,Cosmetics,A,Flight,Kolkata-Delhi,5,3,1042.08,4,38.4,3214,6,6,1,2023-05-06
SHIP06284,CUST8409,Cosmetics,B,Flight,Hyderabad-Pune,4,2,2604.51,2,32.3,4744,3,6,0,2023-05-19
SHIP06285,CUST1399,Books,C,Flight,Mumbai-Chennai,1,5,2536.41,8,6.5,4886,4,5,0,2023-01-01
SHIP06286,CUST9338,Sporting Goods,C,Flight,Bangalore-Chennai,3,2,1425.96,5,10.5,1937,6,8,0,2023-02-26
SHIP06287,CUST1566,Books,A,Ship,Bangalore-Chennai,5,1,2673.65,5,16.4,5603,9,10,0,2023-03-26
SHIP06288,CUST2339,Books,B,Ship,Bangalore-Chennai,3,5,4445.5,6,16.0,3025,8,8,1,2023-02-12
SHIP06289,CUST9768,Home & Garden,B,Flight,Kolkata-Delhi,5,1,596.2,7,1.7,4075,4,9,0,2023-08-31
SHIP06290,CUST4751,Fashion,D,Ship,Bangalore-Chennai,1,5,3205.56,6,14.8,5999,3,7,0,2023-06-18
SHIP06291,CUST2029,Home & Garden,B,Flight,Mumbai-Chennai,4,2,2885.25,0,22.4,6882,9,13,0,2023-06-23
SHIP06292,CUST1659,Sporting Goods,B,Flight,Kolkata-Delhi,1,2,4824.67,8,50.9,3250,8,8,1,2023-02-08
SHIP06293,CUST7795,Electronics,F,Road,Delhi-Bangalore,7,1,2245.12,5,58.7,4443,3,4,0,2023-09-11
SHIP06294,CUST8539,Books,C,Ship,Bangalore-Chennai,7,4,3965.39,6,33.5,4129,3,2,1,2023-09-07
SHIP06295,CUST3490,Home & Garden,C,Road,Delhi-Bangalore,2,3,2708.84,8,24.8,3614,7,8,0,2023-11-01
SHIP06296,CUST1988,Electronics,B,Ship,Delhi-Mumbai,6,5,2271.99,4,25.4,2649,7,9,0,2023-10-07
SHIP06297,CUST7124,Books,F,Flight,Hyderabad-Pune,4,2,3463.58,7,17.2,2770,4,8,0,2023-09-12
SHIP06298,CUST3001,Fashion,F,Road,Delhi-Bangalore,3,2,3220.3,7,1.5,4778,6,7,0,2023-12-04
SHIP06299,CUST7829,Sporting Goods,C,Flight,Mumbai-Chennai,2,5,417.7,1,12.3,3153,8,8,1,2023-07-20
SHIP06300,CUST4779,Fashion,B,Flight,Kolkata-Delhi,4,1,1943.89,3,40.5,3302,9,12,0,2023-11-08
SHIP06301,CUST8512,Fashion,B,Flight,Delhi-Mumbai,2,3,2456.48,8,7.7,3861,4,9,0,2023-03-03
SHIP06302,CUST8093,Books,A,Road,Kolkata-Delhi,7,2,3066.26,1,40.7,1046,6,6,1,2023-06-07
SHIP06303,CUST3816,Electronics,D,Ship,Hyderabad-Pune,6,5,3598.69,6,3.5,6778,8,9,0,2023-05-20
SHIP06304,CUST5227,Sporting Goods,B,Flight,Delhi-Mumbai,4,1,4436.51,7,11.8,2678,10,13,0,2023-10-21
SHIP06305,CUST6757,Electronics,A,Ship,Mumbai-Chennai,5,4,1763.51,7,38.4,6787,5,4,1,2023-08-22
SHIP06306,CUST4053,Electronics,B,Ship,Mumbai-Chennai,1,1,2485.28,2,36.3,3614,4,3,1,2023-05-05
SHIP06307,CUST6050,Fashion,A,Ship,Mumbai-Chennai,6,4,2493.73,0,45.5,6062,8,13,0,2023-12-23
SHIP06308,CUST4999,Cosmetics,F,Ship,Mumbai-Chennai,1,1,2960.8,8,30.4,2836,7,6,1,2023-06-03
SHIP06309,CUST4803,Home & Garden,A,Flight,Delhi-Mumbai,2,1,326.12,7,12.1,5631,9,8,1,2023-07-31
SHIP06310,CUST8408,Sporting Goods,A,Road,Delhi-Bangalore,2,2,4114.09,6,31.6,4429,8,8,1,2023-04-06
SHIP06311,CUST7801,Books,F,Ship,Bangalore-Chennai,4,3,1607.94,1,18.7,2059,5,8,0,2023-10-24
SHIP06312,CUST3548,Books,A,Flight,Kolkata-Delhi,1,2,1164.09,2,19.6,5061,6,6,1,2023-06-26
SHIP06313,CUST8864,Sporting Goods,B,Flight,Delhi-Mumbai,5,3,1836.24,1,14.9,1444,7,9,0,2023-09-27
SHIP06314,CUST8401,Sporting Goods,D,Road,Bangalore-Chennai,1,5,2521.78,4,6.5,5194,6,10,0,2023-06-29
SHIP06315,CUST4667,Sporting Goods,B,Flight,Hyderabad-Pune,2,5,1574.61,5,52.7,2516,9,11,0,2023-11-13
SHIP06316,CUST4374,Home & Garden,B,Ship,Delhi-Mumbai,3,5,4812.21,1,7.7,3124,3,3,1,2023-01-27
SHIP06317,CUST2458,Fashion,F,Road,Bangalore-Chennai,2,2,459.73,8,28.0,6615,9,12,0,2023-11-20
SHIP06318,CUST4525,Home & Garden,B,Road,Mumbai-Chennai,5,2,2489.48,1,2.9,3283,7,10,0,2023-03-11
SHIP06319,CUST4054,Sporting Goods,C,Road,Delhi-Mumbai,7,1,1324.92,0,60.9,1578,4,6,0,2023-07-23
SHIP06320,CUST5379,Electronics,B,Road,Bangalore-Chennai,4,4,734.03,1,34.3,5553,9,10,0,2023-01-22
SHIP06321,CUST1606,Home & Garden,B,Road,Hyderabad-Pune,1,1,1589.81,8,9.6,5984,3,5,0,2023-11-10
SHIP06322,CUST7156,Fashion,C,Flight,Delhi-Mumbai,5,3,3778.49,1,43.4,4413,4,4,1,2023-01-01
SHIP06323,CUST2295,Home & Garden,A,Road,Hyderabad-Pune,3,4,3735.61,5,25.1,1710,9,13,0,2023-05-30
SHIP06324,CUST5140,Fashion,A,Flight,Delhi-Bangalore,7,2,3045.38,1,16.8,2903,4,8,0,2023-04-28
SHIP06325,CUST3534,Fashion,B,Flight,Bangalore-Chennai,5,4,1286.8,7,53.7,2369,5,9,0,2023-09-22
SHIP06326,CUST8285,Electronics,F,Road,Delhi-Bangalore,5,1,2160.99,2,28.8,4622,9,9,1,2023-05-19
SHIP06327,CUST8788,Books,B,Road,Mumbai-Chennai,1,2,2040.41,8,48.8,1330,6,5,1,2023-10-06
SHIP06328,CUST6817,Books,C,Ship,Kolkata-Delhi,6,3,4520.29,6,43.5,4713,3,7,0,2023-03-26
SHIP06329,CUST9060,Fashion,D,Road,Kolkata-Delhi,6,3,3801.36,2,37.6,2079,9,10,0,2023-02-03
SHIP06330,CUST6316,Books,C,Flight,Mumbai-Chennai,3,1,1376.08,3,0.3,1592,6,10,0,2023-07-16
SHIP06331,CUST4583,Sporting Goods,B,Flight,Delhi-Mumbai,2,1,2962.96,2,62.4,5155,8,11,0,2023-01-01
SHIP06332,CUST4299,Cosmetics,C,Flight,Mumbai-Chennai,4,4,1081.87,0,24.6,5676,6,11,0,2023-06-08
SHIP06333,CUST5700,Sporting Goods,C,Ship,Kolkata-Delhi,4,3,1625.35,5,4.3,4793,8,11,0,2023-01-28
SHIP06334,CUST3493,Books,B,Ship,Delhi-Mumbai,2,5,2566.63,4,37.6,6391,4,6,0,2023-12-06
SHIP06335,CUST5861,Home & Garden,C,Ship,Kolkata-Delhi,3,2,4107.15,8,9.2,5463,5,8,0,2023-05-17
SHIP06336,CUST8993,Sporting Goods,C,Flight,Delhi-Mumbai,1,1,417.56,5,28.2,5727,3,3,1,2023-12-31
SHIP06337,CUST1825,Fashion,D,Flight,Hyderabad-Pune,4,3,1577.21,2,54.3,1942,10,12,0,2023-11-02
SHIP06338,CUST9575,Sporting Goods,B,Road,Hyderabad-Pune,4,5,2484.5,7,62.4,5757,9,12,0,2023-07-28
SHIP06339,CUST9192,Home & Garden,F,Flight,Delhi-Bangalore,7,3,2421.13,2,52.3,6455,6,11,0,2023-05-31
SHIP06340,CUST6175,Fashion,D,Ship,Mumbai-Chennai,6,4,3008.57,8,4.5,4745,6,10,0,2023-02-13
SHIP06341,CUST1388,Electronics,A,Road,Mumbai-Chennai,3,3,2351.32,1,11.7,4041,8,11,0,2023-03-03
SHIP06342,CUST9863,Home & Garden,F,Ship,Bangalore-Chennai,1,2,4032.63,3,10.9,5247,10,10,1,2023-09-02
SHIP06343,CUST1844,Cosmetics,F,Road,Kolkata-Delhi,6,1,2445.35,3,51.8,6431,10,15,0,2023-11-26
SHIP06344,CUST1950,Sporting Goods,A,Flight,Bangalore-Chennai,7,3,2316.55,2,11.6,2191,5,6,0,2023-12-07
SHIP06345,CUST3210,Cosmetics,A,Ship,Kolkata-Delhi,3,3,805.18,8,33.8,2688,5,5,1,2023-12-26
SHIP06346,CUST2310,Fashion,C,Ship,Delhi-Bangalore,3,5,1023.06,0,46.7,1644,5,4,1,2023-11-11
SHIP06347,CUST7643,Books,D,Ship,Kolkata-Delhi,5,3,2449.91,0,8.7,6863,7,12,0,2023-06-19
SHIP06348,CUST5766,Sporting Goods,C,Flight,Bangalore-Chennai,4,1,1416.43,7,15.2,6282,6,10,0,2023-10-31
SHIP06349,CUST3000,Fashion,D,Ship,Delhi-Mumbai,5,2,4149.22,7,17.0,2586,3,6,0,2023-03-20
SHIP06350,CUST5735,Books,D,Flight,Delhi-Bangalore,3,1,2737.1,1,62.4,3952,4,6,0,2023-10-30
SHIP06351,CUST7081,Electronics,C,Ship,Delhi-Bangalore,1,5,2066.12,4,60.1,5982,10,14,0,2023-08-08
SHIP06352,CUST5961,Electronics,C,Ship,Kolkata-Delhi,4,2,2607.03,1,35.9,5998,5,4,1,2023-10-22
SHIP06353,CUST5933,Electronics,B,Ship,Delhi-Bangalore,2,3,1187.44,5,21.5,5945,3,6,0,2023-06-29
SHIP06354,CUST8357,Fashion,A,Road,Bangalore-Chennai,3,4,177.58,6,46.1,3407,8,8,1,2023-11-02
SHIP06355,CUST3842,Fashion,C,Road,Kolkata-Delhi,7,2,3128.89,6,30.1,1387,5,4,1,2023-11-07
SHIP06356,CUST1699,Cosmetics,A,Ship,Bangalore-Chennai,7,1,3545.86,0,14.6,2328,10,15,0,2023-02-14
SHIP06357,CUST5092,Home & Garden,C,Ship,Delhi-Bangalore,6,4,3631.69,4,20.7,4520,6,10,0,2023-03-23
SHIP06358,CUST3252,Cosmetics,D,Road,Mumbai-Chennai,1,2,495.88,6,14.3,5163,8,10,0,2023-01-20
SHIP06359,CUST7270,Fashion,B,Ship,Hyderabad-Pune,6,4,801.23,8,53.1,2784,5,6,0,2023-06-10
SHIP06360,CUST1809,Sporting Goods,F,Flight,Bangalore-Chennai,1,4,2953.65,1,0.3,1783,9,13,0,2023-12-25
SHIP06361,CUST8532,Electronics,A,Road,Delhi-Mumbai,4,3,1080.32,5,37.4,6412,8,12,0,2023-01-16
SHIP06362,CUST2032,Home & Garden,B,Road,Delhi-Bangalore,1,5,936.18,3,42.5,2946,8,12,0,2023-12-05
SHIP06363,CUST5507,Books,F,Flight,Delhi-Mumbai,6,1,1664.28,2,46.6,6592,7,7,1,2023-11-30
SHIP06364,CUST5309,Sporting Goods,D,Ship,Bangalore-Chennai,3,4,3324.34,3,58.8,6539,3,2,1,2023-08-02
SHIP06365,CUST7557,Books,C,Road,Delhi-Bangalore,5,5,2224.0,8,40.2,5608,5,6,0,2023-07-26
SHIP06366,CUST2692,Fashion,D,Flight,Hyderabad-Pune,6,5,1044.01,0,2.2,3550,9,12,0,2023-01-06
SHIP06367,CUST3765,Books,C,Road,Mumbai-Chennai,3,2,3735.62,2,54.6,1740,10,12,0,2023-05-24
SHIP06368,CUST6955,Electronics,B,Flight,Kolkata-Delhi,7,5,421.41,8,11.8,4595,6,6,1,2023-06-22
SHIP06369,CUST4034,Electronics,B,Flight,Hyderabad-Pune,6,1,2828.76,6,1.3,2057,5,8,0,2023-08-23
SHIP06370,CUST7724,Home & Garden,A,Ship,Bangalore-Chennai,2,3,4160.47,4,63.7,1081,9,9,1,2023-02-07
SHIP06371,CUST8864,Cosmetics,A,Road,Bangalore-Chennai,5,4,659.4,7,31.0,6107,6,7,0,2023-02-19
SHIP06372,CUST5876,Electronics,C,Flight,Delhi-Mumbai,3,2,312.26,8,61.4,4471,6,9,0,2023-07-13
SHIP06373,CUST9087,Books,F,Flight,Delhi-Bangalore,3,5,3462.01,3,0.9,6705,9,13,0,2023-06-02
SHIP06374,CUST3120,Cosmetics,F,Flight,Delhi-Mumbai,3,2,3324.35,4,52.8,1997,4,9,0,2023-03-18
SHIP06375,CUST6680,Electronics,F,Road,Delhi-Bangalore,2,1,3794.91,2,47.0,6086,10,15,0,2023-01-07
SHIP06376,CUST5501,Electronics,F,Flight,Bangalore-Chennai,1,4,1543.49,3,34.5,3170,6,6,1,2023-04-03
SHIP06377,CUST4972,Fashion,C,Road,Delhi-Bangalore,5,4,1453.84,0,9.1,1920,4,6,0,2023-03-13
SHIP06378,CUST3487,Cosmetics,D,Ship,Delhi-Bangalore,5,2,3998.94,1,64.1,4364,6,6,1,2023-03-11
SHIP06379,CUST7364,Home & Garden,B,Road,Hyderabad-Pune,3,3,3727.43,2,39.9,5153,8,11,0,2023-01-20
SHIP06380,CUST4867,Electronics,F,Road,Delhi-Mumbai,3,5,4885.98,0,39.9,4200,9,11,0,2023-12-26
SHIP06381,CUST5852,Cosmetics,B,Flight,Delhi-Mumbai,4,4,1239.81,1,35.6,5393,3,8,0,2023-12-04
SHIP06382,CUST8665,Cosmetics,C,Ship,Delhi-Bangalore,3,5,3378.56,4,41.4,5669,8,11,0,2023-05-01
SHIP06383,CUST4997,Fashion,B,Road,Mumbai-Chennai,6,2,4927.69,3,55.3,3682,8,12,0,2023-12-01
SHIP06384,CUST9621,Home & Garden,C,Ship,Delhi-Bangalore,6,5,3133.97,2,21.1,3177,3,5,0,2023-10-22
SHIP06385,CUST3884,Cosmetics,F,Ship,Kolkata-Delhi,4,3,3793.9,8,23.7,6260,10,14,0,2023-02-15
SHIP06386,CUST9961,Books,D,Road,Hyderabad-Pune,2,4,3769.54,8,23.2,3588,9,14,0,2023-09-05
SHIP06387,CUST1864,Books,A,Ship,Hyderabad-Pune,6,2,2163.26,6,64.2,2854,4,4,1,2023-09-03
SHIP06388,CUST6250,Home & Garden,C,Flight,Kolkata-Delhi,6,3,609.23,4,40.6,3279,10,9,1,2023-12-24
SHIP06389,CUST9816,Cosmetics,A,Flight,Mumbai-Chennai,1,5,1593.99,3,41.5,5546,5,5,1,2023-12-24
SHIP06390,CUST9432,Electronics,C,Road,Delhi-Mumbai,1,1,4876.49,1,37.5,3820,5,5,1,2023-07-01
SHIP06391,CUST6045,Books,B,Road,Hyderabad-Pune,1,4,1594.74,5,32.8,6891,3,7,0,2023-06-04
SHIP06392,CUST2786,Electronics,D,Road,Delhi-Bangalore,3,3,595.17,7,50.8,4267,3,7,0,2023-09-28
SHIP06393,CUST5468,Home & Garden,C,Flight,Mumbai-Chennai,7,5,877.23,7,27.1,2114,6,7,0,2023-12-29
SHIP06394,CUST6849,Sporting Goods,D,Ship,Delhi-Bangalore,1,3,312.88,1,24.9,1183,8,11,0,2023-05-10
SHIP06395,CUST5943,Books,F,Flight,Kolkata-Delhi,4,4,2221.63,1,38.0,1390,5,7,0,2023-09-23
SHIP06396,CUST7582,Fashion,D,Flight,Mumbai-Chennai,3,3,3351.0,7,40.5,3434,5,8,0,2023-08-27
SHIP06397,CUST4103,Cosmetics,D,Flight,Delhi-Mumbai,1,4,904.86,5,13.2,2465,6,5,1,2023-12-15
SHIP06398,CUST7517,Fashion,F,Road,Delhi-Mumbai,5,4,3224.12,3,57.4,6255,5,8,0,2023-04-27
SHIP06399,CUST5091,Books,D,Road,Delhi-Bangalore,4,3,4828.2,3,5.1,3679,10,11,0,2023-11-07
SHIP06400,CUST8729,Electronics,B,Road,Hyderabad-Pune,3,4,3363.99,8,21.8,6214,9,9,1,2023-01-12
SHIP06401,CUST5262,Home & Garden,B,Road,Delhi-Bangalore,3,1,605.87,3,57.2,3455,3,5,0,2023-10-27
SHIP06402,CUST9899,Home & Garden,A,Flight,Hyderabad-Pune,4,4,3476.64,0,25.8,3176,9,13,0,2023-04-03
SHIP06403,CUST6578,Home & Garden,A,Ship,Kolkata-Delhi,3,1,707.88,6,0.0,3985,10,11,0,2023-01-03
SHIP06404,CUST5548,Cosmetics,F,Flight,Bangalore-Chennai,1,2,1237.62,2,36.1,6796,10,14,0,2023-01-23
SHIP06405,CUST7560,Sporting Goods,C,Flight,Mumbai-Chennai,2,5,2125.03,3,49.2,6066,6,7,0,2023-09-08
SHIP06406,CUST5651,Cosmetics,A,Flight,Bangalore-Chennai,4,3,4407.06,1,27.5,4460,3,6,0,2023-06-10
SHIP06407,CUST5550,Sporting Goods,F,Road,Kolkata-Delhi,1,3,4246.81,6,0.9,5559,10,11,0,2023-12-19
SHIP06408,CUST4336,Home & Garden,F,Ship,Mumbai-Chennai,6,1,109.24,6,43.5,4859,3,4,0,2023-05-26
SHIP06409,CUST8072,Electronics,B,Road,Bangalore-Chennai,3,3,1188.29,0,42.6,6720,3,8,0,2023-08-17
SHIP06410,CUST5600,Electronics,C,Ship,Kolkata-Delhi,3,2,3727.99,2,34.9,3013,10,14,0,2023-04-07
SHIP06411,CUST5848,Fashion,F,Ship,Delhi-Mumbai,7,5,4342.81,8,63.8,6788,6,5,1,2023-11-08
SHIP06412,CUST8437,Home & Garden,A,Ship,Bangalore-Chennai,4,1,220.38,2,63.0,4470,8,13,0,2023-04-07
SHIP06413,CUST9404,Cosmetics,A,Road,Hyderabad-Pune,6,3,740.5,0,24.9,3411,10,11,0,2023-06-25
SHIP06414,CUST1506,Fashion,F,Ship,Mumbai-Chennai,2,4,1803.85,5,9.7,1178,10,13,0,2023-03-08
SHIP06415,CUST5703,Sporting Goods,A,Ship,Delhi-Mumbai,2,3,601.77,7,50.5,4207,8,8,1,2023-10-03
SHIP06416,CUST5877,Cosmetics,D,Ship,Delhi-Bangalore,5,1,3828.78,4,62.2,1870,4,7,0,2023-06-23
SHIP06417,CUST8278,Electronics,A,Ship,Hyderabad-Pune,2,3,427.13,6,16.0,3380,8,12,0,2023-01-20
SHIP06418,CUST9779,Home & Garden,F,Road,Bangalore-Chennai,6,5,3930.4,5,57.6,6797,10,12,0,2023-07-08
SHIP06419,CUST1030,Cosmetics,F,Ship,Bangalore-Chennai,6,3,3920.41,6,60.7,2736,10,12,0,2023-04-02
SHIP06420,CUST4031,Electronics,F,Flight,Kolkata-Delhi,7,1,2444.71,4,13.0,4448,10,9,1,2023-12-14
SHIP06421,CUST8874,Fashion,B,Flight,Mumbai-Chennai,1,3,1813.06,8,21.3,2017,7,11,0,2023-02-12
SHIP06422,CUST1252,Sporting Goods,A,Ship,Delhi-Mumbai,1,2,1954.44,0,0.8,1836,5,8,0,2023-10-27
SHIP06423,CUST5458,Sporting Goods,F,Ship,Mumbai-Chennai,1,2,3043.73,6,44.0,4707,3,5,0,2023-04-30
SHIP06424,CUST9734,Cosmetics,B,Road,Kolkata-Delhi,1,2,1373.11,0,44.0,5466,10,15,0,2023-02-03
SHIP06425,CUST3808,Home & Garden,C,Flight,Bangalore-Chennai,7,5,1492.91,3,39.9,4859,5,9,0,2023-01-23
SHIP06426,CUST6314,Cosmetics,D,Road,Bangalore-Chennai,5,2,146.9,2,6.8,3631,7,7,1,2023-03-18
SHIP06427,CUST4226,Fashion,B,Ship,Delhi-Bangalore,6,1,435.89,3,35.7,4145,6,9,0,2023-03-24
SHIP06428,CUST8638,Fashion,B,Flight,Kolkata-Delhi,1,1,3026.47,4,12.5,1804,5,5,1,2023-07-23
SHIP06429,CUST7358,Fashion,F,Flight,Hyderabad-Pune,5,2,1311.19,5,61.4,2715,7,9,0,2023-06-17
SHIP06430,CUST5212,Home & Garden,C,Road,Kolkata-Delhi,5,1,1564.66,8,13.1,4210,4,7,0,2023-11-25
SHIP06431,CUST2617,Cosmetics,F,Road,Hyderabad-Pune,1,1,4306.24,7,29.7,1474,6,7,0,2023-09-08
SHIP06432,CUST7009,Home & Garden,A,Flight,Mumbai-Chennai,1,1,813.22,5,26.2,3481,9,12,0,2023-07-20
SHIP06433,CUST8723,Cosmetics,A,Flight,Delhi-Bangalore,1,1,1656.99,3,21.5,1703,4,5,0,2023-01-18
SHIP06434,CUST9306,Fashion,C,Road,Bangalore-Chennai,4,5,2907.72,2,39.7,1480,6,8,0,2023-02-21
SHIP06435,CUST9877,Home & Garden,F,Flight,Hyderabad-Pune,7,5,519.72,2,33.4,6532,3,5,0,2023-08-17
SHIP06436,CUST8104,Sporting Goods,D,Ship,Delhi-Bangalore,5,2,1382.04,8,28.0,4354,5,4,1,2023-08-25
SHIP06437,CUST7491,Electronics,C,Road,Bangalore-Chennai,1,1,2707.86,0,21.9,2942,7,9,0,2023-02-12
SHIP06438,CUST1214,Books,D,Road,Kolkata-Delhi,1,1,3519.14,4,1.4,4800,8,7,1,2023-11-16
SHIP06439,CUST4791,Home & Garden,D,Ship,Delhi-Mumbai,5,2,2037.78,3,31.4,3458,9,11,0,2023-01-11
SHIP06440,CUST7146,Fashion,B,Road,Mumbai-Chennai,1,4,1376.11,6,10.9,5616,9,14,0,2023-05-25
SHIP06441,CUST4549,Books,C,Road,Delhi-Bangalore,1,1,2024.71,4,36.7,1502,6,10,0,2023-10-06
SHIP06442,CUST3103,Home & Garden,D,Flight,Delhi-Mumbai,1,4,479.69,4,55.7,1205,10,9,1,2023-10-30
SHIP06443,CUST9792,Cosmetics,C,Road,Kolkata-Delhi,4,2,4537.02,1,47.5,1387,6,7,0,2023-04-02
SHIP06444,CUST7317,Electronics,B,Flight,Hyderabad-Pune,1,2,4984.53,1,22.4,1300,4,6,0,2023-07-16
SHIP06445,CUST2359,Electronics,B,Road,Delhi-Bangalore,3,5,697.34,0,15.8,3556,8,10,0,2023-11-05
SHIP06446,CUST4095,Electronics,D,Flight,Bangalore-Chennai,2,2,555.72,5,63.3,5104,8,8,1,2023-10-21
SHIP06447,CUST8813,Sporting Goods,A,Ship,Kolkata-Delhi,7,4,3363.42,8,42.5,3798,4,3,1,2023-07-04
SHIP06448,CUST3382,Sporting Goods,A,Flight,Delhi-Bangalore,5,4,3381.18,2,17.0,1609,6,11,0,2023-08-15
SHIP06449,CUST4048,Sporting Goods,D,Ship,Delhi-Bangalore,1,1,3435.05,8,52.9,3684,10,15,0,2023-11-22
SHIP06450,CUST4487,Home & Garden,B,Ship,Bangalore-Chennai,1,2,564.22,8,56.0,6992,3,6,0,2023-05-30
SHIP06451,CUST3758,Sporting Goods,A,Flight,Mumbai-Chennai,3,4,314.72,5,59.9,3313,5,8,0,2023-09-26
SHIP06452,CUST2529,Fashion,C,Road,Bangalore-Chennai,3,3,1042.21,4,19.0,2763,6,6,1,2023-04-01
SHIP06453,CUST8643,Sporting Goods,A,Ship,Mumbai-Chennai,6,1,4208.96,8,45.0,5890,5,5,1,2023-01-31
SHIP06454,CUST9857,Books,A,Flight,Bangalore-Chennai,4,2,1295.94,3,26.1,3003,7,11,0,2023-01-27
SHIP06455,CUST8603,Fashion,F,Flight,Delhi-Mumbai,3,2,1514.42,3,23.5,4910,8,7,1,2023-01-23
SHIP06456,CUST5714,Books,A,Road,Mumbai-Chennai,4,1,2277.49,5,20.7,2600,7,6,1,2023-06-26
SHIP06457,CUST2973,Sporting Goods,D,Ship,Bangalore-Chennai,3,1,1212.3,0,0.3,2548,10,13,0,2023-01-20
SHIP06458,CUST7851,Electronics,B,Road,Hyderabad-Pune,5,2,1947.09,2,44.4,2866,7,6,1,2023-10-31
SHIP06459,CUST2822,Home & Garden,D,Road,Kolkata-Delhi,4,4,4717.52,2,13.1,5346,9,8,1,2023-10-06
SHIP06460,CUST1481,Books,C,Flight,Mumbai-Chennai,3,2,1065.65,0,50.8,2707,8,7,1,2023-08-20
SHIP06461,CUST2726,Fashion,B,Ship,Hyderabad-Pune,1,1,3959.16,1,45.8,3182,8,12,0,2023-01-11
SHIP06462,CUST6810,Books,F,Ship,Delhi-Bangalore,1,2,4334.21,5,4.9,1357,6,7,0,2023-02-24
SHIP06463,CUST9883,Sporting Goods,C,Ship,Kolkata-Delhi,4,3,3045.68,3,22.2,1769,3,7,0,2023-11-06
SHIP06464,CUST1399,Sporting Goods,A,Flight,Bangalore-Chennai,3,2,4464.58,8,25.5,4296,7,12,0,2023-01-30
SHIP06465,CUST8921,Books,C,Flight,Kolkata-Delhi,6,1,4638.79,4,39.0,6952,5,10,0,2023-02-14
SHIP06466,CUST5860,Sporting Goods,F,Flight,Bangalore-Chennai,5,5,2939.73,6,57.9,5661,8,8,1,2023-03-13
SHIP06467,CUST1775,Cosmetics,D,Road,Mumbai-Chennai,1,4,1696.92,8,30.2,1597,4,6,0,2023-01-16
SHIP06468,CUST6702,Electronics,D,Ship,Mumbai-Chennai,3,1,3210.16,6,28.8,6167,8,8,1,2023-11-14
SHIP06469,CUST5534,Home & Garden,C,Flight,Kolkata-Delhi,7,3,3258.59,8,60.9,6583,8,8,1,2023-01-14
SHIP06470,CUST7613,Fashion,B,Road,Mumbai-Chennai,7,2,4903.02,5,0.6,5394,4,7,0,2023-11-18
SHIP06471,CUST3082,Cosmetics,C,Road,Bangalore-Chennai,6,1,1979.09,6,48.4,6115,8,7,1,2023-02-28
SHIP06472,CUST6566,Cosmetics,D,Ship,Mumbai-Chennai,6,5,2863.34,3,9.5,6273,8,8,1,2023-01-13
SHIP06473,CUST5461,Cosmetics,C,Flight,Delhi-Bangalore,6,5,825.09,6,38.9,2289,4,7,0,2023-08-25
SHIP06474,CUST2503,Books,F,Flight,Bangalore-Chennai,4,5,558.97,8,36.6,1954,10,14,0,2023-07-21
SHIP06475,CUST1645,Sporting Goods,D,Road,Mumbai-Chennai,1,2,4762.72,3,54.5,3726,3,3,1,2023-11-28
SHIP06476,CUST5081,Electronics,F,Ship,Hyderabad-Pune,3,4,2826.44,8,10.3,5290,3,2,1,2023-12-08
SHIP06477,CUST4018,Electronics,F,Road,Kolkata-Delhi,3,2,4047.98,7,32.4,5284,7,12,0,2023-03-14
SHIP06478,CUST6792,Cosmetics,B,Flight,Hyderabad-Pune,1,1,4173.57,6,64.8,1435,9,8,1,2023-04-03
SHIP06479,CUST4981,Fashion,F,Flight,Mumbai-Chennai,7,4,3798.77,7,17.3,3084,10,10,1,2023-08-15
SHIP06480,CUST3701,Fashion,F,Flight,Delhi-Mumbai,5,5,714.48,2,26.6,1053,3,6,0,2023-07-04
SHIP06481,CUST8104,Sporting Goods,B,Road,Hyderabad-Pune,5,4,2406.04,8,11.6,3518,9,10,0,2023-09-02
SHIP06482,CUST8553,Sporting Goods,D,Road,Delhi-Mumbai,3,2,2681.36,7,33.2,5882,4,9,0,2023-12-24
SHIP06483,CUST9600,Cosmetics,D,Road,Delhi-Bangalore,6,3,696.63,5,18.8,2013,5,6,0,2023-10-19
SHIP06484,CUST8784,Cosmetics,B,Flight,Hyderabad-Pune,4,4,4207.84,8,64.5,2122,8,10,0,2023-02-05
SHIP06485,CUST6702,Home & Garden,C,Ship,Mumbai-Chennai,4,3,3072.41,8,14.9,3200,8,10,0,2023-08-08
SHIP06486,CUST6658,Fashion,B,Ship,Hyderabad-Pune,5,2,619.11,5,64.9,3036,6,5,1,2023-11-01
SHIP06487,CUST9379,Books,D,Flight,Mumbai-Chennai,5,2,4082.41,8,36.5,4483,3,4,0,2023-12-07
SHIP06488,CUST2699,Cosmetics,C,Ship,Mumbai-Chennai,1,5,4305.56,6,40.6,3688,10,9,1,2023-11-06
SHIP06489,CUST8770,Electronics,D,Road,Mumbai-Chennai,7,2,1571.06,0,39.9,6730,9,11,0,2023-12-09
SHIP06490,CUST2770,Fashion,F,Ship,Mumbai-Chennai,4,3,3361.06,5,53.3,1348,8,11,0,2023-07-12
SHIP06491,CUST2050,Sporting Goods,C,Road,Delhi-Mumbai,1,4,277.91,0,62.7,6374,3,4,0,2023-06-06
SHIP06492,CUST4810,Home & Garden,F,Flight,Delhi-Mumbai,3,4,1667.49,8,62.6,5933,7,7,1,2023-07-12
SHIP06493,CUST5207,Sporting Goods,D,Road,Bangalore-Chennai,2,5,3580.81,1,13.0,4889,6,7,0,2023-01-16
SHIP06494,CUST8710,Electronics,B,Road,Delhi-Bangalore,7,1,3851.15,1,18.2,1918,3,5,0,2023-09-25
SHIP06495,CUST1925,Cosmetics,A,Flight,Hyderabad-Pune,2,1,2421.63,7,58.4,3239,5,7,0,2023-11-20
SHIP06496,CUST6618,Cosmetics,C,Ship,Delhi-Mumbai,3,1,3271.95,8,2.4,1075,9,11,0,2023-01-11
SHIP06497,CUST3491,Cosmetics,A,Road,Kolkata-Delhi,2,1,4772.9,1,40.0,1064,3,2,1,2023-09-28
SHIP06498,CUST8865,Electronics,F,Ship,Hyderabad-Pune,1,3,899.85,2,61.8,6225,9,14,0,2023-10-02
SHIP06499,CUST5598,Home & Garden,D,Flight,Mumbai-Chennai,1,3,3894.08,7,38.5,3404,9,9,1,2023-12-27
SHIP06500,CUST3316,Fashion,A,Ship,Delhi-Mumbai,2,5,3250.48,5,50.9,1212,5,9,0,2023-06-29
SHIP06501,CUST5292,Books,B,Flight,Hyderabad-Pune,2,2,1890.03,1,60.0,5175,10,15,0,2023-07-31
SHIP06502,CUST1655,Electronics,C,Flight,Kolkata-Delhi,3,3,517.75,6,59.5,4470,6,10,0,2023-08-29
SHIP06503,CUST6334,Books,F,Road,Mumbai-Chennai,6,5,4120.48,4,31.2,1649,5,4,1,2023-05-27
SHIP06504,CUST4660,Cosmetics,A,Flight,Bangalore-Chennai,3,4,2810.54,2,43.7,6214,9,13,0,2023-11-28
SHIP06505,CUST5231,Books,A,Flight,Mumbai-Chennai,6,1,4599.1,4,21.8,4729,9,12,0,2023-02-02
SHIP06506,CUST1267,Electronics,D,Ship,Bangalore-Chennai,2,4,1737.11,1,6.7,2395,3,2,1,2023-05-25
SHIP06507,CUST4746,Electronics,F,Road,Delhi-Bangalore,5,3,1713.76,0,5.9,1234,9,13,0,2023-02-09
SHIP06508,CUST7063,Sporting Goods,C,Ship,Mumbai-Chennai,6,2,1692.03,2,56.7,2941,4,6,0,2023-02-14
SHIP06509,CUST5925,Fashion,A,Road,Kolkata-Delhi,3,5,4159.76,5,42.3,3296,10,9,1,2023-11-10
SHIP06510,CUST1197,Books,F,Road,Mumbai-Chennai,5,5,862.75,8,9.1,1944,7,6,1,2023-10-09
SHIP06511,CUST7980,Fashion,A,Road,Delhi-Bangalore,5,4,4991.74,2,42.7,3776,8,13,0,2023-06-06
SHIP06512,CUST4748,Fashion,F,Road,Hyderabad-Pune,3,2,1579.16,1,64.3,2461,4,7,0,2023-09-14
SHIP06513,CUST9938,Books,D,Flight,Hyderabad-Pune,2,3,1543.55,7,0.8,3778,9,9,1,2023-11-02
SHIP06514,CUST4122,Sporting Goods,F,Ship,Delhi-Bangalore,2,3,247.92,1,29.0,5115,8,9,0,2023-07-05
SHIP06515,CUST4482,Sporting Goods,B,Flight,Kolkata-Delhi,5,2,2841.58,7,22.9,5255,8,10,0,2023-06-06
SHIP06516,CUST1720,Cosmetics,F,Road,Delhi-Mumbai,1,3,697.39,3,7.1,4579,10,12,0,2023-09-26
SHIP06517,CUST4588,Fashion,F,Flight,Bangalore-Chennai,6,2,1398.58,8,31.6,2836,5,8,0,2023-11-16
SHIP06518,CUST7145,Fashion,F,Flight,Bangalore-Chennai,6,5,1508.77,8,4.8,6240,9,14,0,2023-05-08
SHIP06519,CUST8979,Home & Garden,F,Road,Kolkata-Delhi,2,5,4432.34,8,34.2,4006,7,12,0,2023-07-10
SHIP06520,CUST5940,Home & Garden,A,Ship,Mumbai-Chennai,2,3,2366.58,1,63.2,4600,3,7,0,2023-08-23
SHIP06521,CUST1632,Electronics,B,Ship,Delhi-Mumbai,2,3,3332.46,7,21.1,1802,4,9,0,2023-01-10
SHIP06522,CUST9682,Cosmetics,B,Ship,Mumbai-Chennai,5,3,4009.34,8,32.0,6712,10,14,0,2023-03-30
SHIP06523,CUST1683,Fashion,F,Road,Mumbai-Chennai,6,3,3262.39,8,11.9,5129,6,8,0,2023-01-20
SHIP06524,CUST2648,Cosmetics,B,Flight,Delhi-Mumbai,1,5,2892.03,3,33.4,5052,4,5,0,2023-07-26
SHIP06525,CUST3147,Books,F,Ship,Kolkata-Delhi,1,4,3074.44,6,55.2,5139,5,4,1,2023-09-06
SHIP06526,CUST9937,Cosmetics,F,Flight,Hyderabad-Pune,2,1,2314.32,3,60.4,2064,7,12,0,2023-05-09
SHIP06527,CUST5566,Books,F,Ship,Kolkata-Delhi,2,4,1492.98,5,54.4,6559,3,5,0,2023-03-31
SHIP06528,CUST4464,Fashion,F,Flight,Bangalore-Chennai,3,2,4469.62,4,8.9,1427,8,10,0,2023-10-20
SHIP06529,CUST5688,Electronics,F,Ship,Mumbai-Chennai,1,5,3190.11,4,22.6,2605,8,7,1,2023-03-25
SHIP06530,CUST7111,Electronics,F,Ship,Bangalore-Chennai,4,5,945.48,2,27.7,4864,10,15,0,2023-04-30
SHIP06531,CUST5185,Electronics,F,Road,Bangalore-Chennai,2,2,4671.65,8,29.4,1451,8,7,1,2023-07-07
SHIP06532,CUST8033,Books,A,Ship,Hyderabad-Pune,5,5,3942.94,3,10.1,2772,5,4,1,2023-04-22
SHIP06533,CUST5744,Home & Garden,A,Ship,Delhi-Bangalore,4,4,3290.37,0,62.7,4692,10,15,0,2023-05-24
SHIP06534,CUST8323,Books,D,Flight,Mumbai-Chennai,6,2,3833.11,7,2.4,5007,9,11,0,2023-01-04
SHIP06535,CUST7072,Books,F,Road,Delhi-Bangalore,6,2,4550.96,1,11.4,6083,4,4,1,2023-11-27
SHIP06536,CUST9324,Books,D,Road,Bangalore-Chennai,7,1,1801.13,2,13.0,1616,8,7,1,2023-02-15
SHIP06537,CUST7178,Fashion,C,Flight,Mumbai-Chennai,5,5,4466.82,4,25.7,6779,4,8,0,2023-03-26
SHIP06538,CUST6332,Home & Garden,A,Flight,Kolkata-Delhi,3,1,2887.18,3,16.5,3754,10,11,0,2023-07-17
SHIP06539,CUST6224,Books,A,Road,Mumbai-Chennai,6,1,488.77,4,51.6,3173,7,10,0,2023-03-14
SHIP06540,CUST1138,Books,C,Flight,Mumbai-Chennai,2,3,4232.73,5,19.5,2251,10,14,0,2023-07-11
SHIP06541,CUST1380,Books,B,Road,Delhi-Bangalore,4,1,933.04,7,42.1,6746,5,10,0,2023-09-14
SHIP06542,CUST1398,Home & Garden,D,Road,Kolkata-Delhi,6,5,2303.23,3,60.3,3823,7,12,0,2023-10-15
SHIP06543,CUST9514,Sporting Goods,F,Flight,Kolkata-Delhi,7,1,517.17,7,54.4,2640,5,4,1,2023-02-21
SHIP06544,CUST7925,Cosmetics,C,Ship,Mumbai-Chennai,6,5,475.48,8,23.0,4807,3,3,1,2023-09-23
SHIP06545,CUST3592,Electronics,C,Road,Kolkata-Delhi,5,5,906.41,3,36.2,3927,4,8,0,2023-08-15
SHIP06546,CUST6649,Electronics,A,Road,Hyderabad-Pune,2,3,2080.34,7,15.3,5147,8,7,1,2023-12-09
SHIP06547,CUST1064,Sporting Goods,A,Ship,Bangalore-Chennai,4,2,4256.91,4,28.0,1336,3,4,0,2023-10-05
SHIP06548,CUST2459,Home & Garden,D,Flight,Delhi-Bangalore,6,1,4874.59,1,1.7,5175,4,9,0,2023-03-04
SHIP06549,CUST6587,Cosmetics,F,Road,Delhi-Bangalore,7,5,3459.84,3,54.2,5241,7,10,0,2023-07-09
SHIP06550,CUST1316,Electronics,C,Flight,Kolkata-Delhi,4,5,4904.6,4,35.6,4532,4,4,1,2023-05-09
SHIP06551,CUST2740,Electronics,A,Flight,Mumbai-Chennai,2,5,4653.37,1,29.6,2661,4,9,0,2023-06-19
SHIP06552,CUST2613,Electronics,B,Road,Kolkata-Delhi,3,1,4547.04,3,4.7,1022,3,4,0,2023-04-07
SHIP06553,CUST8894,Fashion,C,Road,Mumbai-Chennai,6,5,3123.01,1,57.3,4909,9,13,0,2023-02-23
SHIP06554,CUST8025,Cosmetics,C,Ship,Delhi-Mumbai,7,4,4862.5,5,36.6,2604,10,10,1,2023-02-28
SHIP06555,CUST8451,Sporting Goods,D,Ship,Hyderabad-Pune,6,1,2559.19,3,32.2,3627,7,8,0,2023-05-18
SHIP06556,CUST2749,Cosmetics,F,Road,Hyderabad-Pune,2,4,3382.43,0,6.9,5535,8,13,0,2023-08-08
SHIP06557,CUST1753,Fashion,D,Ship,Bangalore-Chennai,2,4,4380.97,6,22.9,6746,4,9,0,2023-12-11
SHIP06558,CUST1707,Home & Garden,B,Flight,Delhi-Bangalore,2,4,4096.8,4,59.4,3658,10,12,0,2023-02-04
SHIP06559,CUST1917,Electronics,C,Ship,Kolkata-Delhi,7,1,2501.94,8,25.0,6853,7,9,0,2023-09-04
SHIP06560,CUST9552,Fashion,F,Flight,Bangalore-Chennai,5,3,2292.9,1,64.3,6829,6,7,0,2023-09-21
SHIP06561,CUST2324,Home & Garden,C,Flight,Mumbai-Chennai,1,2,976.23,3,8.0,3154,9,11,0,2023-06-15
SHIP06562,CUST3607,Cosmetics,C,Ship,Bangalore-Chennai,3,5,2865.05,5,51.0,4112,4,9,0,2023-05-11
SHIP06563,CUST9881,Fashion,D,Ship,Kolkata-Delhi,6,2,214.84,1,28.3,5806,8,9,0,2023-06-19
SHIP06564,CUST5371,Fashion,C,Ship,Hyderabad-Pune,7,3,4672.14,4,34.1,1482,6,9,0,2023-12-22
SHIP06565,CUST7464,Cosmetics,A,Road,Bangalore-Chennai,4,4,4898.45,4,2.0,2044,3,5,0,2023-01-11
SHIP06566,CUST1858,Electronics,F,Ship,Kolkata-Delhi,2,2,2650.52,2,36.3,5923,6,11,0,2023-04-21
SHIP06567,CUST9093,Electronics,B,Road,Kolkata-Delhi,6,4,873.34,8,10.9,5009,5,10,0,2023-06-12
SHIP06568,CUST8413,Cosmetics,B,Road,Delhi-Mumbai,4,3,1279.2,6,14.7,4643,4,9,0,2023-07-04
SHIP06569,CUST1702,Fashion,D,Ship,Hyderabad-Pune,7,3,1274.94,6,34.8,2309,9,13,0,2023-11-01
SHIP06570,CUST2210,Sporting Goods,C,Flight,Delhi-Mumbai,4,5,4745.84,3,0.7,6670,6,6,1,2023-07-30
SHIP06571,CUST7030,Cosmetics,C,Flight,Delhi-Mumbai,3,5,3012.99,8,37.7,6624,6,5,1,2023-11-19
SHIP06572,CUST9537,Fashion,F,Flight,Mumbai-Chennai,6,5,3710.46,3,64.8,1796,10,15,0,2023-06-06
SHIP06573,CUST1297,Books,B,Ship,Mumbai-Chennai,6,4,1274.1,2,61.1,1052,6,10,0,2023-11-13
SHIP06574,CUST2634,Books,D,Road,Delhi-Bangalore,2,5,2398.74,4,30.7,1712,6,10,0,2023-07-30
SHIP06575,CUST9276,Fashion,A,Flight,Hyderabad-Pune,7,1,2091.47,1,12.3,4514,4,9,0,2023-01-08
SHIP06576,CUST7050,Cosmetics,A,Ship,Mumbai-Chennai,5,5,4951.91,6,30.7,5663,5,8,0,2023-10-09
SHIP06577,CUST8091,Books,B,Road,Delhi-Mumbai,2,4,4507.91,6,39.9,1379,9,10,0,2023-03-23
SHIP06578,CUST8261,Books,B,Road,Bangalore-Chennai,6,5,3816.6,6,25.0,5716,6,6,1,2023-11-25
SHIP06579,CUST4331,Cosmetics,C,Ship,Delhi-Bangalore,5,2,3627.55,1,42.7,3825,3,6,0,2023-02-04
SHIP06580,CUST6552,Electronics,F,Ship,Delhi-Bangalore,6,1,4227.41,4,32.1,6532,9,11,0,2023-04-20
SHIP06581,CUST3139,Home & Garden,F,Road,Delhi-Mumbai,7,4,1470.29,8,63.5,2446,6,5,1,2023-02-18
SHIP06582,CUST4494,Books,B,Flight,Kolkata-Delhi,4,2,252.23,1,52.3,5819,7,6,1,2023-10-08
SHIP06583,CUST8926,Fashion,C,Road,Delhi-Bangalore,4,2,4679.7,2,3.2,5672,3,2,1,2023-05-19
SHIP06584,CUST1168,Sporting Goods,A,Road,Delhi-Mumbai,3,1,2372.42,4,43.0,5859,8,11,0,2023-12-18
SHIP06585,CUST1317,Cosmetics,F,Flight,Kolkata-Delhi,2,4,4982.01,3,40.7,5885,9,9,1,2023-03-07
SHIP06586,CUST3674,Fashion,C,Road,Hyderabad-Pune,7,2,4914.05,0,56.8,5683,7,6,1,2023-07-10
SHIP06587,CUST7561,Home & Garden,A,Flight,Delhi-Mumbai,4,3,2510.88,2,15.8,3305,3,2,1,2023-07-21
SHIP06588,CUST7438,Books,D,Flight,Kolkata-Delhi,5,5,3319.91,4,41.1,3749,6,10,0,2023-08-09
SHIP06589,CUST6868,Electronics,C,Flight,Hyderabad-Pune,7,1,3544.43,1,20.8,2100,3,3,1,2023-05-04
SHIP06590,CUST6723,Electronics,F,Flight,Delhi-Mumbai,2,1,2327.26,5,57.0,5105,10,15,0,2023-07-27
SHIP06591,CUST4310,Books,F,Road,Kolkata-Delhi,2,2,4103.14,2,38.2,2005,8,10,0,2023-11-08
SHIP06592,CUST6510,Books,D,Flight,Delhi-Bangalore,6,3,1170.9,3,38.9,5077,7,11,0,2023-11-21
SHIP06593,CUST7781,Fashion,A,Flight,Delhi-Mumbai,5,2,4676.98,7,46.5,6462,4,4,1,2023-05-06
SHIP06594,CUST7495,Electronics,F,Road,Kolkata-Delhi,7,5,3665.62,1,35.7,6531,10,14,0,2023-02-01
SHIP06595,CUST4286,Home & Garden,A,Ship,Mumbai-Chennai,7,3,1971.09,2,17.2,4690,4,6,0,2023-07-16
SHIP06596,CUST8255,Sporting Goods,C,Ship,Bangalore-Chennai,4,1,3833.18,1,12.5,3808,7,7,1,2023-01-18
SHIP06597,CUST7857,Cosmetics,A,Flight,Delhi-Bangalore,4,3,4667.82,3,54.8,1683,9,14,0,2023-06-06
SHIP06598,CUST1182,Sporting Goods,F,Road,Kolkata-Delhi,6,1,391.87,2,24.0,5324,10,11,0,2023-11-03
SHIP06599,CUST7463,Electronics,B,Flight,Delhi-Bangalore,2,3,1527.89,1,62.3,2406,5,8,0,2023-02-26
SHIP06600,CUST4667,Sporting Goods,B,Ship,Kolkata-Delhi,1,5,4659.28,2,59.7,6009,5,4,1,2023-02-07
SHIP06601,CUST8978,Fashion,D,Ship,Delhi-Bangalore,2,5,1059.36,3,43.2,1426,6,8,0,2023-01-01
SHIP06602,CUST3788,Sporting Goods,C,Ship,Delhi-Mumbai,2,3,140.99,6,54.6,2068,3,3,1,2023-04-15
SHIP06603,CUST5969,Books,F,Flight,Delhi-Mumbai,1,4,1417.37,8,32.7,2291,7,6,1,2023-09-05
SHIP06604,CUST8116,Sporting Goods,A,Road,Delhi-Bangalore,5,1,4335.71,2,30.1,5799,7,9,0,2023-12-20
SHIP06605,CUST6165,Electronics,F,Ship,Delhi-Mumbai,7,2,3891.38,6,46.9,6091,3,8,0,2023-05-18
SHIP06606,CUST3705,Books,F,Flight,Delhi-Bangalore,7,3,1147.91,8,12.3,5012,5,7,0,2023-10-10
SHIP06607,CUST8272,Home & Garden,A,Ship,Bangalore-Chennai,2,4,2757.89,0,59.4,5393,7,8,0,2023-04-26
SHIP06608,CUST4248,Fashion,A,Flight,Mumbai-Chennai,5,2,676.58,4,33.7,5356,8,10,0,2023-05-30
SHIP06609,CUST1810,Cosmetics,C,Flight,Mumbai-Chennai,4,2,1391.33,8,48.2,3232,5,7,0,2023-11-08
SHIP06610,CUST4822,Cosmetics,D,Ship,Kolkata-Delhi,2,3,992.72,0,61.2,6515,4,4,1,2023-03-11
SHIP06611,CUST8555,Fashion,B,Road,Bangalore-Chennai,3,5,1565.8,2,50.2,3062,4,7,0,2023-12-09
SHIP06612,CUST5591,Fashion,A,Flight,Delhi-Bangalore,4,4,1088.57,8,39.7,1101,8,13,0,2023-03-17
SHIP06613,CUST2862,Fashion,A,Road,Bangalore-Chennai,5,4,3537.44,3,42.9,6439,10,15,0,2023-07-13
SHIP06614,CUST1396,Fashion,B,Ship,Bangalore-Chennai,2,4,3872.96,8,64.1,4428,8,9,0,2023-01-22
SHIP06615,CUST8819,Books,A,Flight,Kolkata-Delhi,1,2,2466.33,0,50.1,2904,8,7,1,2023-03-22
SHIP06616,CUST1138,Books,A,Ship,Hyderabad-Pune,1,1,635.96,8,3.2,5647,5,4,1,2023-01-28
SHIP06617,CUST3757,Electronics,A,Ship,Hyderabad-Pune,7,5,2457.19,1,21.7,3378,5,10,0,2023-10-14
SHIP06618,CUST3630,Cosmetics,C,Flight,Delhi-Mumbai,7,1,4376.67,6,11.5,3304,4,6,0,2023-09-15
SHIP06619,CUST7006,Home & Garden,B,Road,Kolkata-Delhi,1,5,2443.39,1,20.6,3478,5,8,0,2023-07-01
SHIP06620,CUST1840,Home & Garden,F,Road,Delhi-Bangalore,2,5,1211.27,1,45.3,5342,5,5,1,2023-12-30
SHIP06621,CUST5169,Sporting Goods,D,Ship,Delhi-Bangalore,3,2,4988.16,6,26.3,3556,10,11,0,2023-06-09
SHIP06622,CUST5199,Sporting Goods,C,Ship,Delhi-Bangalore,1,5,212.47,1,48.5,2833,10,10,1,2023-11-03
SHIP06623,CUST8108,Books,A,Road,Kolkata-Delhi,6,1,3713.42,7,42.2,3084,4,3,1,2023-02-04
SHIP06624,CUST5473,Electronics,F,Ship,Mumbai-Chennai,1,5,3556.16,0,24.1,2433,6,5,1,2023-03-24
SHIP06625,CUST9189,Home & Garden,A,Flight,Delhi-Mumbai,5,1,3775.7,4,62.0,6612,6,6,1,2023-06-29
SHIP06626,CUST5576,Cosmetics,B,Road,Bangalore-Chennai,5,1,1696.49,7,37.7,6349,4,5,0,2023-02-12
SHIP06627,CUST6485,Cosmetics,B,Road,Bangalore-Chennai,4,4,2795.63,1,33.9,1838,4,8,0,2023-06-26
SHIP06628,CUST4066,Cosmetics,A,Road,Delhi-Bangalore,7,4,798.56,3,41.1,6435,9,9,1,2023-10-12
SHIP06629,CUST8588,Books,B,Road,Hyderabad-Pune,3,5,1222.18,5,57.0,3181,4,7,0,2023-02-13
SHIP06630,CUST5391,Books,D,Ship,Bangalore-Chennai,2,1,2813.52,7,1.3,4200,3,4,0,2023-06-13
SHIP06631,CUST7907,Electronics,A,Road,Mumbai-Chennai,3,4,2151.88,0,41.6,5037,5,7,0,2023-10-11
SHIP06632,CUST9529,Cosmetics,D,Flight,Delhi-Bangalore,2,2,4153.7,8,48.3,5265,9,13,0,2023-03-22
SHIP06633,CUST6247,Sporting Goods,F,Ship,Mumbai-Chennai,5,4,3488.17,5,10.8,6930,8,13,0,2023-03-21
SHIP06634,CUST5053,Books,A,Flight,Delhi-Bangalore,5,3,4033.45,1,63.6,2593,8,11,0,2023-01-16
SHIP06635,CUST3125,Electronics,C,Road,Hyderabad-Pune,3,4,4887.39,1,29.3,2923,4,4,1,2023-07-02
SHIP06636,CUST7727,Fashion,A,Road,Kolkata-Delhi,7,2,612.06,5,29.4,4501,4,7,0,2023-04-05
SHIP06637,CUST6301,Sporting Goods,D,Road,Kolkata-Delhi,1,1,2893.34,4,63.1,6687,8,9,0,2023-04-06
SHIP06638,CUST1008,Sporting Goods,A,Ship,Kolkata-Delhi,3,3,4541.78,5,19.8,5470,4,3,1,2023-08-05
SHIP06639,CUST6405,Electronics,F,Flight,Mumbai-Chennai,1,1,340.08,8,59.7,2594,9,8,1,2023-11-27
SHIP06640,CUST2899,Home & Garden,C,Flight,Delhi-Mumbai,1,3,2368.34,7,62.6,1497,3,5,0,2023-12-18
SHIP06641,CUST2712,Fashion,A,Ship,Hyderabad-Pune,3,2,4552.12,7,5.0,1500,6,10,0,2023-08-25
SHIP06642,CUST8062,Electronics,D,Ship,Delhi-Bangalore,5,4,3135.16,8,4.2,3878,6,8,0,2023-07-17
SHIP06643,CUST6515,Cosmetics,A,Flight,Hyderabad-Pune,6,3,4769.59,1,21.5,3181,7,11,0,2023-12-10
SHIP06644,CUST6138,Books,A,Road,Delhi-Mumbai,1,4,4042.36,1,21.9,6127,5,7,0,2023-12-21
SHIP06645,CUST4627,Electronics,D,Ship,Delhi-Bangalore,1,1,4211.05,0,1.9,6523,9,10,0,2023-05-23
SHIP06646,CUST3793,Electronics,F,Ship,Delhi-Bangalore,3,1,4337.31,6,33.3,5196,8,13,0,2023-11-29
SHIP06647,CUST5742,Sporting Goods,D,Ship,Bangalore-Chennai,5,4,2527.84,8,16.6,3173,6,5,1,2023-02-14
SHIP06648,CUST3463,Electronics,F,Ship,Kolkata-Delhi,7,1,1972.21,2,40.7,5093,7,6,1,2023-12-03
SHIP06649,CUST1062,Fashion,B,Ship,Delhi-Mumbai,7,2,3345.99,0,10.4,1928,7,7,1,2023-07-31
SHIP06650,CUST6763,Sporting Goods,C,Road,Delhi-Bangalore,5,2,3897.91,8,6.6,2166,8,9,0,2023-03-11
SHIP06651,CUST9074,Electronics,A,Ship,Bangalore-Chennai,3,3,4485.2,3,25.8,6726,4,3,1,2023-06-21
SHIP06652,CUST9027,Fashion,B,Road,Delhi-Bangalore,5,1,2312.6,2,16.2,2529,5,6,0,2023-08-01
SHIP06653,CUST6412,Home & Garden,A,Road,Delhi-Bangalore,3,2,4509.96,8,41.6,5425,3,6,0,2023-06-15
SHIP06654,CUST5581,Sporting Goods,A,Ship,Delhi-Mumbai,4,4,1923.53,6,44.7,2630,9,12,0,2023-02-24
SHIP06655,CUST1632,Fashion,F,Road,Kolkata-Delhi,3,3,2134.4,7,25.0,1657,3,7,0,2023-01-14
SHIP06656,CUST3139,Fashion,B,Flight,Mumbai-Chennai,2,1,3502.66,7,5.9,2409,6,7,0,2023-04-04
SHIP06657,CUST6682,Electronics,B,Road,Mumbai-Chennai,3,1,1524.54,1,49.2,1961,10,10,1,2023-01-06
SHIP06658,CUST9651,Home & Garden,B,Flight,Kolkata-Delhi,6,1,4821.65,6,53.7,2977,4,3,1,2023-03-18
SHIP06659,CUST9730,Cosmetics,B,Flight,Delhi-Mumbai,7,2,2392.57,2,30.8,6473,5,9,0,2023-07-26
SHIP06660,CUST6856,Sporting Goods,A,Road,Mumbai-Chennai,6,5,1110.9,0,14.1,3178,3,4,0,2023-07-05
SHIP06661,CUST5368,Fashion,A,Flight,Mumbai-Chennai,5,5,4197.65,2,3.1,4886,7,9,0,2023-11-01
SHIP06662,CUST3376,Cosmetics,F,Road,Hyderabad-Pune,6,5,4194.34,0,58.0,1555,9,12,0,2023-02-08
SHIP06663,CUST6786,Electronics,F,Ship,Kolkata-Delhi,2,5,3809.2,4,9.3,4033,5,5,1,2023-07-27
SHIP06664,CUST1612,Cosmetics,C,Flight,Delhi-Mumbai,7,2,2843.17,5,46.7,2791,5,4,1,2023-04-13
SHIP06665,CUST1315,Electronics,B,Flight,Delhi-Mumbai,7,3,4107.31,4,32.2,6861,7,10,0,2023-01-11
SHIP06666,CUST3889,Home & Garden,C,Road,Bangalore-Chennai,7,5,989.7,1,36.4,5813,5,4,1,2023-05-22
SHIP06667,CUST8507,Cosmetics,F,Ship,Delhi-Bangalore,5,4,866.1,8,45.5,3433,3,4,0,2023-06-13
SHIP06668,CUST8882,Books,B,Ship,Kolkata-Delhi,7,4,4086.18,5,40.6,3880,10,14,0,2023-01-10
SHIP06669,CUST5390,Fashion,A,Road,Hyderabad-Pune,4,3,4242.4,6,16.1,6284,6,5,1,2023-05-15
SHIP06670,CUST8857,Electronics,A,Road,Kolkata-Delhi,3,1,2390.56,3,15.6,4994,8,11,0,2023-01-26
SHIP06671,CUST1403,Sporting Goods,A,Road,Delhi-Bangalore,6,2,4943.4,8,27.1,5206,6,7,0,2023-02-28
SHIP06672,CUST9578,Books,C,Road,Delhi-Mumbai,7,3,3486.91,3,56.2,4083,6,10,0,2023-10-26
SHIP06673,CUST2097,Books,F,Road,Delhi-Mumbai,1,5,676.25,0,57.7,2919,9,9,1,2023-10-26
SHIP06674,CUST9504,Sporting Goods,C,Ship,Mumbai-Chennai,6,1,3107.17,3,18.0,5305,5,10,0,2023-02-18
SHIP06675,CUST2444,Cosmetics,D,Flight,Mumbai-Chennai,3,1,2474.31,5,60.6,4240,9,8,1,2023-08-20
SHIP06676,CUST5829,Cosmetics,D,Road,Hyderabad-Pune,1,1,524.5,3,36.4,6691,9,12,0,2023-01-14
SHIP06677,CUST9863,Cosmetics,A,Road,Delhi-Mumbai,2,5,1017.27,1,63.2,1450,8,11,0,2023-08-16
SHIP06678,CUST7377,Cosmetics,F,Flight,Delhi-Mumbai,7,3,4757.56,7,37.6,4736,8,11,0,2023-05-31
SHIP06679,CUST3271,Cosmetics,F,Flight,Hyderabad-Pune,1,2,3367.65,5,62.0,5830,6,9,0,2023-10-25
SHIP06680,CUST1944,Books,A,Flight,Bangalore-Chennai,3,3,1237.17,4,8.7,1891,8,12,0,2023-05-23
SHIP06681,CUST2399,Books,D,Road,Kolkata-Delhi,3,1,2835.86,4,1.6,4257,7,11,0,2023-05-04
SHIP06682,CUST9863,Electronics,D,Road,Kolkata-Delhi,7,5,3229.11,3,12.1,2294,7,6,1,2023-03-13
SHIP06683,CUST4688,Books,F,Flight,Hyderabad-Pune,5,3,2430.97,1,54.4,4038,4,3,1,2023-01-12
SHIP06684,CUST3838,Electronics,F,Road,Delhi-Bangalore,4,2,1147.78,0,34.8,6188,4,5,0,2023-12-07
SHIP06685,CUST7522,Electronics,D,Flight,Delhi-Mumbai,2,3,730.9,0,20.1,1622,10,10,1,2023-12-30
SHIP06686,CUST3233,Books,A,Flight,Delhi-Bangalore,4,5,2887.75,4,37.2,6025,8,10,0,2023-10-05
SHIP06687,CUST1910,Electronics,F,Road,Hyderabad-Pune,5,2,1986.66,2,58.0,5719,7,12,0,2023-11-19
SHIP06688,CUST7246,Cosmetics,C,Ship,Hyderabad-Pune,6,4,1902.07,0,2.0,2350,6,11,0,2023-12-28
SHIP06689,CUST9040,Electronics,B,Flight,Hyderabad-Pune,2,3,3760.74,3,17.6,4891,5,8,0,2023-06-25
SHIP06690,CUST9550,Cosmetics,D,Flight,Hyderabad-Pune,5,2,4451.62,8,49.8,2014,9,8,1,2023-09-03
SHIP06691,CUST9675,Home & Garden,D,Road,Delhi-Bangalore,3,4,2279.72,4,6.8,3454,8,8,1,2023-01-23
SHIP06692,CUST4570,Home & Garden,C,Road,Delhi-Mumbai,5,1,530.42,8,1.8,2460,9,14,0,2023-04-11
SHIP06693,CUST5235,Fashion,A,Flight,Mumbai-Chennai,5,1,434.53,5,39.1,2359,4,5,0,2023-04-13
SHIP06694,CUST6151,Fashion,B,Flight,Delhi-Mumbai,5,2,3769.14,8,1.2,4047,3,4,0,2023-07-17
SHIP06695,CUST7340,Cosmetics,A,Road,Delhi-Bangalore,2,5,2684.94,8,0.6,5611,3,7,0,2023-01-28
SHIP06696,CUST9675,Fashion,F,Flight,Hyderabad-Pune,6,5,3224.87,1,44.5,4623,10,10,1,2023-04-12
SHIP06697,CUST3981,Sporting Goods,F,Ship,Mumbai-Chennai,7,1,1032.78,2,32.9,1803,5,5,1,2023-06-23
SHIP06698,CUST4443,Sporting Goods,D,Flight,Delhi-Mumbai,3,2,427.84,4,23.1,6693,3,2,1,2023-04-02
SHIP06699,CUST4373,Sporting Goods,F,Road,Delhi-Bangalore,2,5,3090.09,7,44.1,6920,8,7,1,2023-07-28
SHIP06700,CUST8594,Home & Garden,C,Road,Hyderabad-Pune,5,1,666.81,8,0.9,5576,4,3,1,2023-07-09
SHIP06701,CUST1149,Books,F,Road,Hyderabad-Pune,6,5,4910.13,1,10.1,1912,4,6,0,2023-08-12
SHIP06702,CUST5360,Fashion,F,Road,Mumbai-Chennai,1,1,3940.98,1,22.0,6174,7,9,0,2023-02-20
SHIP06703,CUST4306,Fashion,C,Road,Kolkata-Delhi,7,5,368.64,7,2.5,3571,7,6,1,2023-12-18
SHIP06704,CUST8019,Fashion,D,Flight,Delhi-Mumbai,5,4,2966.62,6,34.8,2631,6,5,1,2023-11-14
SHIP06705,CUST9101,Cosmetics,B,Flight,Delhi-Mumbai,5,3,3694.05,2,57.9,4930,3,2,1,2023-08-16
SHIP06706,CUST8698,Sporting Goods,C,Road,Kolkata-Delhi,5,4,2794.88,6,52.5,6634,7,8,0,2023-05-06
SHIP06707,CUST3366,Sporting Goods,A,Flight,Delhi-Mumbai,4,5,3182.17,8,34.9,6966,3,7,0,2023-07-26
SHIP06708,CUST4679,Home & Garden,A,Ship,Delhi-Bangalore,4,4,2027.76,0,11.7,5255,6,5,1,2023-05-02
SHIP06709,CUST4417,Sporting Goods,C,Road,Kolkata-Delhi,7,1,132.02,6,33.5,6085,8,9,0,2023-01-31
SHIP06710,CUST8669,Fashion,D,Flight,Delhi-Bangalore,2,1,385.06,1,46.3,6104,10,10,1,2023-02-08
SHIP06711,CUST8613,Home & Garden,A,Ship,Delhi-Mumbai,1,2,149.25,7,14.5,5455,7,8,0,2023-10-23
SHIP06712,CUST5733,Sporting Goods,A,Ship,Delhi-Mumbai,7,3,199.79,7,49.7,3707,4,6,0,2023-04-13
SHIP06713,CUST3825,Cosmetics,A,Road,Mumbai-Chennai,5,3,3918.56,6,7.3,2329,10,15,0,2023-08-22
SHIP06714,CUST6867,Sporting Goods,B,Flight,Delhi-Bangalore,3,5,4364.65,2,34.1,1058,10,10,1,2023-06-29
SHIP06715,CUST3761,Books,B,Flight,Delhi-Bangalore,2,5,503.87,1,50.8,3776,8,10,0,2023-07-14
SHIP06716,CUST9737,Books,C,Flight,Delhi-Bangalore,3,4,2619.28,7,61.1,6140,3,3,1,2023-06-08
SHIP06717,CUST1659,Cosmetics,B,Flight,Kolkata-Delhi,7,2,4001.96,8,53.4,5897,3,6,0,2023-10-02
SHIP06718,CUST5999,Electronics,B,Flight,Bangalore-Chennai,7,2,4969.54,2,40.0,2448,5,4,1,2023-06-26
SHIP06719,CUST5647,Fashion,A,Road,Kolkata-Delhi,5,3,4635.11,8,60.3,1494,10,9,1,2023-07-24
SHIP06720,CUST2220,Books,A,Flight,Delhi-Mumbai,7,2,3183.16,1,11.0,1870,9,12,0,2023-05-16
SHIP06721,CUST6045,Cosmetics,B,Ship,Hyderabad-Pune,4,3,2623.29,4,32.9,6690,5,6,0,2023-10-04
SHIP06722,CUST7697,Sporting Goods,F,Ship,Bangalore-Chennai,2,2,1746.53,0,36.6,2776,6,11,0,2023-11-28
SHIP06723,CUST2497,Fashion,D,Road,Mumbai-Chennai,2,1,1591.56,1,20.6,4852,8,12,0,2023-08-28
SHIP06724,CUST7136,Fashion,A,Ship,Mumbai-Chennai,4,1,1781.25,8,38.6,2343,3,6,0,2023-11-06
SHIP06725,CUST1399,Books,C,Flight,Bangalore-Chennai,4,4,3377.96,1,45.7,3343,9,8,1,2023-02-26
SHIP06726,CUST1214,Home & Garden,A,Ship,Delhi-Bangalore,7,4,4665.87,1,54.0,3505,7,7,1,2023-06-01
SHIP06727,CUST5216,Books,C,Ship,Delhi-Bangalore,3,3,3790.52,7,8.2,3586,8,10,0,2023-06-11
SHIP06728,CUST6976,Fashion,C,Ship,Delhi-Mumbai,1,5,2484.67,1,21.1,1085,8,7,1,2023-06-29
SHIP06729,CUST4197,Home & Garden,D,Flight,Delhi-Bangalore,5,4,881.96,4,36.0,3891,5,5,1,2023-11-13
SHIP06730,CUST6189,Cosmetics,B,Flight,Delhi-Bangalore,3,5,3743.81,5,42.9,1393,7,12,0,2023-07-09
SHIP06731,CUST1498,Sporting Goods,D,Ship,Hyderabad-Pune,4,4,3899.02,2,35.2,4102,5,5,1,2023-12-17
SHIP06732,CUST3241,Sporting Goods,C,Road,Delhi-Mumbai,3,1,2152.57,0,37.0,3507,4,7,0,2023-09-17
SHIP06733,CUST2886,Electronics,B,Ship,Bangalore-Chennai,7,1,619.01,3,3.3,1903,6,11,0,2023-05-25
SHIP06734,CUST7372,Fashion,B,Road,Hyderabad-Pune,5,4,2622.9,6,27.7,5346,4,4,1,2023-03-13
SHIP06735,CUST5519,Books,F,Ship,Mumbai-Chennai,6,2,4521.33,1,11.9,1670,9,11,0,2023-04-13
SHIP06736,CUST7565,Electronics,C,Flight,Hyderabad-Pune,1,3,3818.48,6,51.3,6747,3,4,0,2023-04-09
SHIP06737,CUST5215,Books,D,Road,Mumbai-Chennai,3,2,3276.92,1,0.9,4629,7,11,0,2023-05-11
SHIP06738,CUST1733,Home & Garden,B,Road,Delhi-Mumbai,2,2,2108.18,1,56.3,1769,3,6,0,2023-11-09
SHIP06739,CUST5214,Electronics,C,Flight,Kolkata-Delhi,3,4,1221.37,8,37.7,2154,10,9,1,2023-01-17
SHIP06740,CUST6043,Books,C,Road,Bangalore-Chennai,5,4,2899.81,5,41.2,6259,7,6,1,2023-02-03
SHIP06741,CUST2013,Home & Garden,C,Ship,Kolkata-Delhi,2,1,2605.51,2,58.9,4633,6,7,0,2023-09-17
SHIP06742,CUST7772,Books,F,Ship,Delhi-Mumbai,3,2,3091.28,0,44.4,1121,8,7,1,2023-01-01
SHIP06743,CUST7825,Books,D,Road,Bangalore-Chennai,3,5,4638.1,1,50.3,4650,8,7,1,2023-12-29
SHIP06744,CUST4838,Electronics,B,Road,Delhi-Bangalore,4,3,3910.67,8,6.8,2760,3,3,1,2023-12-13
SHIP06745,CUST3227,Electronics,D,Ship,Hyderabad-Pune,5,3,1488.31,5,57.0,1573,3,7,0,2023-02-21
SHIP06746,CUST2868,Electronics,B,Road,Delhi-Mumbai,4,1,4504.59,1,53.9,5451,4,4,1,2023-05-11
SHIP06747,CUST2256,Electronics,D,Flight,Delhi-Mumbai,4,4,4370.12,6,31.3,1052,8,8,1,2023-08-01
SHIP06748,CUST9664,Sporting Goods,A,Ship,Kolkata-Delhi,7,1,2403.81,3,62.0,2295,5,6,0,2023-12-29
SHIP06749,CUST6359,Books,D,Road,Delhi-Mumbai,1,3,3703.54,8,38.6,1513,9,12,0,2023-12-01
SHIP06750,CUST7946,Fashion,A,Road,Mumbai-Chennai,3,2,3346.36,6,29.8,6767,9,14,0,2023-12-05
SHIP06751,CUST1044,Home & Garden,C,Ship,Delhi-Mumbai,4,4,3021.21,1,5.6,3931,10,13,0,2023-08-13
SHIP06752,CUST6188,Fashion,C,Ship,Kolkata-Delhi,7,5,3865.72,6,43.0,5799,6,7,0,2023-01-11
SHIP06753,CUST7736,Sporting Goods,D,Road,Hyderabad-Pune,7,1,349.2,7,36.2,5122,9,12,0,2023-08-17
SHIP06754,CUST5284,Electronics,B,Flight,Hyderabad-Pune,7,4,1427.24,0,18.9,5633,4,6,0,2023-01-07
SHIP06755,CUST4849,Home & Garden,A,Ship,Delhi-Bangalore,1,1,456.01,5,31.5,6223,10,9,1,2023-04-18
SHIP06756,CUST9825,Fashion,A,Road,Bangalore-Chennai,4,5,1598.02,0,32.8,3052,10,9,1,2023-02-05
SHIP06757,CUST5745,Fashion,B,Ship,Delhi-Mumbai,2,1,840.14,2,12.8,6234,8,10,0,2023-01-08
SHIP06758,CUST5445,Electronics,B,Flight,Kolkata-Delhi,1,2,4292.53,8,16.9,3063,6,10,0,2023-06-27
SHIP06759,CUST8649,Sporting Goods,A,Ship,Delhi-Mumbai,5,4,4558.76,5,64.0,6758,10,10,1,2023-11-17
SHIP06760,CUST2396,Home & Garden,C,Road,Kolkata-Delhi,1,4,2223.78,7,45.8,4560,10,10,1,2023-07-09
SHIP06761,CUST2477,Fashion,C,Ship,Mumbai-Chennai,6,4,3244.84,8,14.3,5316,9,10,0,2023-09-06
SHIP06762,CUST8467,Home & Garden,A,Road,Mumbai-Chennai,7,4,3020.93,0,1.6,5173,8,9,0,2023-10-31
SHIP06763,CUST8720,Books,B,Flight,Delhi-Mumbai,4,2,4854.89,0,4.6,5973,6,6,1,2023-08-05
SHIP06764,CUST1670,Sporting Goods,C,Road,Delhi-Bangalore,4,5,4833.74,3,11.7,3722,5,10,0,2023-02-16
SHIP06765,CUST4763,Home & Garden,C,Ship,Delhi-Mumbai,4,1,3511.66,6,22.5,3569,9,14,0,2023-10-15
SHIP06766,CUST3455,Fashion,B,Flight,Delhi-Bangalore,5,2,1956.79,5,33.2,2879,4,4,1,2023-09-21
SHIP06767,CUST7333,Electronics,C,Ship,Delhi-Mumbai,6,3,2779.47,2,57.7,2191,7,11,0,2023-11-12
SHIP06768,CUST8647,Books,F,Ship,Bangalore-Chennai,2,5,2555.12,1,23.0,4286,9,14,0,2023-12-14
SHIP06769,CUST5892,Sporting Goods,D,Ship,Hyderabad-Pune,5,2,3016.71,1,41.3,5372,7,6,1,2023-11-10
SHIP06770,CUST7426,Cosmetics,A,Flight,Mumbai-Chennai,3,5,3712.43,6,6.8,5263,3,8,0,2023-09-12
SHIP06771,CUST2318,Fashion,D,Flight,Delhi-Mumbai,2,2,140.98,6,13.1,4650,10,9,1,2023-01-14
SHIP06772,CUST4927,Cosmetics,C,Road,Kolkata-Delhi,2,3,3006.01,5,24.8,3212,9,12,0,2023-02-23
SHIP06773,CUST3813,Fashion,F,Road,Hyderabad-Pune,3,2,3853.58,4,53.2,3138,5,10,0,2023-02-21
SHIP06774,CUST5103,Fashion,D,Flight,Delhi-Bangalore,4,2,4490.18,5,58.4,1873,6,5,1,2023-02-18
SHIP06775,CUST1718,Books,C,Road,Delhi-Bangalore,1,5,238.04,5,14.4,1274,8,8,1,2023-02-16
SHIP06776,CUST1740,Home & Garden,D,Flight,Mumbai-Chennai,6,4,2237.54,1,30.3,2801,3,3,1,2023-06-15
SHIP06777,CUST2105,Books,F,Flight,Kolkata-Delhi,7,5,3502.92,7,9.7,3467,8,11,0,2023-06-14
SHIP06778,CUST3357,Cosmetics,A,Road,Hyderabad-Pune,2,4,938.22,4,5.6,5422,10,15,0,2023-02-13
SHIP06779,CUST4920,Fashion,B,Ship,Kolkata-Delhi,3,3,4829.06,7,50.1,1568,10,13,0,2023-04-13
SHIP06780,CUST3146,Books,B,Ship,Bangalore-Chennai,2,2,4608.95,7,40.3,1813,6,7,0,2023-06-25
SHIP06781,CUST1451,Electronics,A,Ship,Hyderabad-Pune,1,5,1787.42,5,44.9,4709,10,12,0,2023-12-08
SHIP06782,CUST5437,Sporting Goods,F,Road,Hyderabad-Pune,5,2,1186.18,1,6.0,5183,5,9,0,2023-10-30
SHIP06783,CUST6938,Home & Garden,A,Flight,Delhi-Bangalore,6,3,3248.02,4,1.4,4164,9,12,0,2023-05-06
SHIP06784,CUST7494,Home & Garden,B,Ship,Hyderabad-Pune,1,1,2602.8,5,61.6,5714,3,7,0,2023-06-24
SHIP06785,CUST3925,Cosmetics,C,Ship,Kolkata-Delhi,6,2,4536.76,6,11.1,5942,4,5,0,2023-09-13
SHIP06786,CUST6384,Electronics,C,Ship,Hyderabad-Pune,4,3,4327.62,1,8.4,3589,5,10,0,2023-03-24
SHIP06787,CUST5350,Fashion,A,Road,Mumbai-Chennai,1,5,1435.63,4,63.6,6831,7,10,0,2023-12-21
SHIP06788,CUST5386,Fashion,C,Flight,Bangalore-Chennai,4,5,2394.74,7,12.5,1715,5,10,0,2023-01-23
SHIP06789,CUST3662,Books,A,Ship,Bangalore-Chennai,5,1,2599.04,2,43.2,2818,6,10,0,2023-11-10
SHIP06790,CUST4512,Sporting Goods,C,Road,Kolkata-Delhi,7,2,3079.78,3,60.0,1688,3,5,0,2023-05-21
SHIP06791,CUST6199,Home & Garden,D,Road,Kolkata-Delhi,2,2,2250.38,1,3.2,2129,9,10,0,2023-03-04
SHIP06792,CUST8941,Books,D,Road,Mumbai-Chennai,6,5,4893.27,3,9.9,4437,10,12,0,2023-12-04
SHIP06793,CUST8807,Electronics,C,Ship,Delhi-Bangalore,6,1,566.02,2,21.5,6897,3,4,0,2023-12-06
SHIP06794,CUST4583,Cosmetics,F,Ship,Mumbai-Chennai,7,1,2346.86,0,41.5,3291,8,11,0,2023-12-05
SHIP06795,CUST3416,Cosmetics,D,Flight,Kolkata-Delhi,5,2,4811.89,4,12.3,2078,8,12,0,2023-07-09
SHIP06796,CUST8297,Fashion,A,Ship,Delhi-Mumbai,2,4,1129.21,2,50.9,3466,5,8,0,2023-04-09
SHIP06797,CUST1153,Books,A,Ship,Mumbai-Chennai,3,2,1569.78,4,25.6,2515,7,10,0,2023-05-28
SHIP06798,CUST3184,Sporting Goods,A,Flight,Delhi-Bangalore,4,2,1452.63,3,12.8,4831,5,7,0,2023-11-06
SHIP06799,CUST1345,Home & Garden,F,Road,Mumbai-Chennai,3,2,4770.48,7,64.7,2193,10,10,1,2023-12-16
SHIP06800,CUST7022,Sporting Goods,F,Flight,Hyderabad-Pune,3,5,897.55,7,22.7,4171,5,6,0,2023-12-14
SHIP06801,CUST9066,Cosmetics,F,Flight,Delhi-Mumbai,2,1,115.15,7,6.1,4456,8,9,0,2023-11-01
SHIP06802,CUST2795,Cosmetics,F,Ship,Delhi-Mumbai,5,2,3390.19,4,48.4,3265,5,5,1,2023-06-21
SHIP06803,CUST6279,Cosmetics,D,Road,Bangalore-Chennai,3,4,3520.3,0,12.0,1229,9,13,0,2023-05-28
SHIP06804,CUST3319,Home & Garden,C,Ship,Delhi-Bangalore,6,1,2950.41,1,55.4,2153,10,12,0,2023-11-28
SHIP06805,CUST5793,Books,F,Flight,Kolkata-Delhi,7,5,3862.64,4,64.4,3445,10,14,0,2023-04-26
SHIP06806,CUST5733,Books,C,Ship,Kolkata-Delhi,3,3,2948.36,5,14.5,1329,4,9,0,2023-10-13
SHIP06807,CUST5452,Sporting Goods,C,Ship,Mumbai-Chennai,5,4,1604.96,1,22.2,1096,8,10,0,2023-06-29
SHIP06808,CUST6394,Electronics,F,Road,Mumbai-Chennai,6,5,3028.27,6,33.5,1612,5,5,1,2023-03-22
SHIP06809,CUST6760,Electronics,F,Road,Delhi-Mumbai,3,5,401.5,8,28.7,5957,9,13,0,2023-06-11
SHIP06810,CUST8621,Home & Garden,F,Ship,Delhi-Mumbai,3,5,3391.72,6,60.9,5725,4,9,0,2023-07-10
SHIP06811,CUST1216,Books,B,Flight,Kolkata-Delhi,6,5,805.97,4,37.3,5935,3,6,0,2023-12-06
SHIP06812,CUST9188,Home & Garden,F,Flight,Hyderabad-Pune,3,4,1672.8,2,32.8,1521,6,7,0,2023-03-09
SHIP06813,CUST6181,Cosmetics,B,Road,Mumbai-Chennai,5,5,1247.01,7,9.1,5925,8,9,0,2023-02-09
SHIP06814,CUST3222,Electronics,C,Ship,Delhi-Mumbai,1,4,381.34,2,54.1,2887,8,13,0,2023-12-20
SHIP06815,CUST8859,Books,B,Road,Hyderabad-Pune,3,4,3176.58,5,33.1,3799,10,11,0,2023-11-16
SHIP06816,CUST7078,Electronics,C,Flight,Mumbai-Chennai,5,5,2410.41,3,47.8,2336,10,12,0,2023-01-16
SHIP06817,CUST2753,Sporting Goods,C,Ship,Mumbai-Chennai,3,5,4944.46,4,26.9,3932,4,7,0,2023-09-28
SHIP06818,CUST9753,Sporting Goods,B,Flight,Hyderabad-Pune,1,3,2776.31,3,3.3,4157,5,8,0,2023-02-11
SHIP06819,CUST6214,Home & Garden,B,Flight,Delhi-Mumbai,2,3,1450.45,1,6.1,6879,5,9,0,2023-01-01
SHIP06820,CUST5613,Sporting Goods,D,Ship,Bangalore-Chennai,4,3,1321.55,6,36.4,6916,6,11,0,2023-09-15
SHIP06821,CUST1557,Cosmetics,A,Ship,Delhi-Bangalore,6,3,781.36,2,14.8,6945,7,10,0,2023-07-06
SHIP06822,CUST5530,Home & Garden,A,Flight,Kolkata-Delhi,6,1,4801.12,6,8.4,5175,8,12,0,2023-01-13
SHIP06823,CUST2856,Books,A,Ship,Mumbai-Chennai,1,2,4780.79,8,61.3,5144,3,3,1,2023-01-02
SHIP06824,CUST5783,Sporting Goods,D,Ship,Delhi-Bangalore,6,2,1635.22,2,61.8,1255,9,13,0,2023-01-23
SHIP06825,CUST9878,Sporting Goods,C,Flight,Delhi-Bangalore,4,1,2500.21,8,50.5,2113,4,3,1,2023-11-12
SHIP06826,CUST7172,Electronics,B,Flight,Hyderabad-Pune,2,4,2944.62,6,60.4,3058,10,9,1,2023-03-07
SHIP06827,CUST2797,Sporting Goods,B,Ship,Delhi-Mumbai,1,1,2626.42,4,63.7,3865,3,3,1,2023-08-19
SHIP06828,CUST1637,Electronics,B,Flight,Bangalore-Chennai,1,5,2597.58,3,18.0,3590,5,6,0,2023-05-14
SHIP06829,CUST5898,Cosmetics,F,Road,Hyderabad-Pune,4,5,859.49,1,5.4,6341,10,12,0,2023-05-26
SHIP06830,CUST5229,Cosmetics,D,Flight,Bangalore-Chennai,6,2,1002.69,6,14.5,6788,4,6,0,2023-12-22
SHIP06831,CUST3222,Sporting Goods,D,Road,Bangalore-Chennai,7,4,1972.51,2,19.0,5257,4,7,0,2023-10-05
SHIP06832,CUST2413,Cosmetics,D,Ship,Kolkata-Delhi,2,3,2254.63,5,19.3,5179,7,10,0,2023-06-13
SHIP06833,CUST5907,Electronics,C,Flight,Delhi-Mumbai,4,5,1065.49,3,7.8,3172,7,8,0,2023-03-30
SHIP06834,CUST6046,Cosmetics,B,Road,Delhi-Bangalore,7,5,258.33,3,10.2,1405,5,4,1,2023-12-09
SHIP06835,CUST5566,Electronics,B,Flight,Mumbai-Chennai,1,2,1325.07,2,64.6,3719,8,9,0,2023-06-03
SHIP06836,CUST1250,Books,C,Road,Delhi-Bangalore,4,4,573.27,3,24.7,4826,5,4,1,2023-09-01
SHIP06837,CUST9545,Home & Garden,B,Road,Mumbai-Chennai,6,2,3082.9,5,56.4,1058,9,9,1,2023-06-07
SHIP06838,CUST2563,Fashion,A,Ship,Delhi-Bangalore,6,2,3737.37,6,33.3,4019,6,10,0,2023-12-17
SHIP06839,CUST3573,Electronics,A,Flight,Kolkata-Delhi,7,5,4209.35,0,10.9,1921,9,10,0,2023-11-20
SHIP06840,CUST4474,Sporting Goods,A,Ship,Delhi-Mumbai,4,3,4028.07,1,24.5,6460,3,4,0,2023-10-16
SHIP06841,CUST5939,Sporting Goods,B,Road,Hyderabad-Pune,1,4,2614.62,3,17.9,1823,3,3,1,2023-02-12
SHIP06842,CUST3180,Home & Garden,A,Ship,Delhi-Mumbai,7,1,2966.58,5,37.9,1462,3,5,0,2023-08-24
SHIP06843,CUST9375,Home & Garden,B,Road,Bangalore-Chennai,2,5,544.2,5,58.2,5843,9,13,0,2023-01-01
SHIP06844,CUST2926,Sporting Goods,D,Ship,Kolkata-Delhi,3,2,4975.6,3,15.0,1677,7,12,0,2023-02-16
SHIP06845,CUST2148,Fashion,D,Ship,Delhi-Mumbai,1,3,3001.34,6,42.1,3861,10,11,0,2023-08-10
SHIP06846,CUST2235,Books,D,Road,Delhi-Mumbai,5,5,1777.79,5,32.1,2932,8,9,0,2023-11-01
SHIP06847,CUST8095,Fashion,C,Ship,Delhi-Mumbai,4,3,240.63,2,45.4,4693,7,6,1,2023-12-28
SHIP06848,CUST1880,Books,C,Flight,Bangalore-Chennai,6,4,4841.49,4,6.3,2031,6,9,0,2023-04-22
SHIP06849,CUST5079,Cosmetics,D,Road,Delhi-Mumbai,7,3,1369.4,5,50.9,1680,9,8,1,2023-12-05
SHIP06850,CUST3119,Cosmetics,D,Flight,Delhi-Bangalore,1,4,3367.73,8,42.6,5030,10,14,0,2023-01-13
SHIP06851,CUST9330,Fashion,D,Flight,Delhi-Mumbai,1,2,485.86,2,60.6,4056,5,8,0,2023-08-21
SHIP06852,CUST8125,Cosmetics,B,Flight,Delhi-Bangalore,5,4,2502.84,8,63.4,2204,7,10,0,2023-04-29
SHIP06853,CUST4234,Electronics,B,Ship,Mumbai-Chennai,3,5,1807.81,2,13.9,5854,6,9,0,2023-06-18
SHIP06854,CUST2301,Electronics,C,Road,Delhi-Mumbai,5,3,305.83,7,62.6,5644,6,5,1,2023-06-23
SHIP06855,CUST3685,Sporting Goods,A,Ship,Bangalore-Chennai,5,5,647.12,8,28.9,5235,10,15,0,2023-03-06
SHIP06856,CUST1807,Fashion,F,Road,Bangalore-Chennai,5,1,596.81,3,8.4,1257,8,7,1,2023-01-22
SHIP06857,CUST7477,Electronics,B,Ship,Kolkata-Delhi,3,5,4790.9,1,64.4,4292,6,8,0,2023-01-12
SHIP06858,CUST9230,Electronics,D,Road,Delhi-Bangalore,6,3,4204.92,6,39.4,5972,3,5,0,2023-03-09
SHIP06859,CUST2851,Electronics,B,Ship,Delhi-Mumbai,5,2,2269.06,8,60.0,1508,3,7,0,2023-10-24
SHIP06860,CUST1034,Electronics,D,Road,Delhi-Mumbai,5,3,2972.77,3,21.5,6671,7,8,0,2023-07-26
SHIP06861,CUST8956,Fashion,A,Flight,Hyderabad-Pune,7,5,2501.12,0,21.3,1382,5,4,1,2023-04-01
SHIP06862,CUST4591,Electronics,A,Ship,Delhi-Mumbai,6,4,2484.47,5,57.5,2124,4,5,0,2023-05-23
SHIP06863,CUST6136,Fashion,C,Ship,Mumbai-Chennai,7,3,3443.24,2,48.4,4496,4,3,1,2023-08-31
SHIP06864,CUST8847,Home & Garden,C,Road,Mumbai-Chennai,5,1,714.67,8,11.7,3540,8,12,0,2023-04-18
SHIP06865,CUST2337,Home & Garden,F,Flight,Hyderabad-Pune,4,1,2585.28,4,54.0,3640,5,6,0,2023-10-18
SHIP06866,CUST4652,Sporting Goods,F,Road,Delhi-Bangalore,6,1,510.45,6,7.7,2462,8,9,0,2023-08-14
SHIP06867,CUST5883,Fashion,D,Ship,Hyderabad-Pune,7,1,423.53,5,54.3,1160,10,13,0,2023-03-14
SHIP06868,CUST9709,Sporting Goods,B,Ship,Delhi-Bangalore,7,1,4484.01,1,5.5,4103,10,9,1,2023-08-04
SHIP06869,CUST1535,Electronics,C,Flight,Delhi-Mumbai,3,3,2296.34,0,54.8,3255,10,11,0,2023-04-18
SHIP06870,CUST1367,Fashion,D,Road,Kolkata-Delhi,4,5,3322.17,1,43.6,2040,6,11,0,2023-12-04
SHIP06871,CUST1131,Home & Garden,B,Road,Hyderabad-Pune,2,2,1341.65,0,2.7,3709,7,12,0,2023-05-21
SHIP06872,CUST9323,Home & Garden,B,Road,Kolkata-Delhi,5,4,2421.8,4,9.1,3041,7,6,1,2023-01-20
SHIP06873,CUST3010,Fashion,B,Flight,Kolkata-Delhi,7,2,516.45,2,41.1,3249,6,10,0,2023-04-18
SHIP06874,CUST6088,Electronics,C,Flight,Delhi-Mumbai,4,2,3758.18,7,30.4,2242,4,8,0,2023-12-19
SHIP06875,CUST7893,Sporting Goods,B,Flight,Hyderabad-Pune,7,4,527.45,4,25.7,5485,4,6,0,2023-03-05
SHIP06876,CUST9250,Fashion,A,Flight,Bangalore-Chennai,5,3,3665.87,2,63.5,5084,10,14,0,2024-01-01
SHIP06877,CUST5355,Books,D,Flight,Hyderabad-Pune,6,2,4428.01,7,5.2,3605,8,10,0,2023-01-10
SHIP06878,CUST4156,Cosmetics,D,Ship,Bangalore-Chennai,1,4,4867.94,4,52.6,1857,6,11,0,2023-01-31
SHIP06879,CUST4699,Electronics,B,Ship,Bangalore-Chennai,5,2,2352.32,5,36.7,4426,9,11,0,2023-05-10
SHIP06880,CUST9156,Home & Garden,B,Road,Delhi-Mumbai,4,5,1540.36,1,63.3,4482,10,10,1,2023-06-01
SHIP06881,CUST7164,Electronics,F,Ship,Mumbai-Chennai,4,3,1454.97,1,24.3,6034,7,9,0,2023-06-23
SHIP06882,CUST5275,Fashion,F,Ship,Delhi-Bangalore,3,2,3526.24,2,3.9,4585,9,8,1,2023-12-06
SHIP06883,CUST5075,Books,C,Ship,Mumbai-Chennai,6,2,834.33,3,58.6,2277,9,9,1,2023-03-20
SHIP06884,CUST9154,Fashion,B,Flight,Hyderabad-Pune,5,5,4935.49,0,39.7,6800,9,12,0,2023-09-10
SHIP06885,CUST5612,Cosmetics,C,Road,Mumbai-Chennai,5,5,4818.01,3,19.6,2955,6,11,0,2023-11-03
SHIP06886,CUST1715,Electronics,F,Flight,Bangalore-Chennai,1,5,1483.68,1,28.5,5848,5,9,0,2023-09-21
SHIP06887,CUST9016,Electronics,C,Flight,Hyderabad-Pune,5,3,2875.29,5,3.5,3046,3,7,0,2023-02-25
SHIP06888,CUST8064,Books,A,Flight,Kolkata-Delhi,5,2,4349.53,3,28.9,6755,9,9,1,2023-05-03
SHIP06889,CUST6328,Sporting Goods,D,Flight,Kolkata-Delhi,3,2,4079.55,1,21.4,4964,3,5,0,2023-09-15
SHIP06890,CUST6429,Cosmetics,D,Flight,Mumbai-Chennai,4,3,1152.68,8,59.1,5624,5,6,0,2023-10-03
SHIP06891,CUST4559,Electronics,D,Ship,Delhi-Mumbai,3,4,2106.54,0,46.7,6681,10,14,0,2023-11-03
SHIP06892,CUST3185,Books,D,Road,Delhi-Mumbai,7,2,4064.1,7,7.2,1177,8,12,0,2023-03-25
SHIP06893,CUST7469,Home & Garden,A,Road,Hyderabad-Pune,1,5,3268.39,7,48.0,1113,8,8,1,2023-01-02
SHIP06894,CUST4746,Home & Garden,C,Road,Hyderabad-Pune,1,1,4339.1,1,55.2,3172,9,11,0,2023-10-16
SHIP06895,CUST6149,Home & Garden,F,Ship,Kolkata-Delhi,4,2,2662.95,3,39.1,5795,3,6,0,2023-02-14
SHIP06896,CUST9477,Fashion,C,Flight,Delhi-Bangalore,2,4,2405.56,3,26.4,5790,10,9,1,2023-05-30
SHIP06897,CUST9285,Books,D,Flight,Delhi-Bangalore,3,4,2193.02,8,53.0,3848,6,6,1,2023-09-16
SHIP06898,CUST5092,Cosmetics,F,Road,Kolkata-Delhi,6,5,2509.33,5,8.9,3490,5,7,0,2023-05-17
SHIP06899,CUST2480,Sporting Goods,A,Flight,Hyderabad-Pune,3,5,4340.92,5,37.0,2401,5,4,1,2023-08-24
SHIP06900,CUST5815,Books,C,Road,Delhi-Mumbai,3,2,4346.86,5,51.0,6266,9,9,1,2023-06-08
SHIP06901,CUST1899,Home & Garden,F,Road,Mumbai-Chennai,6,1,3835.42,4,7.3,1084,7,10,0,2023-11-08
SHIP06902,CUST9752,Cosmetics,B,Flight,Hyderabad-Pune,6,1,1820.34,4,29.2,2641,4,3,1,2023-10-10
SHIP06903,CUST3076,Cosmetics,D,Flight,Hyderabad-Pune,3,5,2594.36,8,13.0,4869,10,10,1,2023-10-31
SHIP06904,CUST5388,Cosmetics,B,Road,Delhi-Mumbai,7,2,3782.36,5,53.7,6097,3,3,1,2023-10-24
SHIP06905,CUST6745,Electronics,C,Road,Bangalore-Chennai,7,4,2155.22,4,3.9,2255,10,9,1,2023-09-11
SHIP06906,CUST2563,Cosmetics,A,Flight,Delhi-Bangalore,7,1,2960.9,8,23.4,3208,9,11,0,2023-05-09
SHIP06907,CUST3302,Home & Garden,C,Flight,Bangalore-Chennai,4,1,1006.8,8,40.9,2362,10,13,0,2023-10-15
SHIP06908,CUST3437,Sporting Goods,D,Road,Delhi-Bangalore,4,3,4427.59,0,24.6,5087,7,6,1,2023-09-24
SHIP06909,CUST8298,Electronics,C,Flight,Hyderabad-Pune,1,4,3356.97,7,45.6,1142,3,6,0,2023-09-27
SHIP06910,CUST6943,Books,F,Flight,Hyderabad-Pune,3,2,4408.02,2,48.2,3932,5,7,0,2023-12-23
SHIP06911,CUST5371,Books,B,Flight,Mumbai-Chennai,5,4,3746.96,7,21.9,3826,3,2,1,2023-01-20
SHIP06912,CUST4061,Fashion,B,Ship,Kolkata-Delhi,1,4,4965.18,4,12.5,3438,7,11,0,2023-12-16
SHIP06913,CUST7995,Sporting Goods,B,Ship,Delhi-Mumbai,7,3,736.36,5,37.3,4247,10,10,1,2023-10-27
SHIP06914,CUST1576,Sporting Goods,F,Flight,Mumbai-Chennai,5,1,2842.86,2,28.1,5945,4,8,0,2023-08-20
SHIP06915,CUST5106,Electronics,B,Flight,Mumbai-Chennai,4,2,1560.53,3,13.9,2615,3,7,0,2023-10-29
SHIP06916,CUST5674,Electronics,F,Road,Bangalore-Chennai,3,2,305.09,4,16.0,4568,7,8,0,2023-10-03
SHIP06917,CUST5853,Cosmetics,A,Flight,Mumbai-Chennai,6,4,576.79,6,7.7,6661,9,11,0,2023-12-30
SHIP06918,CUST6908,Cosmetics,A,Flight,Delhi-Mumbai,2,1,3755.51,0,57.1,6398,3,5,0,2023-11-02
SHIP06919,CUST3614,Cosmetics,B,Road,Mumbai-Chennai,3,1,4215.61,5,12.5,4039,10,13,0,2023-06-13
SHIP06920,CUST8621,Electronics,A,Road,Hyderabad-Pune,2,2,480.02,3,62.7,1982,4,6,0,2023-02-11
SHIP06921,CUST7151,Books,A,Ship,Delhi-Bangalore,7,5,4939.49,0,1.4,1859,10,10,1,2023-04-29
SHIP06922,CUST1069,Sporting Goods,D,Flight,Hyderabad-Pune,3,1,1167.58,4,26.8,1238,8,11,0,2023-06-03
SHIP06923,CUST4301,Cosmetics,C,Ship,Mumbai-Chennai,1,2,997.75,5,27.6,2438,8,10,0,2023-08-18
SHIP06924,CUST9351,Home & Garden,D,Ship,Bangalore-Chennai,5,1,827.9,8,9.7,2781,3,6,0,2023-05-20
SHIP06925,CUST8690,Fashion,A,Ship,Hyderabad-Pune,2,1,2818.91,5,57.9,6758,7,7,1,2023-09-01
SHIP06926,CUST4946,Electronics,F,Road,Kolkata-Delhi,2,1,1367.94,6,51.3,5411,10,11,0,2023-12-01
SHIP06927,CUST1875,Home & Garden,A,Ship,Hyderabad-Pune,6,2,1718.15,6,55.2,5805,4,7,0,2023-03-18
SHIP06928,CUST5187,Books,C,Flight,Bangalore-Chennai,6,4,4280.1,8,41.7,4456,6,6,1,2023-02-02
SHIP06929,CUST7709,Sporting Goods,D,Ship,Mumbai-Chennai,6,1,4059.81,5,7.9,6783,6,5,1,2023-06-08
SHIP06930,CUST6139,Fashion,F,Ship,Delhi-Mumbai,5,1,4249.97,1,44.2,3357,9,12,0,2023-06-23
SHIP06931,CUST9566,Books,F,Ship,Kolkata-Delhi,5,5,3038.2,0,32.5,4804,9,10,0,2023-12-03
SHIP06932,CUST4893,Sporting Goods,B,Ship,Delhi-Bangalore,5,2,692.18,0,9.0,3870,10,10,1,2023-01-12
SHIP06933,CUST9618,Home & Garden,A,Flight,Bangalore-Chennai,6,1,2874.51,2,57.3,2334,5,5,1,2023-05-18
SHIP06934,CUST8195,Cosmetics,F,Ship,Hyderabad-Pune,3,1,2059.0,1,38.6,4726,8,10,0,2023-02-16
SHIP06935,CUST1395,Fashion,D,Ship,Kolkata-Delhi,1,3,2933.31,8,29.5,2666,10,10,1,2023-03-08
SHIP06936,CUST5329,Home & Garden,C,Flight,Bangalore-Chennai,6,4,3355.89,6,44.0,1971,10,15,0,2023-09-29
SHIP06937,CUST4417,Books,A,Road,Hyderabad-Pune,2,5,3063.85,3,12.1,6990,7,6,1,2023-12-26
SHIP06938,CUST9064,Books,F,Ship,Delhi-Mumbai,1,3,248.04,6,28.4,3956,6,9,0,2023-06-03
SHIP06939,CUST4442,Cosmetics,F,Road,Mumbai-Chennai,4,5,2678.4,0,51.6,1289,9,13,0,2023-07-27
SHIP06940,CUST5312,Sporting Goods,B,Road,Delhi-Mumbai,3,3,152.36,5,32.0,2046,10,15,0,2023-04-16
SHIP06941,CUST4252,Electronics,C,Flight,Delhi-Bangalore,6,3,3773.32,7,9.6,2670,9,13,0,2023-07-22
SHIP06942,CUST2541,Home & Garden,C,Ship,Bangalore-Chennai,6,5,2627.93,5,53.7,2730,10,9,1,2023-10-25
SHIP06943,CUST1119,Home & Garden,F,Flight,Bangalore-Chennai,7,1,3158.84,3,13.3,5053,4,8,0,2023-08-08
SHIP06944,CUST3255,Sporting Goods,B,Road,Kolkata-Delhi,3,1,4638.47,5,15.1,6772,10,10,1,2023-07-20
SHIP06945,CUST3302,Home & Garden,F,Flight,Bangalore-Chennai,6,5,4605.51,2,46.6,4762,5,9,0,2023-09-29
SHIP06946,CUST7139,Sporting Goods,F,Ship,Hyderabad-Pune,4,2,1796.42,0,34.8,4448,9,12,0,2023-10-26
SHIP06947,CUST8606,Fashion,F,Road,Hyderabad-Pune,3,3,4532.39,8,61.8,4009,9,10,0,2023-02-14
SHIP06948,CUST5592,Home & Garden,B,Flight,Mumbai-Chennai,2,2,4148.31,8,48.1,2386,8,8,1,2023-11-03
SHIP06949,CUST3037,Electronics,A,Ship,Bangalore-Chennai,3,3,3014.25,7,47.9,6847,4,5,0,2023-07-30
SHIP06950,CUST5036,Home & Garden,A,Ship,Delhi-Bangalore,3,2,2127.87,2,33.0,5411,7,7,1,2023-03-29
SHIP06951,CUST2884,Sporting Goods,C,Flight,Mumbai-Chennai,6,3,1850.83,6,63.0,2851,6,8,0,2023-06-12
SHIP06952,CUST3006,Sporting Goods,D,Ship,Hyderabad-Pune,6,5,1943.79,4,4.2,4237,8,10,0,2023-07-15
SHIP06953,CUST8923,Cosmetics,F,Flight,Hyderabad-Pune,1,2,112.47,3,8.4,5196,8,10,0,2023-01-03
SHIP06954,CUST8926,Electronics,B,Ship,Kolkata-Delhi,7,5,3621.66,7,1.8,1535,9,11,0,2023-04-10
SHIP06955,CUST7840,Books,D,Ship,Kolkata-Delhi,2,5,767.1,3,30.6,5020,5,9,0,2023-08-11
SHIP06956,CUST3615,Books,D,Ship,Bangalore-Chennai,3,1,1160.46,3,9.5,5798,4,4,1,2023-01-13
SHIP06957,CUST9012,Books,B,Flight,Delhi-Bangalore,4,4,4158.61,7,49.9,2316,3,2,1,2023-10-06
SHIP06958,CUST1787,Electronics,B,Ship,Hyderabad-Pune,1,2,3444.38,1,26.3,3330,3,6,0,2023-07-24
SHIP06959,CUST7692,Sporting Goods,F,Ship,Mumbai-Chennai,5,5,1280.3,3,41.1,4664,7,11,0,2023-08-22
SHIP06960,CUST5939,Books,F,Flight,Bangalore-Chennai,3,1,1936.58,0,50.6,1789,7,12,0,2023-10-04
SHIP06961,CUST6061,Books,F,Road,Hyderabad-Pune,1,4,517.72,7,19.8,3011,7,9,0,2023-07-11
SHIP06962,CUST7955,Sporting Goods,C,Flight,Delhi-Mumbai,5,2,4540.65,4,40.0,5338,6,10,0,2023-07-22
SHIP06963,CUST8595,Fashion,C,Flight,Delhi-Bangalore,7,4,1648.23,5,20.4,1044,8,10,0,2023-05-31
SHIP06964,CUST4104,Fashion,F,Road,Bangalore-Chennai,2,3,626.54,1,56.4,6765,8,11,0,2023-04-01
SHIP06965,CUST4697,Electronics,B,Road,Delhi-Bangalore,5,3,269.58,4,53.0,2579,3,5,0,2023-10-05
SHIP06966,CUST9187,Books,A,Flight,Kolkata-Delhi,1,3,528.02,2,55.9,6762,8,11,0,2023-01-19
SHIP06967,CUST9013,Electronics,A,Road,Kolkata-Delhi,7,5,431.46,2,39.8,1650,9,9,1,2023-02-27
SHIP06968,CUST2849,Sporting Goods,B,Road,Kolkata-Delhi,5,5,3613.97,0,23.9,5107,4,9,0,2023-02-26
SHIP06969,CUST5582,Home & Garden,F,Road,Hyderabad-Pune,4,3,3573.65,8,38.0,5373,5,7,0,2023-04-30
SHIP06970,CUST9971,Home & Garden,F,Ship,Mumbai-Chennai,7,3,4007.86,0,59.4,6130,5,9,0,2023-01-30
SHIP06971,CUST1726,Cosmetics,B,Ship,Mumbai-Chennai,5,5,2744.37,7,59.9,3835,4,6,0,2023-05-02
SHIP06972,CUST6719,Fashion,D,Flight,Bangalore-Chennai,5,5,1618.92,2,57.9,5504,4,4,1,2023-04-01
SHIP06973,CUST2485,Electronics,C,Ship,Delhi-Mumbai,6,4,550.16,0,5.7,6131,5,9,0,2023-05-14
SHIP06974,CUST4635,Sporting Goods,A,Road,Bangalore-Chennai,1,4,1805.34,7,62.5,6272,8,10,0,2023-04-24
SHIP06975,CUST4345,Books,B,Ship,Hyderabad-Pune,7,2,1021.69,7,53.7,2330,7,8,0,2023-11-14
SHIP06976,CUST5003,Electronics,A,Flight,Hyderabad-Pune,7,5,2752.46,6,36.7,3216,6,6,1,2023-10-09
SHIP06977,CUST8553,Fashion,A,Road,Delhi-Bangalore,4,4,3836.51,1,48.0,5961,3,5,0,2023-04-14
SHIP06978,CUST3661,Fashion,C,Road,Kolkata-Delhi,2,5,893.3,6,39.0,1779,5,9,0,2023-10-15
SHIP06979,CUST2287,Cosmetics,C,Flight,Bangalore-Chennai,3,1,1287.86,0,33.4,4023,9,12,0,2023-11-07
SHIP06980,CUST4732,Electronics,A,Ship,Delhi-Mumbai,6,3,2804.2,1,7.0,3077,4,3,1,2023-11-29
SHIP06981,CUST5902,Books,B,Flight,Hyderabad-Pune,6,3,432.06,5,47.9,2010,7,12,0,2023-04-23
SHIP06982,CUST7296,Cosmetics,B,Road,Delhi-Mumbai,4,2,4090.23,7,21.9,3569,6,7,0,2023-06-07
SHIP06983,CUST2184,Electronics,B,Road,Mumbai-Chennai,6,5,124.35,0,4.7,4922,9,8,1,2023-10-16
SHIP06984,CUST2839,Sporting Goods,D,Flight,Delhi-Mumbai,2,5,2826.72,7,12.9,5535,5,10,0,2023-06-06
SHIP06985,CUST6726,Home & Garden,F,Road,Bangalore-Chennai,3,4,984.82,7,23.2,4885,4,6,0,2023-05-15
SHIP06986,CUST4220,Fashion,A,Road,Bangalore-Chennai,7,5,3745.54,7,57.7,2679,10,14,0,2023-08-26
SHIP06987,CUST6178,Cosmetics,F,Ship,Kolkata-Delhi,2,1,398.3,5,4.2,4225,10,10,1,2023-07-14
SHIP06988,CUST2048,Home & Garden,A,Flight,Bangalore-Chennai,5,2,2254.47,3,44.9,3777,8,9,0,2023-11-10
SHIP06989,CUST6017,Fashion,A,Flight,Delhi-Bangalore,1,5,3012.4,8,8.5,6703,3,3,1,2023-02-28
SHIP06990,CUST5194,Fashion,F,Ship,Delhi-Bangalore,3,3,3718.28,2,40.4,1466,10,10,1,2023-03-19
SHIP06991,CUST3376,Books,B,Ship,Delhi-Bangalore,7,3,1148.9,0,60.7,4844,10,9,1,2023-03-31
SHIP06992,CUST5665,Sporting Goods,C,Flight,Mumbai-Chennai,3,1,4557.17,1,12.9,4669,5,5,1,2023-03-17
SHIP06993,CUST9828,Cosmetics,A,Flight,Mumbai-Chennai,3,5,158.82,5,30.4,2472,7,11,0,2023-10-06
SHIP06994,CUST5157,Home & Garden,F,Ship,Delhi-Mumbai,5,5,2643.04,2,51.7,2613,8,13,0,2023-03-20
SHIP06995,CUST4378,Books,B,Road,Delhi-Bangalore,7,2,1292.76,0,5.5,4402,5,4,1,2023-06-28
SHIP06996,CUST3815,Cosmetics,C,Flight,Kolkata-Delhi,1,5,2621.01,7,33.9,2039,4,9,0,2023-07-12
SHIP06997,CUST5958,Cosmetics,A,Flight,Delhi-Mumbai,2,2,2491.61,3,0.6,1433,4,3,1,2023-04-25
SHIP06998,CUST3683,Sporting Goods,C,Flight,Delhi-Bangalore,4,2,490.1,7,41.7,2930,6,9,0,2023-12-07
SHIP06999,CUST9775,Home & Garden,D,Flight,Delhi-Bangalore,6,4,119.12,3,14.0,4085,10,9,1,2023-04-24
SHIP07000,CUST6649,Sporting Goods,F,Road,Hyderabad-Pune,5,1,3940.3,7,41.5,1117,3,5,0,2023-04-10
SHIP07001,CUST8494,Home & Garden,A,Road,Delhi-Mumbai,1,3,1296.35,2,56.4,4557,5,5,1,2023-02-21
SHIP07002,CUST7683,Home & Garden,B,Ship,Delhi-Mumbai,7,1,4769.53,8,47.0,3559,5,5,1,2023-10-23
SHIP07003,CUST4168,Fashion,C,Ship,Hyderabad-Pune,1,2,3038.45,6,49.3,4290,7,9,0,2023-02-12
SHIP07004,CUST6327,Fashion,D,Road,Delhi-Mumbai,7,2,3350.14,1,60.8,5250,3,5,0,2023-04-03
SHIP07005,CUST9612,Cosmetics,D,Flight,Kolkata-Delhi,1,1,248.03,0,44.2,2986,7,10,0,2023-08-20
SHIP07006,CUST1173,Cosmetics,D,Ship,Mumbai-Chennai,7,4,1143.25,6,39.2,4521,6,10,0,2023-03-24
SHIP07007,CUST2373,Cosmetics,F,Ship,Mumbai-Chennai,5,2,3966.2,1,1.1,1091,5,8,0,2023-06-14
SHIP07008,CUST8077,Cosmetics,C,Road,Delhi-Mumbai,6,5,986.3,7,14.9,5010,6,11,0,2023-08-08
SHIP07009,CUST8378,Books,F,Road,Delhi-Bangalore,1,3,4448.17,3,26.4,4870,10,13,0,2023-11-09
SHIP07010,CUST6512,Sporting Goods,D,Road,Mumbai-Chennai,5,4,3531.26,2,23.7,3418,7,11,0,2023-09-22
SHIP07011,CUST9805,Cosmetics,B,Ship,Mumbai-Chennai,7,1,3816.47,2,38.6,5727,7,7,1,2023-04-24
SHIP07012,CUST7903,Books,F,Road,Kolkata-Delhi,2,1,572.67,3,31.8,5947,4,3,1,2023-10-21
SHIP07013,CUST9842,Cosmetics,B,Ship,Kolkata-Delhi,4,5,4403.51,2,13.0,3305,9,10,0,2023-09-14
SHIP07014,CUST9412,Fashion,D,Road,Hyderabad-Pune,6,3,3396.5,0,3.9,1234,5,8,0,2023-02-11
SHIP07015,CUST2639,Fashion,A,Road,Delhi-Bangalore,3,3,2076.84,3,12.9,2390,6,9,0,2023-01-08
SHIP07016,CUST6584,Sporting Goods,F,Road,Bangalore-Chennai,2,4,3770.01,0,59.2,2862,10,10,1,2023-10-20
SHIP07017,CUST4819,Fashion,F,Ship,Hyderabad-Pune,7,1,2110.13,8,17.0,1322,5,10,0,2023-02-07
SHIP07018,CUST2498,Home & Garden,D,Ship,Hyderabad-Pune,2,3,708.59,3,63.5,2911,3,8,0,2023-06-13
SHIP07019,CUST3273,Books,A,Road,Delhi-Mumbai,2,2,3303.48,3,51.7,3538,7,12,0,2023-10-19
SHIP07020,CUST6483,Books,A,Road,Bangalore-Chennai,6,2,4138.11,3,8.2,4147,5,5,1,2023-10-05
SHIP07021,CUST5672,Books,F,Flight,Kolkata-Delhi,6,3,3991.43,5,23.4,5859,8,7,1,2023-12-30
SHIP07022,CUST7533,Home & Garden,C,Flight,Delhi-Bangalore,1,3,2442.29,3,19.5,5845,3,3,1,2023-04-10
SHIP07023,CUST5820,Books,B,Ship,Kolkata-Delhi,2,2,855.53,6,3.6,2969,10,11,0,2023-08-03
SHIP07024,CUST7940,Electronics,A,Ship,Delhi-Mumbai,7,4,3623.09,4,49.5,4881,5,4,1,2023-11-28
SHIP07025,CUST1421,Sporting Goods,C,Ship,Delhi-Bangalore,7,4,4688.5,4,64.9,6321,9,14,0,2023-06-29
SHIP07026,CUST1717,Sporting Goods,D,Road,Delhi-Bangalore,4,4,3076.58,1,60.7,6629,10,11,0,2023-10-29
SHIP07027,CUST5704,Fashion,A,Road,Bangalore-Chennai,6,4,1338.15,3,64.5,3585,4,8,0,2023-08-03
SHIP07028,CUST8783,Cosmetics,F,Flight,Delhi-Bangalore,3,1,316.53,8,5.8,3781,4,8,0,2023-08-24
SHIP07029,CUST2256,Electronics,F,Flight,Kolkata-Delhi,3,4,4308.67,7,22.2,2775,10,13,0,2023-08-16
SHIP07030,CUST8657,Sporting Goods,D,Ship,Kolkata-Delhi,6,4,4299.15,5,22.8,3761,4,6,0,2023-03-17
SHIP07031,CUST3477,Sporting Goods,F,Ship,Kolkata-Delhi,2,3,2323.6,3,51.5,4363,7,6,1,2023-05-07
SHIP07032,CUST1129,Fashion,F,Road,Mumbai-Chennai,4,1,3496.01,5,20.6,4040,9,12,0,2023-12-14
SHIP07033,CUST8972,Home & Garden,C,Road,Mumbai-Chennai,5,2,4937.56,8,9.9,3857,4,9,0,2023-02-27
SHIP07034,CUST6915,Books,D,Flight,Kolkata-Delhi,2,5,1838.92,6,28.6,2757,10,9,1,2023-10-31
SHIP07035,CUST6267,Home & Garden,C,Ship,Bangalore-Chennai,4,3,4828.86,3,31.0,4967,3,6,0,2023-06-17
SHIP07036,CUST9276,Cosmetics,D,Road,Hyderabad-Pune,7,2,2616.19,4,54.6,1804,3,7,0,2023-10-13
SHIP07037,CUST2978,Books,C,Flight,Bangalore-Chennai,7,4,3750.85,2,58.0,5834,9,12,0,2023-09-06
SHIP07038,CUST7521,Fashion,B,Flight,Bangalore-Chennai,6,1,4035.5,8,27.4,6851,7,10,0,2023-01-16
SHIP07039,CUST8672,Cosmetics,F,Road,Delhi-Mumbai,5,2,3583.31,6,52.0,4130,9,14,0,2023-05-13
SHIP07040,CUST8484,Fashion,A,Road,Bangalore-Chennai,1,2,1212.42,1,40.1,5949,9,8,1,2023-08-23
SHIP07041,CUST1359,Electronics,C,Flight,Delhi-Mumbai,1,4,763.61,4,55.1,3525,3,3,1,2023-01-26
SHIP07042,CUST1519,Fashion,D,Ship,Delhi-Bangalore,3,4,889.91,2,52.9,2838,3,8,0,2023-01-14
SHIP07043,CUST7835,Books,A,Flight,Bangalore-Chennai,5,1,2851.27,3,60.4,1237,3,4,0,2023-07-24
SHIP07044,CUST3830,Books,F,Flight,Kolkata-Delhi,2,5,4520.96,5,22.2,3074,9,11,0,2023-10-18
SHIP07045,CUST1022,Books,F,Ship,Kolkata-Delhi,7,3,4912.34,7,45.7,1959,5,5,1,2023-07-20
SHIP07046,CUST9279,Electronics,C,Flight,Hyderabad-Pune,6,3,2945.09,0,23.1,4053,4,7,0,2023-01-03
SHIP07047,CUST9310,Fashion,C,Road,Bangalore-Chennai,1,2,3861.04,0,49.1,6405,7,10,0,2023-09-25
SHIP07048,CUST6358,Sporting Goods,A,Road,Delhi-Mumbai,3,1,2206.03,5,2.4,4303,5,7,0,2023-03-25
SHIP07049,CUST2765,Fashion,B,Road,Mumbai-Chennai,1,3,1936.51,7,17.2,2077,8,10,0,2023-04-08
SHIP07050,CUST8670,Electronics,F,Ship,Delhi-Bangalore,2,2,4251.43,6,36.4,5523,9,11,0,2023-09-01
SHIP07051,CUST9965,Books,F,Flight,Delhi-Mumbai,4,5,1615.3,2,58.9,3810,10,13,0,2023-02-01
SHIP07052,CUST9098,Cosmetics,C,Road,Delhi-Mumbai,5,4,1227.4,2,32.3,6857,5,8,0,2023-02-15
SHIP07053,CUST5127,Books,B,Ship,Delhi-Mumbai,2,3,3198.61,8,64.6,4168,9,12,0,2023-11-23
SHIP07054,CUST5022,Cosmetics,D,Road,Hyderabad-Pune,5,3,2518.81,4,7.6,5230,3,7,0,2023-05-09
SHIP07055,CUST7943,Home & Garden,B,Ship,Delhi-Mumbai,7,4,4381.09,4,11.5,2001,8,8,1,2023-06-17
SHIP07056,CUST7521,Books,A,Ship,Bangalore-Chennai,6,5,4201.04,5,44.6,5268,9,9,1,2023-06-06
SHIP07057,CUST9799,Cosmetics,B,Road,Delhi-Mumbai,2,3,273.37,7,46.4,6510,9,8,1,2023-08-17
SHIP07058,CUST3286,Books,C,Road,Delhi-Bangalore,4,3,528.24,0,25.6,1538,5,10,0,2023-07-17
SHIP07059,CUST4477,Home & Garden,A,Road,Bangalore-Chennai,3,4,1186.95,0,40.2,3396,7,6,1,2023-12-03
SHIP07060,CUST3174,Home & Garden,F,Ship,Mumbai-Chennai,5,2,4508.79,1,5.3,3535,9,14,0,2023-07-06
SHIP07061,CUST6074,Home & Garden,B,Ship,Mumbai-Chennai,6,5,3625.97,5,26.5,2247,8,7,1,2023-07-25
SHIP07062,CUST4693,Sporting Goods,C,Road,Hyderabad-Pune,4,3,2159.17,4,33.9,1105,7,6,1,2023-02-22
SHIP07063,CUST3526,Sporting Goods,B,Flight,Hyderabad-Pune,4,3,3216.47,3,9.2,4377,8,12,0,2023-03-12
SHIP07064,CUST9308,Books,B,Flight,Hyderabad-Pune,5,3,3259.61,1,6.3,3260,5,9,0,2023-11-16
SHIP07065,CUST5468,Electronics,A,Road,Delhi-Mumbai,4,4,3027.45,7,45.3,1783,3,5,0,2023-09-25
SHIP07066,CUST2768,Electronics,A,Flight,Bangalore-Chennai,6,2,4161.7,2,56.6,1384,4,4,1,2023-01-18
SHIP07067,CUST5600,Electronics,F,Road,Hyderabad-Pune,6,1,3293.88,3,37.8,6368,8,9,0,2023-07-20
SHIP07068,CUST8840,Books,A,Flight,Hyderabad-Pune,2,2,562.05,5,26.8,6376,10,9,1,2023-11-11
SHIP07069,CUST8873,Books,C,Ship,Mumbai-Chennai,7,3,2473.58,0,28.6,5429,5,4,1,2023-11-02
SHIP07070,CUST5745,Home & Garden,D,Ship,Bangalore-Chennai,3,1,4571.98,1,55.7,1166,6,7,0,2023-11-15
SHIP07071,CUST6250,Electronics,F,Road,Delhi-Mumbai,4,1,610.98,4,13.7,4009,9,13,0,2023-07-05
SHIP07072,CUST7561,Fashion,C,Flight,Delhi-Mumbai,3,1,4239.5,6,52.0,6685,7,9,0,2023-02-13
SHIP07073,CUST1543,Fashion,D,Ship,Delhi-Mumbai,2,4,3275.84,8,11.8,1044,5,9,0,2023-06-07
SHIP07074,CUST1741,Fashion,C,Ship,Delhi-Bangalore,6,4,1257.39,5,50.0,5496,4,6,0,2023-08-07
SHIP07075,CUST6586,Fashion,F,Road,Delhi-Mumbai,1,1,4113.23,2,51.6,1548,10,13,0,2023-07-11
SHIP07076,CUST8875,Electronics,F,Ship,Delhi-Bangalore,2,5,2342.94,2,54.8,1055,9,12,0,2023-08-09
SHIP07077,CUST1538,Electronics,A,Flight,Delhi-Mumbai,3,4,2065.31,0,0.8,6330,6,10,0,2023-06-01
SHIP07078,CUST7157,Electronics,B,Ship,Kolkata-Delhi,1,2,1342.17,3,14.5,4683,4,6,0,2023-01-25
SHIP07079,CUST6670,Cosmetics,F,Road,Hyderabad-Pune,4,5,908.97,3,62.2,3082,7,12,0,2023-10-19
SHIP07080,CUST3282,Home & Garden,D,Ship,Mumbai-Chennai,5,5,2953.76,8,36.7,5318,10,9,1,2023-08-16
SHIP07081,CUST6519,Books,C,Ship,Kolkata-Delhi,4,2,2600.54,3,25.3,5280,9,9,1,2023-01-31
SHIP07082,CUST4115,Fashion,F,Ship,Hyderabad-Pune,5,5,4934.24,6,9.0,6337,6,7,0,2023-03-29
SHIP07083,CUST1504,Fashion,F,Flight,Mumbai-Chennai,5,5,3844.42,2,35.0,2526,10,14,0,2023-09-03
SHIP07084,CUST4128,Electronics,F,Flight,Hyderabad-Pune,5,1,774.27,0,28.3,3868,6,11,0,2023-02-23
SHIP07085,CUST4236,Home & Garden,A,Flight,Mumbai-Chennai,5,4,3508.83,6,35.2,6153,8,13,0,2023-04-09
SHIP07086,CUST5668,Cosmetics,A,Flight,Delhi-Bangalore,6,5,1923.92,6,7.5,5010,9,11,0,2023-02-23
SHIP07087,CUST6177,Fashion,F,Flight,Kolkata-Delhi,4,2,3221.93,1,14.7,6856,5,6,0,2023-01-03
SHIP07088,CUST5646,Fashion,C,Road,Mumbai-Chennai,4,3,2709.01,6,32.1,6300,6,8,0,2023-02-20
SHIP07089,CUST7105,Books,D,Ship,Bangalore-Chennai,1,2,1122.89,1,24.8,3485,4,5,0,2023-04-07
SHIP07090,CUST1829,Books,D,Ship,Hyderabad-Pune,3,1,474.42,4,9.1,3589,9,9,1,2023-10-26
SHIP07091,CUST7626,Fashion,C,Flight,Delhi-Mumbai,7,3,2540.04,0,5.3,3034,8,12,0,2023-03-29
SHIP07092,CUST5232,Sporting Goods,B,Road,Bangalore-Chennai,6,3,3537.8,5,30.1,4045,9,9,1,2023-03-29
SHIP07093,CUST2305,Home & Garden,F,Road,Delhi-Bangalore,3,1,1380.65,1,64.6,1868,9,14,0,2023-07-30
SHIP07094,CUST3995,Cosmetics,A,Flight,Kolkata-Delhi,1,1,2767.64,6,15.6,6961,10,9,1,2023-04-21
SHIP07095,CUST1816,Cosmetics,D,Road,Delhi-Mumbai,2,1,986.15,2,56.2,5557,3,5,0,2023-10-16
SHIP07096,CUST7209,Sporting Goods,B,Flight,Delhi-Mumbai,6,4,489.71,3,18.4,4500,10,11,0,2023-08-02
SHIP07097,CUST3232,Cosmetics,B,Ship,Hyderabad-Pune,7,2,285.54,0,63.7,6358,4,3,1,2023-10-22
SHIP07098,CUST3318,Fashion,F,Ship,Delhi-Mumbai,1,5,4023.79,6,14.5,5348,8,11,0,2023-11-28
SHIP07099,CUST6880,Home & Garden,F,Road,Bangalore-Chennai,4,1,4474.88,8,44.5,6185,4,7,0,2023-08-02
SHIP07100,CUST1691,Books,F,Road,Hyderabad-Pune,5,2,408.77,0,13.1,6140,4,5,0,2023-10-19
SHIP07101,CUST3857,Books,D,Ship,Bangalore-Chennai,4,2,3314.78,6,22.0,4861,3,6,0,2023-12-27
SHIP07102,CUST7275,Home & Garden,C,Ship,Delhi-Mumbai,5,3,2814.95,2,10.6,6343,8,10,0,2023-10-28
SHIP07103,CUST5964,Home & Garden,D,Flight,Bangalore-Chennai,4,4,264.71,6,50.3,6493,8,7,1,2023-11-26
SHIP07104,CUST2180,Cosmetics,C,Road,Mumbai-Chennai,5,1,4446.95,4,7.4,5312,8,11,0,2023-06-05
SHIP07105,CUST3971,Home & Garden,D,Ship,Bangalore-Chennai,6,3,3064.32,8,61.7,3771,9,8,1,2023-06-27
SHIP07106,CUST9501,Fashion,F,Road,Delhi-Bangalore,3,3,4095.32,0,0.5,1536,3,3,1,2023-01-21
SHIP07107,CUST3560,Fashion,A,Road,Mumbai-Chennai,2,2,1133.02,0,30.6,5111,8,13,0,2023-05-12
SHIP07108,CUST6756,Fashion,C,Road,Bangalore-Chennai,1,1,370.63,7,42.2,5663,10,11,0,2023-12-28
SHIP07109,CUST7103,Cosmetics,B,Road,Bangalore-Chennai,3,5,2341.38,2,35.2,1485,3,3,1,2023-11-26
SHIP07110,CUST8267,Home & Garden,D,Flight,Hyderabad-Pune,2,2,1847.79,6,20.2,5856,7,9,0,2023-07-29
SHIP07111,CUST9090,Books,A,Ship,Bangalore-Chennai,5,5,2377.83,2,52.7,5972,10,11,0,2023-04-05
SHIP07112,CUST9447,Electronics,D,Flight,Kolkata-Delhi,3,3,820.84,8,36.5,3953,8,11,0,2023-08-22
SHIP07113,CUST5642,Cosmetics,F,Flight,Bangalore-Chennai,4,2,220.6,0,59.7,1062,6,5,1,2023-05-07
SHIP07114,CUST4462,Cosmetics,C,Road,Kolkata-Delhi,4,2,2542.43,2,26.9,5031,3,6,0,2023-07-09
SHIP07115,CUST9437,Sporting Goods,C,Flight,Delhi-Mumbai,3,2,1902.64,3,27.3,2389,9,8,1,2023-03-12
SHIP07116,CUST9383,Cosmetics,D,Flight,Kolkata-Delhi,5,4,1075.36,5,38.6,3215,9,12,0,2023-01-12
SHIP07117,CUST5429,Fashion,F,Road,Mumbai-Chennai,2,3,2409.4,6,10.1,1393,7,9,0,2023-05-04
SHIP07118,CUST3523,Cosmetics,B,Flight,Bangalore-Chennai,5,4,1684.94,2,34.5,5174,9,11,0,2023-06-24
SHIP07119,CUST2307,Cosmetics,D,Road,Kolkata-Delhi,4,4,3184.21,1,20.8,6502,3,8,0,2023-01-27
SHIP07120,CUST8184,Books,C,Road,Delhi-Bangalore,3,4,4620.34,7,30.4,4137,6,5,1,2023-11-21
SHIP07121,CUST1799,Electronics,A,Ship,Kolkata-Delhi,2,1,1271.7,2,49.7,3718,9,14,0,2023-10-15
SHIP07122,CUST6121,Sporting Goods,C,Flight,Hyderabad-Pune,5,2,4403.54,2,16.0,6154,4,4,1,2023-06-15
SHIP07123,CUST2385,Electronics,F,Road,Delhi-Mumbai,4,3,1131.01,6,40.6,4598,3,3,1,2023-12-20
SHIP07124,CUST5667,Home & Garden,D,Road,Kolkata-Delhi,3,5,895.87,0,56.7,1316,10,14,0,2023-10-23
SHIP07125,CUST3858,Cosmetics,B,Flight,Hyderabad-Pune,7,2,619.17,1,44.8,6898,6,5,1,2023-10-14
SHIP07126,CUST2358,Electronics,F,Flight,Kolkata-Delhi,7,5,3819.6,4,29.1,3027,10,14,0,2023-08-26
SHIP07127,CUST4229,Sporting Goods,B,Flight,Hyderabad-Pune,1,4,2669.12,5,43.7,4866,3,3,1,2023-10-12
SHIP07128,CUST4206,Electronics,A,Flight,Mumbai-Chennai,1,2,2973.14,7,52.4,6528,9,12,0,2023-01-01
SHIP07129,CUST8513,Electronics,D,Ship,Delhi-Bangalore,4,1,601.74,1,6.3,6780,4,8,0,2023-08-01
SHIP07130,CUST6697,Fashion,D,Road,Mumbai-Chennai,3,1,802.39,1,0.2,6397,10,10,1,2023-06-29
SHIP07131,CUST9773,Fashion,C,Road,Bangalore-Chennai,5,4,4831.35,7,35.5,5981,6,10,0,2023-09-14
SHIP07132,CUST7337,Cosmetics,F,Flight,Bangalore-Chennai,6,5,207.51,6,35.6,4814,7,6,1,2023-06-27
SHIP07133,CUST7581,Cosmetics,B,Ship,Delhi-Bangalore,3,4,4317.83,1,45.0,5190,9,9,1,2023-06-23
SHIP07134,CUST2385,Electronics,B,Ship,Delhi-Bangalore,4,5,2227.15,1,60.6,5445,4,6,0,2023-09-02
SHIP07135,CUST8713,Electronics,D,Road,Hyderabad-Pune,2,5,2698.59,8,16.3,4985,7,9,0,2023-05-19
SHIP07136,CUST3640,Home & Garden,D,Road,Hyderabad-Pune,4,1,3184.56,8,22.8,3871,9,14,0,2023-05-07
SHIP07137,CUST2393,Fashion,D,Road,Bangalore-Chennai,4,2,489.53,2,51.7,5389,4,9,0,2023-04-25
SHIP07138,CUST1013,Home & Garden,B,Flight,Bangalore-Chennai,1,2,3008.74,1,46.2,6693,4,5,0,2023-11-08
SHIP07139,CUST4470,Sporting Goods,C,Flight,Delhi-Mumbai,6,2,4017.71,5,45.3,5617,4,8,0,2023-07-18
SHIP07140,CUST9222,Sporting Goods,F,Ship,Bangalore-Chennai,4,5,4919.91,1,51.0,6750,4,4,1,2023-01-03
SHIP07141,CUST9367,Cosmetics,B,Flight,Hyderabad-Pune,6,2,1516.68,0,54.9,6151,8,11,0,2023-12-07
SHIP07142,CUST2071,Cosmetics,D,Ship,Delhi-Bangalore,2,5,2668.99,1,61.9,6793,9,11,0,2023-06-01
SHIP07143,CUST9702,Sporting Goods,D,Road,Hyderabad-Pune,5,4,3934.03,4,12.8,5034,10,13,0,2023-07-19
SHIP07144,CUST4468,Cosmetics,D,Flight,Delhi-Bangalore,2,3,3999.77,6,15.7,4824,5,6,0,2023-12-22
SHIP07145,CUST9378,Books,F,Flight,Delhi-Bangalore,2,3,3718.84,1,50.8,6206,4,3,1,2023-12-06
SHIP07146,CUST3305,Home & Garden,D,Ship,Hyderabad-Pune,3,2,1817.38,3,2.9,4728,3,6,0,2023-06-20
SHIP07147,CUST2954,Sporting Goods,D,Ship,Kolkata-Delhi,6,2,1531.24,7,53.2,5202,10,15,0,2023-03-08
SHIP07148,CUST8725,Home & Garden,A,Ship,Mumbai-Chennai,2,1,4069.25,2,12.3,3130,7,10,0,2023-04-29
SHIP07149,CUST3749,Books,F,Flight,Hyderabad-Pune,7,2,2270.06,0,58.3,2078,9,13,0,2023-11-03
SHIP07150,CUST1978,Electronics,A,Ship,Hyderabad-Pune,2,2,1181.1,1,10.2,4679,7,9,0,2023-03-03
SHIP07151,CUST5178,Home & Garden,B,Flight,Bangalore-Chennai,4,5,2121.98,6,44.5,6364,10,14,0,2023-05-10
SHIP07152,CUST3884,Fashion,D,Flight,Kolkata-Delhi,2,4,2605.24,3,5.8,1303,7,7,1,2023-09-18
SHIP07153,CUST2681,Fashion,B,Road,Kolkata-Delhi,5,4,2815.63,4,57.0,2836,9,11,0,2023-09-05
SHIP07154,CUST8018,Books,C,Road,Mumbai-Chennai,6,3,3537.66,8,9.8,3005,6,9,0,2023-04-09
SHIP07155,CUST2617,Cosmetics,D,Ship,Mumbai-Chennai,5,5,4525.45,1,1.8,2333,8,9,0,2023-10-09
SHIP07156,CUST3428,Sporting Goods,B,Flight,Bangalore-Chennai,3,5,395.09,4,30.5,1882,9,12,0,2023-11-24
SHIP07157,CUST7162,Fashion,B,Road,Mumbai-Chennai,2,3,4346.25,8,33.4,6306,8,13,0,2023-06-26
SHIP07158,CUST5730,Electronics,B,Ship,Hyderabad-Pune,1,3,208.46,4,40.2,1386,5,4,1,2023-03-14
SHIP07159,CUST4724,Fashion,A,Road,Delhi-Bangalore,6,3,4985.44,6,50.5,6759,10,10,1,2023-02-14
SHIP07160,CUST4938,Books,C,Road,Hyderabad-Pune,2,4,4958.84,4,24.2,6743,3,6,0,2023-07-16
SHIP07161,CUST2312,Books,D,Ship,Kolkata-Delhi,5,3,1138.13,8,46.2,4812,8,10,0,2023-01-02
SHIP07162,CUST9155,Fashion,D,Flight,Delhi-Mumbai,3,5,780.02,6,18.3,1036,7,11,0,2023-06-22
SHIP07163,CUST1274,Electronics,B,Road,Delhi-Mumbai,1,2,3667.51,1,1.8,5652,4,7,0,2023-02-11
SHIP07164,CUST7171,Cosmetics,F,Ship,Delhi-Bangalore,1,3,566.36,3,12.0,5329,9,13,0,2023-05-05
SHIP07165,CUST6818,Fashion,F,Flight,Mumbai-Chennai,2,1,4594.74,2,50.8,5096,5,4,1,2023-04-01
SHIP07166,CUST6492,Fashion,F,Road,Delhi-Bangalore,2,5,2701.73,8,47.8,3611,4,9,0,2023-04-21
SHIP07167,CUST8827,Sporting Goods,D,Road,Delhi-Bangalore,6,1,881.19,3,54.2,3900,10,13,0,2023-08-04
SHIP07168,CUST1897,Electronics,A,Flight,Bangalore-Chennai,4,5,1091.9,2,46.2,1776,9,8,1,2023-01-30
SHIP07169,CUST7864,Home & Garden,B,Road,Bangalore-Chennai,7,2,3728.67,5,31.4,6894,8,7,1,2023-08-22
SHIP07170,CUST7864,Home & Garden,A,Road,Delhi-Bangalore,5,5,4408.94,0,26.3,6696,4,7,0,2023-02-22
SHIP07171,CUST3187,Cosmetics,A,Ship,Bangalore-Chennai,2,4,1452.58,1,9.4,5871,8,7,1,2023-06-29
SHIP07172,CUST7842,Home & Garden,B,Flight,Hyderabad-Pune,6,3,1572.29,7,26.8,1694,9,13,0,2023-08-28
SHIP07173,CUST5904,Cosmetics,F,Ship,Delhi-Bangalore,1,2,3460.79,5,35.4,1205,5,10,0,2023-03-12
SHIP07174,CUST3088,Sporting Goods,B,Flight,Delhi-Mumbai,4,3,3903.84,3,42.0,4244,10,12,0,2023-02-19
SHIP07175,CUST2372,Electronics,B,Ship,Kolkata-Delhi,5,2,2563.22,1,17.2,5280,4,4,1,2023-12-25
SHIP07176,CUST9401,Fashion,C,Road,Hyderabad-Pune,4,3,2327.53,4,8.0,2042,3,3,1,2023-03-26
SHIP07177,CUST5036,Sporting Goods,C,Ship,Bangalore-Chennai,5,5,1249.57,5,48.5,6454,7,6,1,2023-05-24
SHIP07178,CUST9890,Books,B,Flight,Bangalore-Chennai,1,2,1350.17,5,10.7,4021,4,3,1,2023-06-30
SHIP07179,CUST5638,Cosmetics,B,Road,Delhi-Bangalore,2,1,467.07,4,31.3,1553,5,5,1,2023-05-29
SHIP07180,CUST4897,Sporting Goods,D,Ship,Bangalore-Chennai,1,5,3294.26,1,45.1,6688,4,6,0,2023-03-17
SHIP07181,CUST8119,Fashion,B,Flight,Hyderabad-Pune,3,3,2188.42,1,11.1,6338,3,5,0,2023-11-20
SHIP07182,CUST9156,Home & Garden,B,Ship,Delhi-Bangalore,1,2,4931.56,6,26.2,2394,3,2,1,2023-08-12
SHIP07183,CUST7095,Sporting Goods,F,Flight,Hyderabad-Pune,2,2,2648.56,6,19.3,4373,9,11,0,2023-04-30
SHIP07184,CUST7368,Cosmetics,B,Ship,Mumbai-Chennai,5,4,2578.5,3,50.5,2350,7,6,1,2023-03-06
SHIP07185,CUST2047,Cosmetics,D,Flight,Delhi-Bangalore,4,3,3778.59,3,13.7,6757,5,5,1,2023-04-23
SHIP07186,CUST2422,Cosmetics,C,Road,Mumbai-Chennai,4,5,1665.74,7,42.2,1385,7,9,0,2023-10-09
SHIP07187,CUST7191,Cosmetics,A,Road,Kolkata-Delhi,6,5,3668.68,0,31.4,4185,9,11,0,2023-09-17
SHIP07188,CUST7423,Books,B,Ship,Delhi-Bangalore,5,5,1418.97,0,43.1,1589,9,9,1,2023-10-02
SHIP07189,CUST9779,Electronics,C,Road,Mumbai-Chennai,4,4,359.63,5,27.7,2480,10,13,0,2023-06-28
SHIP07190,CUST1409,Fashion,C,Flight,Mumbai-Chennai,4,5,523.47,4,57.9,2582,6,10,0,2023-10-09
SHIP07191,CUST6657,Electronics,C,Road,Kolkata-Delhi,4,3,2329.11,0,42.4,2669,5,9,0,2023-11-09
SHIP07192,CUST2762,Sporting Goods,A,Flight,Delhi-Bangalore,3,3,3222.98,6,8.2,3490,10,11,0,2023-07-25
SHIP07193,CUST9165,Home & Garden,F,Flight,Mumbai-Chennai,5,5,3140.26,8,15.0,4154,4,6,0,2024-01-01
SHIP07194,CUST9305,Fashion,A,Road,Delhi-Bangalore,7,1,4218.4,8,53.8,3443,3,8,0,2023-05-16
SHIP07195,CUST2715,Sporting Goods,D,Road,Hyderabad-Pune,4,2,1341.73,4,1.5,6781,8,7,1,2023-08-05
SHIP07196,CUST3918,Home & Garden,D,Road,Hyderabad-Pune,7,2,3301.27,2,39.9,5063,3,7,0,2023-09-26
SHIP07197,CUST2365,Cosmetics,F,Ship,Bangalore-Chennai,2,5,4098.88,3,47.3,6538,6,11,0,2023-01-11
SHIP07198,CUST6765,Home & Garden,B,Ship,Kolkata-Delhi,4,4,2421.31,5,24.2,1411,3,7,0,2023-09-20
SHIP07199,CUST9771,Electronics,F,Flight,Delhi-Bangalore,3,4,2195.13,5,46.0,1063,6,8,0,2023-02-16
SHIP07200,CUST5382,Sporting Goods,D,Flight,Kolkata-Delhi,3,3,1703.66,0,7.0,6528,8,13,0,2023-04-13
SHIP07201,CUST5119,Home & Garden,C,Flight,Mumbai-Chennai,3,4,766.55,2,54.0,4730,8,11,0,2023-10-13
SHIP07202,CUST1214,Electronics,F,Road,Kolkata-Delhi,3,2,3613.28,7,4.9,1622,4,5,0,2023-12-21
SHIP07203,CUST8729,Fashion,D,Ship,Delhi-Mumbai,7,2,2904.67,5,58.1,6584,10,9,1,2023-03-16
SHIP07204,CUST8693,Fashion,D,Ship,Mumbai-Chennai,2,3,1610.94,3,60.4,3091,7,9,0,2023-10-23
SHIP07205,CUST6953,Cosmetics,B,Ship,Delhi-Mumbai,5,5,2028.59,2,64.4,4374,4,8,0,2023-08-20
SHIP07206,CUST6706,Home & Garden,A,Flight,Bangalore-Chennai,2,4,757.72,4,8.7,2906,7,8,0,2023-07-16
SHIP07207,CUST3532,Home & Garden,D,Flight,Hyderabad-Pune,3,4,1965.1,3,31.3,4335,5,5,1,2023-10-07
SHIP07208,CUST5480,Books,B,Road,Mumbai-Chennai,5,3,1072.67,3,48.4,5654,5,8,0,2023-08-30
SHIP07209,CUST2043,Home & Garden,F,Ship,Hyderabad-Pune,7,3,2986.01,4,31.9,6150,4,9,0,2023-09-30
SHIP07210,CUST8918,Fashion,F,Flight,Delhi-Bangalore,3,5,2757.67,3,20.8,5824,9,13,0,2023-03-24
SHIP07211,CUST7693,Sporting Goods,B,Ship,Kolkata-Delhi,3,2,2090.37,1,17.3,2406,5,5,1,2023-02-27
SHIP07212,CUST7076,Fashion,D,Flight,Hyderabad-Pune,5,2,1526.0,1,39.2,3176,9,12,0,2023-11-09
SHIP07213,CUST6281,Books,C,Flight,Delhi-Mumbai,2,3,3182.81,3,65.0,1716,4,4,1,2023-03-25
SHIP07214,CUST6056,Sporting Goods,F,Road,Delhi-Bangalore,5,5,4128.66,8,10.5,1728,5,7,0,2023-12-22
SHIP07215,CUST5339,Home & Garden,F,Road,Hyderabad-Pune,7,4,2465.93,2,48.1,1877,10,11,0,2023-05-27
SHIP07216,CUST7410,Electronics,F,Flight,Delhi-Bangalore,6,1,392.81,0,8.9,2514,5,4,1,2023-10-21
SHIP07217,CUST3243,Fashion,F,Ship,Hyderabad-Pune,7,3,1392.75,7,22.4,4991,10,9,1,2023-10-03
SHIP07218,CUST7612,Electronics,B,Road,Delhi-Bangalore,3,4,632.67,1,5.1,5054,8,7,1,2023-05-18
SHIP07219,CUST8006,Books,C,Flight,Delhi-Mumbai,4,4,4199.1,1,62.0,4321,6,11,0,2023-11-10
SHIP07220,CUST8570,Cosmetics,F,Flight,Hyderabad-Pune,2,5,495.63,0,39.7,6219,4,3,1,2023-08-21
SHIP07221,CUST8435,Books,B,Road,Mumbai-Chennai,2,4,1166.29,6,31.2,1785,6,10,0,2023-11-18
SHIP07222,CUST5426,Home & Garden,A,Flight,Kolkata-Delhi,3,3,771.93,4,12.3,2865,6,5,1,2024-01-01
SHIP07223,CUST1037,Books,A,Flight,Delhi-Mumbai,6,2,2147.29,5,50.3,6560,10,15,0,2023-05-03
SHIP07224,CUST8080,Electronics,F,Ship,Mumbai-Chennai,7,3,1371.74,6,56.5,6780,4,8,0,2023-01-29
SHIP07225,CUST2844,Electronics,D,Road,Hyderabad-Pune,6,2,4099.94,5,39.5,3629,7,8,0,2023-08-28
SHIP07226,CUST3708,Home & Garden,C,Road,Bangalore-Chennai,3,4,4248.76,2,32.1,5580,4,3,1,2023-08-21
SHIP07227,CUST3377,Electronics,C,Flight,Kolkata-Delhi,2,2,2637.56,8,37.1,5813,5,9,0,2023-12-05
SHIP07228,CUST3850,Sporting Goods,A,Ship,Delhi-Mumbai,6,1,4993.16,8,18.7,4493,5,9,0,2023-05-24
SHIP07229,CUST3914,Cosmetics,C,Road,Hyderabad-Pune,2,5,3194.85,7,41.6,5191,4,6,0,2023-06-28
SHIP07230,CUST3250,Sporting Goods,A,Road,Hyderabad-Pune,5,4,1978.86,2,57.6,1918,8,11,0,2023-10-06
SHIP07231,CUST9245,Books,A,Flight,Kolkata-Delhi,2,3,3794.57,8,3.6,1121,8,13,0,2023-01-13
SHIP07232,CUST2250,Cosmetics,B,Ship,Bangalore-Chennai,5,2,3243.85,8,10.7,5298,8,12,0,2023-09-02
SHIP07233,CUST7353,Fashion,C,Road,Delhi-Bangalore,5,1,3519.27,1,6.0,5142,4,3,1,2023-09-28
SHIP07234,CUST4193,Books,F,Road,Kolkata-Delhi,3,1,1098.16,0,25.2,4104,3,7,0,2023-12-17
SHIP07235,CUST6597,Cosmetics,C,Ship,Hyderabad-Pune,3,2,1085.61,1,19.9,1188,9,13,0,2023-06-22
SHIP07236,CUST7771,Fashion,B,Ship,Mumbai-Chennai,5,1,4332.05,0,49.5,2052,3,5,0,2023-07-27
SHIP07237,CUST9067,Sporting Goods,F,Flight,Mumbai-Chennai,1,3,4055.23,5,10.8,2249,5,5,1,2023-09-02
SHIP07238,CUST7358,Cosmetics,F,Road,Mumbai-Chennai,2,2,156.02,8,22.4,5624,5,6,0,2023-11-19
SHIP07239,CUST8695,Home & Garden,A,Ship,Delhi-Mumbai,6,5,3355.22,7,62.2,2244,5,10,0,2023-09-09
SHIP07240,CUST2452,Books,C,Ship,Delhi-Bangalore,6,2,2240.05,8,2.0,1990,10,15,0,2023-03-27
SHIP07241,CUST5047,Home & Garden,C,Ship,Kolkata-Delhi,6,4,4656.0,6,63.7,6216,7,12,0,2023-07-23
SHIP07242,CUST8911,Sporting Goods,A,Ship,Bangalore-Chennai,7,4,4757.39,0,21.8,6143,8,9,0,2023-01-24
SHIP07243,CUST3717,Cosmetics,B,Ship,Mumbai-Chennai,4,4,904.44,5,30.0,2738,4,3,1,2023-04-29
SHIP07244,CUST7219,Sporting Goods,C,Flight,Mumbai-Chennai,7,4,1696.66,2,3.4,1801,5,9,0,2023-02-04
SHIP07245,CUST1033,Home & Garden,D,Road,Delhi-Bangalore,4,1,4639.49,4,2.6,1262,6,6,1,2023-03-29
SHIP07246,CUST8873,Cosmetics,D,Ship,Hyderabad-Pune,1,1,581.12,4,42.3,1348,10,9,1,2023-04-02
SHIP07247,CUST9808,Fashion,A,Road,Hyderabad-Pune,2,4,784.01,6,22.9,4774,5,10,0,2023-12-03
SHIP07248,CUST3833,Sporting Goods,B,Road,Bangalore-Chennai,7,2,2497.63,7,15.5,6162,8,13,0,2023-07-06
SHIP07249,CUST4109,Electronics,F,Flight,Hyderabad-Pune,7,3,3796.21,1,5.2,1237,3,3,1,2023-03-31
SHIP07250,CUST2892,Cosmetics,C,Road,Mumbai-Chennai,7,2,194.51,2,28.9,5282,9,13,0,2023-03-08
SHIP07251,CUST4616,Fashion,C,Ship,Mumbai-Chennai,3,5,4449.86,5,64.5,1838,4,7,0,2023-12-20
SHIP07252,CUST3160,Electronics,C,Road,Bangalore-Chennai,7,3,2104.65,1,37.7,2091,10,10,1,2023-08-07
SHIP07253,CUST5265,Sporting Goods,C,Flight,Delhi-Mumbai,4,1,4631.85,5,18.6,2543,3,2,1,2023-04-03
SHIP07254,CUST1444,Cosmetics,F,Ship,Delhi-Mumbai,3,2,1267.97,3,44.5,6321,9,8,1,2023-10-01
SHIP07255,CUST7753,Sporting Goods,F,Flight,Delhi-Mumbai,7,5,3318.35,1,57.8,2529,10,14,0,2023-03-13
SHIP07256,CUST6311,Fashion,D,Flight,Hyderabad-Pune,3,5,342.77,8,11.6,6151,3,4,0,2023-09-25
SHIP07257,CUST5698,Fashion,B,Road,Delhi-Bangalore,4,5,1106.26,0,54.3,1927,10,12,0,2023-11-24
SHIP07258,CUST3931,Electronics,A,Road,Delhi-Mumbai,5,1,770.36,7,14.8,6204,7,11,0,2023-08-27
SHIP07259,CUST6402,Cosmetics,D,Road,Bangalore-Chennai,2,2,4745.78,0,27.3,3718,5,4,1,2023-01-24
SHIP07260,CUST8715,Electronics,C,Road,Mumbai-Chennai,2,3,1050.75,3,23.6,3781,5,6,0,2023-07-30
SHIP07261,CUST8927,Electronics,C,Ship,Bangalore-Chennai,3,3,1743.68,4,0.5,3086,3,3,1,2023-08-06
SHIP07262,CUST2101,Electronics,F,Ship,Kolkata-Delhi,5,1,2698.33,8,2.5,1542,5,7,0,2023-02-12
SHIP07263,CUST8509,Fashion,F,Flight,Kolkata-Delhi,7,3,4893.49,8,35.6,6960,9,10,0,2023-08-08
SHIP07264,CUST3294,Home & Garden,B,Road,Delhi-Mumbai,3,2,1015.63,1,57.3,6836,3,2,1,2023-12-08
SHIP07265,CUST1471,Home & Garden,A,Road,Bangalore-Chennai,2,3,4764.33,1,64.8,4949,9,9,1,2023-08-01
SHIP07266,CUST5503,Home & Garden,B,Road,Delhi-Bangalore,6,1,1713.05,3,32.6,4368,4,7,0,2023-06-02
SHIP07267,CUST1529,Home & Garden,B,Road,Delhi-Bangalore,2,4,3359.58,3,17.9,5639,3,2,1,2023-12-09
SHIP07268,CUST8913,Home & Garden,D,Flight,Mumbai-Chennai,6,3,3229.09,6,62.6,2287,8,13,0,2023-09-23
SHIP07269,CUST1357,Fashion,B,Road,Mumbai-Chennai,4,4,2440.79,1,32.5,6377,5,10,0,2023-06-14
SHIP07270,CUST3060,Cosmetics,C,Flight,Delhi-Mumbai,1,3,483.14,7,13.5,3421,6,10,0,2023-03-06
SHIP07271,CUST9443,Home & Garden,B,Flight,Mumbai-Chennai,5,4,3048.35,4,14.8,2443,10,12,0,2023-08-27
SHIP07272,CUST2602,Books,A,Ship,Mumbai-Chennai,2,2,380.88,8,4.5,2875,3,2,1,2023-09-02
SHIP07273,CUST1987,Books,B,Road,Mumbai-Chennai,4,2,4692.05,1,29.4,6029,10,10,1,2023-07-14
SHIP07274,CUST7619,Cosmetics,B,Road,Hyderabad-Pune,7,4,4029.43,6,37.7,4501,3,3,1,2023-05-07
SHIP07275,CUST8368,Books,A,Ship,Delhi-Mumbai,4,3,1730.93,8,46.5,2992,4,8,0,2023-08-14
SHIP07276,CUST8761,Home & Garden,A,Ship,Hyderabad-Pune,2,2,476.0,4,16.1,2807,5,5,1,2023-02-17
SHIP07277,CUST1968,Electronics,F,Ship,Hyderabad-Pune,1,1,879.57,1,40.9,3862,8,12,0,2023-10-21
SHIP07278,CUST5064,Sporting Goods,A,Ship,Bangalore-Chennai,6,1,4235.43,4,27.1,5669,3,3,1,2023-06-14
SHIP07279,CUST6808,Books,C,Road,Delhi-Bangalore,6,4,3511.83,6,21.8,3895,10,15,0,2023-11-05
SHIP07280,CUST2104,Sporting Goods,A,Road,Bangalore-Chennai,3,5,1762.58,4,33.9,2933,8,13,0,2023-03-27
SHIP07281,CUST2032,Sporting Goods,B,Ship,Hyderabad-Pune,3,1,2027.1,0,60.1,6758,7,10,0,2023-09-05
SHIP07282,CUST9209,Home & Garden,C,Ship,Bangalore-Chennai,4,4,529.58,8,46.0,5392,4,3,1,2023-11-11
SHIP07283,CUST3539,Cosmetics,C,Ship,Mumbai-Chennai,1,5,4313.92,2,57.9,2786,3,3,1,2023-05-15
SHIP07284,CUST5229,Sporting Goods,A,Flight,Hyderabad-Pune,3,2,3037.94,6,57.3,2620,8,12,0,2023-01-10
SHIP07285,CUST3774,Home & Garden,F,Road,Delhi-Bangalore,3,4,1191.22,7,8.5,4680,4,7,0,2023-07-07
SHIP07286,CUST8167,Fashion,F,Flight,Mumbai-Chennai,6,4,433.76,0,35.1,4168,10,10,1,2023-01-10
SHIP07287,CUST3637,Books,C,Road,Kolkata-Delhi,7,5,2397.49,2,24.5,3808,6,10,0,2023-06-06
SHIP07288,CUST3165,Sporting Goods,D,Road,Delhi-Bangalore,3,5,3069.69,1,35.8,3459,10,12,0,2023-03-21
SHIP07289,CUST8273,Fashion,C,Ship,Delhi-Mumbai,1,5,904.38,6,41.1,6393,8,9,0,2023-04-27
SHIP07290,CUST1096,Cosmetics,A,Flight,Bangalore-Chennai,6,4,437.82,8,6.0,5340,8,8,1,2023-10-03
SHIP07291,CUST3695,Fashion,D,Road,Bangalore-Chennai,2,3,2051.18,5,23.3,1764,8,11,0,2023-12-29
SHIP07292,CUST4137,Home & Garden,F,Road,Kolkata-Delhi,4,1,3102.32,7,14.9,5976,9,10,0,2023-06-08
SHIP07293,CUST2560,Books,A,Ship,Hyderabad-Pune,1,1,195.11,8,51.2,1709,6,10,0,2023-10-21
SHIP07294,CUST9390,Books,A,Flight,Bangalore-Chennai,2,1,2136.63,5,32.2,6406,6,11,0,2023-12-11
SHIP07295,CUST5405,Electronics,C,Road,Hyderabad-Pune,5,1,973.78,1,29.3,4647,7,7,1,2023-05-31
SHIP07296,CUST5626,Home & Garden,D,Ship,Bangalore-Chennai,6,2,2422.42,4,16.1,1538,5,4,1,2023-08-23
SHIP07297,CUST3724,Sporting Goods,B,Road,Kolkata-Delhi,3,1,2937.13,8,45.4,6747,4,6,0,2023-04-03
SHIP07298,CUST9358,Cosmetics,A,Flight,Hyderabad-Pune,3,5,1800.97,3,34.3,5079,5,10,0,2023-11-23
SHIP07299,CUST2720,Sporting Goods,D,Road,Kolkata-Delhi,6,1,3629.45,8,58.6,6756,10,10,1,2023-07-12
SHIP07300,CUST2940,Electronics,F,Flight,Bangalore-Chennai,7,4,2042.13,7,42.6,5694,10,11,0,2023-05-16
SHIP07301,CUST2522,Cosmetics,A,Flight,Delhi-Mumbai,7,1,976.66,7,27.9,6290,7,10,0,2023-08-18
SHIP07302,CUST1824,Electronics,C,Flight,Delhi-Bangalore,6,1,1544.67,2,12.2,1674,6,11,0,2023-01-08
SHIP07303,CUST4440,Books,D,Flight,Kolkata-Delhi,3,4,4249.63,6,24.7,3458,4,4,1,2023-05-12
SHIP07304,CUST9762,Cosmetics,D,Flight,Mumbai-Chennai,3,1,2253.26,7,12.8,5206,5,4,1,2023-11-06
SHIP07305,CUST3668,Electronics,A,Ship,Bangalore-Chennai,1,5,3699.01,1,25.8,3356,4,5,0,2023-05-18
SHIP07306,CUST2466,Sporting Goods,B,Flight,Delhi-Bangalore,5,3,2611.78,2,19.2,4529,7,7,1,2023-07-14
SHIP07307,CUST4414,Books,F,Road,Delhi-Mumbai,6,2,1737.41,2,52.6,3076,8,11,0,2023-10-15
SHIP07308,CUST5462,Cosmetics,A,Ship,Delhi-Mumbai,6,4,4116.05,7,3.8,3714,9,9,1,2023-12-20
SHIP07309,CUST4920,Books,D,Road,Hyderabad-Pune,4,4,3003.27,0,38.9,2479,6,9,0,2023-12-25
SHIP07310,CUST7462,Sporting Goods,C,Road,Bangalore-Chennai,2,3,407.77,4,40.4,3177,5,10,0,2023-01-05
SHIP07311,CUST3774,Home & Garden,B,Road,Mumbai-Chennai,4,1,1734.52,1,6.1,5841,8,9,0,2023-10-20
SHIP07312,CUST7750,Electronics,B,Flight,Kolkata-Delhi,3,2,1561.13,4,22.9,6025,8,8,1,2023-04-24
SHIP07313,CUST5090,Books,D,Road,Mumbai-Chennai,5,4,3456.2,3,12.5,1974,4,4,1,2023-07-02
SHIP07314,CUST4576,Sporting Goods,B,Road,Bangalore-Chennai,1,4,2442.81,8,51.8,5919,7,12,0,2023-07-11
SHIP07315,CUST5522,Electronics,D,Ship,Mumbai-Chennai,1,4,242.04,8,59.5,1746,8,13,0,2023-12-02
SHIP07316,CUST5153,Sporting Goods,B,Ship,Bangalore-Chennai,2,5,2236.25,6,21.1,4064,7,8,0,2023-12-20
SHIP07317,CUST2920,Fashion,A,Road,Mumbai-Chennai,1,4,2002.75,7,16.2,5667,4,4,1,2023-10-02
SHIP07318,CUST1223,Cosmetics,F,Ship,Mumbai-Chennai,2,2,2067.84,1,59.3,1015,3,4,0,2023-10-20
SHIP07319,CUST2021,Fashion,C,Road,Delhi-Bangalore,4,4,3973.45,2,43.7,1462,9,14,0,2023-04-13
SHIP07320,CUST9485,Books,B,Flight,Bangalore-Chennai,4,4,424.69,7,18.6,6106,9,14,0,2023-04-18
SHIP07321,CUST8238,Cosmetics,D,Road,Hyderabad-Pune,5,4,3189.69,4,18.4,2890,8,8,1,2023-09-26
SHIP07322,CUST6135,Home & Garden,D,Road,Mumbai-Chennai,4,1,2803.49,0,29.5,2838,4,8,0,2023-03-27
SHIP07323,CUST3964,Home & Garden,A,Flight,Bangalore-Chennai,1,5,2741.11,1,47.5,2207,10,12,0,2023-03-28
SHIP07324,CUST9773,Home & Garden,B,Flight,Delhi-Bangalore,6,2,1697.35,2,49.9,4536,8,7,1,2023-09-10
SHIP07325,CUST3510,Fashion,F,Ship,Kolkata-Delhi,5,1,1348.21,6,50.3,4090,10,14,0,2023-12-15
SHIP07326,CUST9624,Fashion,F,Flight,Mumbai-Chennai,5,5,4255.86,7,33.8,6274,10,9,1,2023-06-02
SHIP07327,CUST9297,Electronics,B,Road,Mumbai-Chennai,4,3,4957.67,7,55.8,6411,10,14,0,2023-04-11
SHIP07328,CUST5476,Sporting Goods,A,Ship,Mumbai-Chennai,4,5,4825.36,2,23.8,6418,3,7,0,2023-03-11
SHIP07329,CUST2432,Cosmetics,D,Flight,Delhi-Mumbai,1,4,1408.62,0,59.7,6732,9,14,0,2023-10-01
SHIP07330,CUST4586,Electronics,B,Road,Kolkata-Delhi,6,5,4510.81,3,10.5,1502,3,2,1,2023-12-30
SHIP07331,CUST8190,Books,A,Flight,Kolkata-Delhi,7,4,3170.12,0,62.5,1764,9,14,0,2023-11-29
SHIP07332,CUST2387,Books,B,Road,Delhi-Bangalore,1,3,4647.8,5,55.4,3832,5,8,0,2023-07-30
SHIP07333,CUST5956,Fashion,F,Flight,Delhi-Bangalore,7,2,4310.07,2,59.0,1581,5,9,0,2023-09-20
SHIP07334,CUST6722,Electronics,D,Flight,Kolkata-Delhi,6,5,138.56,7,53.5,6269,10,9,1,2023-12-09
SHIP07335,CUST7184,Home & Garden,B,Road,Hyderabad-Pune,4,5,2315.04,5,48.0,2932,7,6,1,2023-03-23
SHIP07336,CUST7304,Cosmetics,D,Road,Delhi-Mumbai,1,4,2629.38,6,44.9,5454,5,7,0,2023-09-21
SHIP07337,CUST8668,Cosmetics,B,Ship,Delhi-Bangalore,1,3,3842.68,7,43.8,1843,4,8,0,2023-05-17
SHIP07338,CUST7502,Home & Garden,B,Ship,Delhi-Mumbai,4,4,4335.06,3,40.3,6988,8,8,1,2023-07-29
SHIP07339,CUST8799,Books,C,Flight,Kolkata-Delhi,5,2,4422.41,4,10.2,6494,8,9,0,2023-05-12
SHIP07340,CUST6473,Books,C,Ship,Kolkata-Delhi,5,4,4999.85,0,1.0,5558,10,15,0,2023-03-05
SHIP07341,CUST6859,Cosmetics,C,Road,Hyderabad-Pune,6,1,1196.27,6,28.5,4476,7,10,0,2023-05-24
SHIP07342,CUST7824,Home & Garden,A,Flight,Hyderabad-Pune,4,2,1622.72,2,45.1,3943,4,3,1,2023-06-27
SHIP07343,CUST2883,Books,F,Ship,Kolkata-Delhi,7,2,696.33,3,3.4,1286,6,9,0,2023-07-20
SHIP07344,CUST9359,Electronics,F,Ship,Kolkata-Delhi,5,1,734.92,8,40.6,4770,5,4,1,2023-07-25
SHIP07345,CUST9076,Fashion,F,Road,Bangalore-Chennai,4,2,1326.4,0,49.2,1260,4,8,0,2023-05-06
SHIP07346,CUST3536,Home & Garden,A,Flight,Delhi-Mumbai,6,3,2919.88,1,16.2,5361,5,6,0,2023-05-04
SHIP07347,CUST2175,Books,F,Ship,Delhi-Bangalore,4,5,4883.99,2,61.1,6137,3,7,0,2023-10-05
SHIP07348,CUST3992,Fashion,D,Flight,Mumbai-Chennai,5,5,1783.1,0,6.9,2034,4,6,0,2023-05-11
SHIP07349,CUST2864,Fashion,B,Flight,Delhi-Mumbai,4,5,409.45,2,27.9,4252,4,9,0,2023-11-30
SHIP07350,CUST6144,Sporting Goods,B,Flight,Hyderabad-Pune,4,3,1887.08,3,62.1,6439,6,6,1,2023-09-09
SHIP07351,CUST9838,Cosmetics,F,Road,Kolkata-Delhi,2,2,4487.65,8,54.6,4494,8,11,0,2023-09-11
SHIP07352,CUST8480,Books,C,Road,Delhi-Bangalore,2,3,1622.98,7,63.3,2696,7,7,1,2023-10-20
SHIP07353,CUST8643,Home & Garden,B,Flight,Delhi-Bangalore,7,1,3783.01,2,64.4,4973,9,14,0,2023-09-05
SHIP07354,CUST2033,Electronics,D,Road,Hyderabad-Pune,1,2,1537.52,5,26.6,6139,6,10,0,2023-06-21
SHIP07355,CUST8924,Electronics,B,Ship,Mumbai-Chennai,4,3,3803.09,5,54.8,1656,3,7,0,2023-08-29
SHIP07356,CUST3297,Fashion,C,Road,Kolkata-Delhi,7,5,2863.62,1,34.7,3730,7,11,0,2023-10-11
SHIP07357,CUST4085,Electronics,D,Ship,Kolkata-Delhi,4,5,1065.9,6,31.5,4485,10,11,0,2023-05-25
SHIP07358,CUST8027,Sporting Goods,D,Road,Hyderabad-Pune,6,2,3922.42,6,15.7,1418,3,7,0,2023-07-20
SHIP07359,CUST1576,Electronics,C,Flight,Delhi-Bangalore,1,4,4116.76,7,44.9,1060,5,6,0,2023-04-24
SHIP07360,CUST3342,Fashion,B,Flight,Delhi-Mumbai,7,4,4240.36,6,46.4,1167,7,6,1,2023-05-16
SHIP07361,CUST7165,Home & Garden,D,Ship,Kolkata-Delhi,5,5,4238.89,6,26.5,5226,9,10,0,2023-01-23
SHIP07362,CUST4206,Electronics,B,Flight,Mumbai-Chennai,5,4,2570.61,7,29.4,4641,3,2,1,2023-04-15
SHIP07363,CUST9845,Fashion,A,Ship,Bangalore-Chennai,6,1,807.62,7,33.2,3751,10,14,0,2023-06-30
SHIP07364,CUST5335,Sporting Goods,F,Road,Delhi-Bangalore,5,5,2574.74,6,64.3,6790,5,8,0,2023-08-07
SHIP07365,CUST6856,Home & Garden,C,Ship,Mumbai-Chennai,1,3,1411.86,1,26.1,6405,4,4,1,2023-10-29
SHIP07366,CUST1919,Sporting Goods,A,Flight,Bangalore-Chennai,5,4,3026.43,7,59.1,2222,5,6,0,2023-07-04
SHIP07367,CUST8077,Electronics,C,Ship,Delhi-Mumbai,1,2,1833.39,3,23.2,2928,10,15,0,2023-04-26
SHIP07368,CUST9219,Electronics,A,Ship,Hyderabad-Pune,4,2,518.58,0,50.8,1259,8,8,1,2023-06-15
SHIP07369,CUST2267,Cosmetics,D,Flight,Hyderabad-Pune,2,4,1168.78,5,3.3,1267,9,9,1,2023-04-12
SHIP07370,CUST1183,Cosmetics,A,Road,Hyderabad-Pune,3,5,3828.74,7,12.9,2021,6,9,0,2023-01-22
SHIP07371,CUST5548,Electronics,F,Road,Delhi-Bangalore,2,3,2710.67,2,11.2,3426,5,10,0,2023-06-03
SHIP07372,CUST6340,Books,A,Flight,Delhi-Mumbai,3,2,4885.81,5,18.5,5750,10,9,1,2023-06-28
SHIP07373,CUST8211,Books,A,Ship,Hyderabad-Pune,4,5,4065.7,0,8.2,2792,8,11,0,2023-09-25
SHIP07374,CUST2145,Books,A,Road,Bangalore-Chennai,5,2,2868.11,7,50.7,2191,9,12,0,2023-07-22
SHIP07375,CUST3363,Sporting Goods,A,Flight,Delhi-Bangalore,3,1,2661.34,2,32.4,4130,10,14,0,2023-02-21
SHIP07376,CUST3000,Cosmetics,C,Flight,Delhi-Bangalore,2,4,1089.01,0,2.2,1262,4,7,0,2023-09-28
SHIP07377,CUST2360,Books,B,Road,Delhi-Mumbai,3,1,164.73,4,58.7,1432,9,9,1,2023-11-13
SHIP07378,CUST2853,Home & Garden,D,Flight,Kolkata-Delhi,2,1,341.9,1,26.4,4135,9,9,1,2023-04-22
SHIP07379,CUST2223,Home & Garden,F,Road,Mumbai-Chennai,2,1,2644.29,6,56.7,4814,4,9,0,2023-11-12
SHIP07380,CUST2271,Books,F,Flight,Mumbai-Chennai,7,2,4106.35,3,47.2,2050,7,9,0,2023-05-05
SHIP07381,CUST4120,Cosmetics,A,Road,Kolkata-Delhi,3,3,1199.47,4,16.5,6299,4,7,0,2023-01-05
SHIP07382,CUST3661,Books,D,Ship,Delhi-Bangalore,4,4,4944.0,4,21.2,5615,5,7,0,2023-04-26
SHIP07383,CUST8101,Fashion,C,Road,Bangalore-Chennai,6,2,1730.08,2,45.7,6441,9,14,0,2023-03-25
SHIP07384,CUST8504,Home & Garden,F,Ship,Kolkata-Delhi,4,4,2122.98,0,60.3,5638,5,7,0,2023-12-26
SHIP07385,CUST6815,Books,F,Ship,Bangalore-Chennai,6,3,1406.38,5,48.0,1567,9,10,0,2023-06-06
SHIP07386,CUST3726,Home & Garden,F,Ship,Delhi-Bangalore,4,2,2810.76,8,58.1,5464,10,12,0,2023-06-02
SHIP07387,CUST1105,Electronics,C,Road,Mumbai-Chennai,7,5,4183.21,7,60.5,4425,10,12,0,2023-02-08
SHIP07388,CUST2831,Fashion,A,Road,Hyderabad-Pune,4,2,4545.08,8,22.4,1447,3,6,0,2023-08-23
SHIP07389,CUST9512,Fashion,A,Road,Bangalore-Chennai,6,4,1532.35,0,60.7,2062,5,10,0,2023-01-01
SHIP07390,CUST6909,Cosmetics,F,Flight,Delhi-Mumbai,6,1,1797.71,8,0.5,3001,6,8,0,2023-09-22
SHIP07391,CUST9734,Sporting Goods,A,Road,Hyderabad-Pune,4,5,2146.15,5,53.3,3440,6,11,0,2023-11-09
SHIP07392,CUST4430,Books,A,Flight,Kolkata-Delhi,2,1,4726.83,8,3.1,2534,7,9,0,2023-05-19
SHIP07393,CUST4681,Sporting Goods,F,Ship,Hyderabad-Pune,7,5,4527.53,8,65.0,5187,5,9,0,2023-08-24
SHIP07394,CUST8503,Home & Garden,D,Road,Kolkata-Delhi,5,2,224.89,5,53.2,1301,8,8,1,2023-09-03
SHIP07395,CUST4553,Cosmetics,F,Flight,Hyderabad-Pune,7,5,2202.87,0,61.6,3451,8,11,0,2024-01-01
SHIP07396,CUST9692,Sporting Goods,D,Road,Hyderabad-Pune,5,1,4049.5,5,22.8,5027,5,6,0,2023-02-06
SHIP07397,CUST5298,Fashion,F,Road,Mumbai-Chennai,6,1,4924.69,1,34.6,3370,10,13,0,2023-10-04
SHIP07398,CUST3772,Cosmetics,C,Ship,Hyderabad-Pune,7,4,2904.02,0,57.0,6021,6,7,0,2023-01-23
SHIP07399,CUST8334,Books,D,Flight,Hyderabad-Pune,1,1,2707.31,8,6.9,1329,10,10,1,2023-01-03
SHIP07400,CUST5421,Electronics,A,Ship,Delhi-Bangalore,1,4,4698.94,6,64.7,1630,8,10,0,2023-06-24
SHIP07401,CUST4224,Sporting Goods,A,Flight,Mumbai-Chennai,1,3,4859.54,4,13.8,5957,6,9,0,2023-04-01
SHIP07402,CUST3502,Sporting Goods,C,Ship,Kolkata-Delhi,3,3,1109.19,8,19.9,3950,7,7,1,2023-11-23
SHIP07403,CUST5291,Electronics,F,Flight,Delhi-Bangalore,3,4,628.13,8,54.9,2476,5,6,0,2023-08-19
SHIP07404,CUST3275,Fashion,A,Road,Mumbai-Chennai,1,2,581.86,5,17.5,6205,8,8,1,2023-05-01
SHIP07405,CUST8966,Electronics,F,Flight,Mumbai-Chennai,7,4,2491.11,4,3.9,6078,10,13,0,2023-12-03
SHIP07406,CUST2781,Home & Garden,B,Flight,Kolkata-Delhi,6,2,4216.78,0,34.9,2931,3,7,0,2023-07-14
SHIP07407,CUST2792,Electronics,C,Ship,Hyderabad-Pune,2,3,3435.6,8,27.3,1735,5,9,0,2023-02-06
SHIP07408,CUST7710,Fashion,C,Flight,Mumbai-Chennai,4,5,2670.48,1,18.3,6979,4,5,0,2023-02-10
SHIP07409,CUST4963,Home & Garden,C,Road,Kolkata-Delhi,5,3,2543.39,7,49.9,4165,10,11,0,2023-09-03
SHIP07410,CUST9184,Cosmetics,F,Road,Kolkata-Delhi,2,2,504.11,1,37.3,3828,6,7,0,2023-05-17
SHIP07411,CUST2021,Books,C,Flight,Delhi-Bangalore,4,1,4199.54,4,58.9,6499,10,11,0,2023-05-08
SHIP07412,CUST4481,Electronics,C,Ship,Hyderabad-Pune,4,5,839.34,6,5.5,6414,10,15,0,2023-02-20
SHIP07413,CUST8629,Books,F,Road,Delhi-Bangalore,1,4,3369.2,0,17.0,3732,5,8,0,2023-03-28
SHIP07414,CUST8185,Home & Garden,A,Flight,Delhi-Mumbai,4,3,4480.05,0,6.3,6295,10,14,0,2023-01-31
SHIP07415,CUST6848,Sporting Goods,B,Ship,Hyderabad-Pune,3,4,4523.32,1,38.7,4634,4,8,0,2023-06-20
SHIP07416,CUST7577,Home & Garden,C,Flight,Hyderabad-Pune,3,5,2904.42,4,60.6,6017,8,13,0,2023-02-14
SHIP07417,CUST3562,Electronics,A,Road,Hyderabad-Pune,7,4,4470.26,8,62.2,3908,10,15,0,2023-07-13
SHIP07418,CUST9196,Books,C,Road,Bangalore-Chennai,7,5,3449.02,3,60.6,5688,7,7,1,2023-01-23
SHIP07419,CUST1207,Home & Garden,D,Flight,Delhi-Mumbai,5,4,3524.13,3,0.3,3937,8,7,1,2023-11-07
SHIP07420,CUST3934,Fashion,F,Road,Delhi-Bangalore,3,1,4722.27,1,15.7,3321,9,9,1,2023-07-13
SHIP07421,CUST5491,Sporting Goods,D,Ship,Delhi-Bangalore,6,4,1370.02,2,20.9,3201,3,2,1,2023-08-25
SHIP07422,CUST6594,Electronics,F,Ship,Bangalore-Chennai,6,4,1424.52,7,45.0,4878,4,7,0,2023-10-29
SHIP07423,CUST7239,Home & Garden,A,Flight,Hyderabad-Pune,2,5,3259.85,2,23.6,6573,6,9,0,2023-09-01
SHIP07424,CUST8422,Electronics,C,Flight,Mumbai-Chennai,4,1,3219.71,3,56.2,6219,10,15,0,2023-05-31
SHIP07425,CUST2096,Home & Garden,D,Road,Bangalore-Chennai,4,2,2892.26,3,0.1,1037,10,12,0,2023-11-21
SHIP07426,CUST1286,Sporting Goods,B,Road,Delhi-Bangalore,5,4,1118.92,5,20.3,6754,4,7,0,2023-04-01
SHIP07427,CUST9237,Cosmetics,F,Road,Kolkata-Delhi,1,2,754.31,2,57.8,3171,6,6,1,2023-06-20
SHIP07428,CUST6101,Electronics,D,Ship,Bangalore-Chennai,4,4,3137.06,4,22.0,3556,7,12,0,2023-07-31
SHIP07429,CUST8809,Home & Garden,A,Ship,Hyderabad-Pune,5,1,3482.79,5,16.9,2061,6,11,0,2023-01-16
SHIP07430,CUST8726,Home & Garden,B,Road,Mumbai-Chennai,4,4,4597.34,6,6.3,6458,5,8,0,2023-10-26
SHIP07431,CUST7401,Electronics,F,Ship,Hyderabad-Pune,5,2,435.09,6,47.4,6801,10,9,1,2023-05-02
SHIP07432,CUST2188,Cosmetics,C,Flight,Kolkata-Delhi,2,5,4693.36,6,35.9,1097,5,9,0,2023-05-23
SHIP07433,CUST1134,Cosmetics,B,Ship,Kolkata-Delhi,6,3,2152.25,6,39.0,2207,8,10,0,2023-02-04
SHIP07434,CUST4591,Books,B,Ship,Delhi-Bangalore,3,4,3669.92,6,54.4,5072,6,6,1,2023-10-14
SHIP07435,CUST9802,Sporting Goods,F,Ship,Delhi-Mumbai,6,5,1592.41,3,33.4,3280,6,11,0,2023-08-13
SHIP07436,CUST7187,Sporting Goods,F,Ship,Delhi-Bangalore,7,2,917.25,1,11.0,5662,8,7,1,2023-07-08
SHIP07437,CUST3715,Sporting Goods,F,Ship,Delhi-Bangalore,2,3,1147.37,1,20.3,2822,8,9,0,2023-04-10
SHIP07438,CUST6270,Sporting Goods,F,Flight,Bangalore-Chennai,6,2,2296.96,8,50.9,2805,3,4,0,2023-02-06
SHIP07439,CUST7704,Cosmetics,C,Ship,Mumbai-Chennai,7,4,4140.19,3,33.4,6752,7,6,1,2023-05-28
SHIP07440,CUST7765,Cosmetics,F,Ship,Hyderabad-Pune,4,4,1086.18,1,23.2,6247,5,5,1,2023-03-28
SHIP07441,CUST8240,Cosmetics,D,Flight,Kolkata-Delhi,4,2,4064.95,0,56.9,3755,10,9,1,2023-08-16
SHIP07442,CUST2010,Sporting Goods,C,Flight,Kolkata-Delhi,5,4,2764.44,5,52.0,1400,9,13,0,2023-07-14
SHIP07443,CUST7767,Fashion,D,Ship,Mumbai-Chennai,4,5,4748.75,7,26.5,6241,3,4,0,2023-09-01
SHIP07444,CUST3397,Sporting Goods,D,Road,Hyderabad-Pune,7,5,3998.75,2,35.4,1026,9,13,0,2023-10-12
SHIP07445,CUST8995,Books,D,Road,Hyderabad-Pune,2,1,4814.87,6,53.5,3631,10,15,0,2023-02-24
SHIP07446,CUST3569,Fashion,D,Ship,Mumbai-Chennai,4,1,4619.42,4,42.8,6912,9,12,0,2023-01-11
SHIP07447,CUST7472,Fashion,A,Road,Kolkata-Delhi,4,4,984.84,6,0.3,5265,4,8,0,2023-04-30
SHIP07448,CUST5520,Electronics,D,Ship,Bangalore-Chennai,7,5,2459.38,1,16.9,1068,6,7,0,2023-09-01
SHIP07449,CUST1085,Home & Garden,D,Road,Mumbai-Chennai,7,4,4747.27,5,20.7,2467,9,14,0,2023-07-04
SHIP07450,CUST8146,Cosmetics,C,Road,Delhi-Mumbai,3,3,2342.44,1,40.1,4755,9,13,0,2023-08-12
SHIP07451,CUST2267,Cosmetics,C,Road,Delhi-Bangalore,5,5,3553.87,8,45.1,3069,7,8,0,2023-11-22
SHIP07452,CUST6410,Cosmetics,B,Road,Bangalore-Chennai,5,3,4050.75,5,14.4,6348,3,8,0,2023-01-07
SHIP07453,CUST9084,Books,F,Flight,Delhi-Mumbai,3,1,3291.12,6,26.8,1775,5,10,0,2023-02-14
SHIP07454,CUST8043,Fashion,A,Road,Delhi-Bangalore,4,3,1083.74,6,46.8,1871,10,15,0,2023-07-05
SHIP07455,CUST1863,Fashion,F,Ship,Delhi-Bangalore,4,2,2262.6,5,51.0,3325,10,12,0,2023-05-15
SHIP07456,CUST6389,Home & Garden,D,Road,Delhi-Mumbai,4,5,3002.41,6,44.3,3864,5,4,1,2023-05-11
SHIP07457,CUST7452,Fashion,A,Flight,Kolkata-Delhi,4,5,3972.65,2,60.7,4652,5,4,1,2023-10-03
SHIP07458,CUST1852,Electronics,F,Road,Hyderabad-Pune,3,4,3545.39,5,29.3,5595,3,2,1,2023-12-10
SHIP07459,CUST9291,Books,A,Road,Delhi-Mumbai,7,4,1269.07,6,2.4,1054,9,9,1,2023-02-02
SHIP07460,CUST7922,Sporting Goods,D,Ship,Mumbai-Chennai,7,3,118.31,7,22.7,4693,9,9,1,2023-10-09
SHIP07461,CUST7143,Electronics,D,Road,Hyderabad-Pune,6,4,960.05,4,13.8,6232,3,5,0,2023-03-01
SHIP07462,CUST2476,Books,C,Road,Delhi-Mumbai,3,1,4802.48,8,45.2,2527,10,13,0,2023-09-21
SHIP07463,CUST3327,Books,C,Flight,Mumbai-Chennai,6,4,3024.77,7,35.8,2398,9,14,0,2023-06-14
SHIP07464,CUST5913,Books,F,Road,Delhi-Mumbai,6,3,2700.2,3,17.7,3580,6,9,0,2023-05-16
SHIP07465,CUST9578,Home & Garden,D,Flight,Bangalore-Chennai,2,5,4391.09,6,13.0,2603,10,9,1,2023-08-27
SHIP07466,CUST1169,Sporting Goods,B,Flight,Hyderabad-Pune,1,2,4860.92,8,9.1,1718,4,5,0,2023-04-02
SHIP07467,CUST9767,Electronics,D,Flight,Bangalore-Chennai,6,2,3732.4,7,40.3,4080,9,13,0,2023-03-27
SHIP07468,CUST2154,Electronics,A,Ship,Delhi-Bangalore,5,2,3568.87,4,60.7,2354,9,14,0,2023-05-21
SHIP07469,CUST4825,Electronics,A,Road,Delhi-Bangalore,6,4,4289.11,8,39.9,1054,3,7,0,2023-09-07
SHIP07470,CUST9082,Sporting Goods,F,Road,Hyderabad-Pune,3,1,3090.29,6,64.3,2248,8,8,1,2023-09-11
SHIP07471,CUST5724,Electronics,D,Flight,Bangalore-Chennai,7,5,2494.2,7,28.3,5986,7,8,0,2023-06-19
SHIP07472,CUST1956,Fashion,B,Road,Delhi-Bangalore,6,5,1563.76,1,37.6,1120,10,13,0,2023-10-20
SHIP07473,CUST7009,Books,F,Road,Bangalore-Chennai,4,5,4052.9,5,17.4,5806,3,2,1,2023-02-20
SHIP07474,CUST5048,Cosmetics,C,Road,Mumbai-Chennai,3,2,1247.15,6,11.2,6839,6,6,1,2023-01-22
SHIP07475,CUST8422,Electronics,C,Flight,Bangalore-Chennai,7,5,2984.67,3,32.3,1376,7,7,1,2023-08-18
SHIP07476,CUST8818,Fashion,D,Ship,Bangalore-Chennai,1,4,2570.81,2,39.3,2692,6,11,0,2023-09-28
SHIP07477,CUST6055,Sporting Goods,D,Road,Bangalore-Chennai,6,5,1627.43,6,39.0,2964,4,9,0,2023-05-18
SHIP07478,CUST3985,Cosmetics,A,Flight,Mumbai-Chennai,7,5,4163.08,2,22.9,2225,5,6,0,2023-08-29
SHIP07479,CUST4755,Sporting Goods,A,Road,Hyderabad-Pune,5,1,861.55,3,59.6,2178,5,8,0,2023-01-21
SHIP07480,CUST5671,Cosmetics,A,Ship,Mumbai-Chennai,3,5,4851.48,7,35.1,6144,6,7,0,2023-10-11
SHIP07481,CUST6867,Cosmetics,C,Flight,Bangalore-Chennai,7,1,4733.28,2,33.7,2941,5,7,0,2023-09-20
SHIP07482,CUST4997,Books,C,Ship,Mumbai-Chennai,4,3,3786.07,2,10.3,2866,3,4,0,2023-06-01
SHIP07483,CUST6784,Fashion,B,Ship,Bangalore-Chennai,7,5,1934.2,3,51.3,5390,7,10,0,2023-01-22
SHIP07484,CUST7960,Books,B,Flight,Bangalore-Chennai,5,3,3947.01,8,58.1,6468,5,10,0,2023-11-23
SHIP07485,CUST6461,Fashion,A,Flight,Hyderabad-Pune,3,4,3510.77,5,31.0,4220,6,9,0,2023-11-17
SHIP07486,CUST3832,Home & Garden,C,Ship,Delhi-Mumbai,1,3,1050.53,0,20.6,3221,10,12,0,2023-01-13
SHIP07487,CUST3689,Electronics,D,Road,Hyderabad-Pune,7,4,2837.22,4,5.0,3874,3,3,1,2023-09-02
SHIP07488,CUST3263,Sporting Goods,D,Road,Delhi-Mumbai,4,3,2716.63,2,36.8,4077,3,4,0,2023-07-25
SHIP07489,CUST6466,Home & Garden,B,Ship,Bangalore-Chennai,5,2,4264.97,2,20.1,2512,10,15,0,2023-07-07
SHIP07490,CUST2495,Cosmetics,B,Flight,Mumbai-Chennai,6,3,3842.61,5,32.9,2824,3,7,0,2023-09-30
SHIP07491,CUST7325,Fashion,B,Flight,Mumbai-Chennai,1,1,3404.44,2,61.8,3026,7,7,1,2023-06-25
SHIP07492,CUST2784,Cosmetics,D,Ship,Kolkata-Delhi,3,5,2530.17,2,55.2,6313,8,13,0,2023-03-01
SHIP07493,CUST2554,Home & Garden,C,Flight,Delhi-Bangalore,2,5,3095.82,3,64.7,3187,5,4,1,2023-03-31
SHIP07494,CUST5441,Fashion,D,Flight,Delhi-Mumbai,2,4,3306.98,8,64.4,1134,10,11,0,2023-10-04
SHIP07495,CUST1348,Sporting Goods,B,Ship,Kolkata-Delhi,3,1,1874.35,5,47.4,6305,9,13,0,2023-03-06
SHIP07496,CUST1879,Home & Garden,C,Road,Bangalore-Chennai,7,1,3507.71,2,19.5,5686,8,8,1,2023-04-22
SHIP07497,CUST2574,Electronics,F,Road,Hyderabad-Pune,4,3,4018.69,2,16.7,3991,9,9,1,2023-09-03
SHIP07498,CUST9792,Books,A,Road,Delhi-Mumbai,1,1,3919.4,1,38.4,3182,9,14,0,2023-10-03
SHIP07499,CUST5431,Electronics,A,Ship,Kolkata-Delhi,6,2,1118.43,4,42.6,4203,5,7,0,2023-11-12
SHIP07500,CUST1099,Sporting Goods,A,Ship,Delhi-Bangalore,7,1,2524.43,8,63.4,1736,3,3,1,2023-09-24
SHIP07501,CUST4418,Electronics,B,Road,Mumbai-Chennai,4,5,848.93,0,14.4,2189,3,3,1,2023-08-01
SHIP07502,CUST2853,Cosmetics,A,Road,Mumbai-Chennai,4,1,1961.74,7,7.5,5361,10,15,0,2023-11-20
SHIP07503,CUST4813,Fashion,A,Road,Delhi-Mumbai,1,4,3427.85,5,56.9,5212,4,5,0,2023-12-27
SHIP07504,CUST1397,Cosmetics,B,Ship,Delhi-Bangalore,5,5,3018.47,1,26.8,5842,6,11,0,2023-02-09
SHIP07505,CUST7156,Fashion,D,Flight,Bangalore-Chennai,1,5,3544.24,8,53.5,6083,7,6,1,2023-05-09
SHIP07506,CUST2891,Sporting Goods,D,Ship,Hyderabad-Pune,1,5,3292.4,6,25.3,4162,3,3,1,2023-02-20
SHIP07507,CUST1906,Sporting Goods,C,Flight,Delhi-Bangalore,3,3,4790.37,5,12.8,1716,9,10,0,2023-11-25
SHIP07508,CUST5377,Fashion,F,Road,Mumbai-Chennai,4,3,2790.19,1,58.1,4877,3,6,0,2023-01-19
SHIP07509,CUST9022,Home & Garden,C,Flight,Hyderabad-Pune,7,1,1484.2,0,59.9,2194,10,15,0,2023-03-24
SHIP07510,CUST6718,Sporting Goods,F,Road,Delhi-Bangalore,4,3,3871.85,6,43.2,4462,6,11,0,2023-05-27
SHIP07511,CUST7706,Books,D,Road,Mumbai-Chennai,3,3,3815.7,6,0.4,5132,5,9,0,2023-02-23
SHIP07512,CUST2889,Cosmetics,D,Ship,Hyderabad-Pune,1,2,3060.09,4,2.2,5221,10,13,0,2023-11-11
SHIP07513,CUST5582,Sporting Goods,C,Road,Hyderabad-Pune,7,1,2077.03,5,38.8,5790,5,4,1,2023-09-18
SHIP07514,CUST9744,Sporting Goods,D,Road,Delhi-Mumbai,6,5,4564.17,8,33.2,6298,9,9,1,2023-02-17
SHIP07515,CUST2850,Sporting Goods,D,Road,Delhi-Mumbai,7,5,1918.27,6,58.9,3726,5,5,1,2023-06-27
SHIP07516,CUST9264,Electronics,C,Road,Kolkata-Delhi,5,1,861.99,5,7.5,4908,3,4,0,2023-07-01
SHIP07517,CUST1679,Sporting Goods,A,Flight,Hyderabad-Pune,6,5,1420.9,0,50.2,5321,8,8,1,2023-09-20
SHIP07518,CUST5208,Electronics,A,Ship,Hyderabad-Pune,4,5,3373.5,2,38.2,6559,4,8,0,2023-02-01
SHIP07519,CUST5904,Electronics,C,Ship,Bangalore-Chennai,7,5,1092.93,3,55.4,2681,9,9,1,2023-06-13
SHIP07520,CUST1168,Sporting Goods,B,Road,Kolkata-Delhi,2,2,2726.56,5,26.2,6579,5,7,0,2023-01-18
SHIP07521,CUST7029,Home & Garden,F,Flight,Bangalore-Chennai,2,1,733.65,6,14.1,4111,8,10,0,2023-08-03
SHIP07522,CUST1197,Electronics,C,Road,Bangalore-Chennai,5,1,2092.95,5,35.9,6736,8,11,0,2023-01-21
SHIP07523,CUST6687,Books,A,Ship,Kolkata-Delhi,7,2,3143.37,3,6.6,4800,7,6,1,2023-08-01
SHIP07524,CUST1788,Books,F,Flight,Hyderabad-Pune,5,2,3155.44,7,28.7,1418,6,10,0,2023-04-26
SHIP07525,CUST6732,Books,A,Road,Hyderabad-Pune,3,2,2962.2,3,1.8,5973,7,12,0,2023-04-06
SHIP07526,CUST5863,Books,C,Road,Kolkata-Delhi,3,1,1631.08,1,34.4,2788,8,10,0,2023-11-10
SHIP07527,CUST7118,Sporting Goods,C,Flight,Delhi-Bangalore,3,3,2961.07,0,10.0,6854,9,10,0,2023-02-24
SHIP07528,CUST3491,Electronics,B,Flight,Kolkata-Delhi,2,2,2552.91,3,11.7,1476,4,4,1,2023-05-31
SHIP07529,CUST8656,Books,B,Flight,Delhi-Bangalore,6,5,1354.38,1,28.8,4606,5,8,0,2023-11-19
SHIP07530,CUST6000,Home & Garden,F,Flight,Mumbai-Chennai,5,4,3284.32,8,21.3,3221,4,6,0,2023-10-06
SHIP07531,CUST2809,Cosmetics,C,Flight,Hyderabad-Pune,5,4,4759.05,0,21.7,6909,6,6,1,2023-02-18
SHIP07532,CUST9010,Home & Garden,B,Ship,Hyderabad-Pune,5,5,3715.96,8,48.2,6061,9,14,0,2023-01-11
SHIP07533,CUST1794,Home & Garden,B,Road,Delhi-Bangalore,1,3,3743.1,8,59.3,6333,3,5,0,2023-06-26
SHIP07534,CUST7654,Fashion,F,Ship,Mumbai-Chennai,5,2,4793.86,6,32.8,6722,10,9,1,2023-05-17
SHIP07535,CUST2774,Books,D,Road,Delhi-Mumbai,4,3,508.74,6,33.2,1666,6,5,1,2023-02-28
SHIP07536,CUST8015,Fashion,A,Ship,Hyderabad-Pune,7,4,3953.57,2,46.8,1981,6,7,0,2023-09-08
SHIP07537,CUST7670,Electronics,F,Road,Kolkata-Delhi,3,3,4063.96,5,5.4,6950,6,11,0,2023-02-14
SHIP07538,CUST4510,Sporting Goods,C,Road,Mumbai-Chennai,7,4,2362.51,2,49.8,6562,10,13,0,2023-08-07
SHIP07539,CUST6648,Electronics,B,Flight,Mumbai-Chennai,5,5,3142.1,0,41.8,2789,9,11,0,2023-10-25
SHIP07540,CUST6466,Cosmetics,C,Road,Kolkata-Delhi,6,3,3826.58,8,31.6,4215,6,6,1,2023-06-13
SHIP07541,CUST4007,Fashion,A,Ship,Mumbai-Chennai,3,3,3348.85,0,11.1,2807,10,9,1,2023-06-06
SHIP07542,CUST3132,Home & Garden,A,Ship,Mumbai-Chennai,6,1,4305.09,7,37.3,4963,10,15,0,2023-01-18
SHIP07543,CUST9590,Books,D,Road,Kolkata-Delhi,4,1,1346.23,1,57.5,5797,8,11,0,2023-03-19
SHIP07544,CUST1250,Electronics,C,Road,Bangalore-Chennai,5,5,2836.96,1,0.2,1577,9,12,0,2023-12-24
SHIP07545,CUST3441,Home & Garden,B,Flight,Mumbai-Chennai,1,3,4233.21,7,40.0,5244,4,7,0,2023-05-19
SHIP07546,CUST2658,Books,D,Flight,Hyderabad-Pune,3,2,4601.21,4,59.3,2237,5,4,1,2023-11-09
SHIP07547,CUST6621,Books,F,Ship,Kolkata-Delhi,7,4,2101.45,6,20.2,6643,3,6,0,2023-09-12
SHIP07548,CUST3132,Electronics,B,Ship,Bangalore-Chennai,7,2,1777.79,8,55.5,4033,3,2,1,2023-08-16
SHIP07549,CUST9715,Fashion,F,Flight,Bangalore-Chennai,5,4,603.72,1,21.9,5350,10,10,1,2024-01-01
SHIP07550,CUST5998,Sporting Goods,D,Road,Delhi-Mumbai,3,5,2772.45,5,1.6,3381,8,9,0,2023-01-27
SHIP07551,CUST7314,Books,F,Ship,Delhi-Mumbai,4,4,4669.78,7,53.4,4605,5,9,0,2023-02-25
SHIP07552,CUST6389,Sporting Goods,B,Ship,Bangalore-Chennai,1,4,688.59,7,32.3,6293,10,9,1,2023-09-05
SHIP07553,CUST7042,Electronics,D,Ship,Delhi-Bangalore,1,2,2013.58,8,31.6,3005,7,8,0,2023-05-11
SHIP07554,CUST5137,Fashion,A,Ship,Delhi-Bangalore,1,2,1470.56,8,31.0,3337,4,3,1,2023-06-20
SHIP07555,CUST5463,Sporting Goods,F,Ship,Mumbai-Chennai,2,3,3546.62,4,14.8,5288,5,5,1,2023-09-10
SHIP07556,CUST1401,Home & Garden,F,Road,Delhi-Mumbai,4,3,1416.57,8,3.6,6009,7,6,1,2023-03-01
SHIP07557,CUST4806,Cosmetics,F,Flight,Delhi-Bangalore,5,2,3813.56,0,41.3,6140,5,7,0,2023-08-05
SHIP07558,CUST2137,Home & Garden,C,Ship,Hyderabad-Pune,7,5,2981.43,1,16.6,1062,7,7,1,2023-05-19
SHIP07559,CUST1506,Cosmetics,B,Road,Bangalore-Chennai,5,4,4591.33,8,63.3,4615,3,4,0,2023-12-01
SHIP07560,CUST2429,Sporting Goods,D,Flight,Kolkata-Delhi,1,3,206.08,3,50.2,3229,8,11,0,2023-06-25
SHIP07561,CUST1448,Electronics,C,Ship,Delhi-Bangalore,3,5,3841.17,7,54.5,5394,7,6,1,2023-07-27
SHIP07562,CUST2123,Fashion,A,Ship,Kolkata-Delhi,5,5,4183.78,5,30.2,3004,9,12,0,2023-09-10
SHIP07563,CUST5249,Electronics,B,Road,Kolkata-Delhi,1,5,3185.4,4,23.0,2736,10,13,0,2023-04-18
SHIP07564,CUST2711,Electronics,B,Flight,Bangalore-Chennai,6,2,3396.52,6,22.3,6494,3,5,0,2023-02-22
SHIP07565,CUST4823,Books,B,Flight,Delhi-Mumbai,7,4,3753.82,2,48.3,6834,6,9,0,2023-08-18
SHIP07566,CUST5173,Books,D,Flight,Kolkata-Delhi,5,3,1992.83,6,9.4,4609,3,4,0,2023-01-21
SHIP07567,CUST3221,Books,C,Ship,Delhi-Mumbai,2,2,2043.38,3,29.0,2852,4,4,1,2023-02-02
SHIP07568,CUST1832,Fashion,D,Flight,Delhi-Bangalore,2,2,1812.62,4,40.6,6400,10,13,0,2023-07-08
SHIP07569,CUST7226,Cosmetics,C,Ship,Delhi-Mumbai,5,2,1058.96,4,19.8,6510,5,4,1,2023-09-20
SHIP07570,CUST2825,Home & Garden,B,Ship,Kolkata-Delhi,4,2,3198.94,5,28.4,5227,9,10,0,2023-12-20
SHIP07571,CUST3201,Fashion,D,Ship,Mumbai-Chennai,6,5,1760.69,1,12.4,2816,8,7,1,2023-05-20
SHIP07572,CUST7696,Cosmetics,A,Ship,Delhi-Bangalore,3,5,4352.08,8,35.8,3933,7,7,1,2023-12-29
SHIP07573,CUST6245,Electronics,B,Road,Hyderabad-Pune,4,3,3375.26,8,49.1,5935,10,12,0,2023-12-04
SHIP07574,CUST2261,Electronics,A,Road,Delhi-Mumbai,5,3,4240.98,5,11.1,3748,3,8,0,2023-02-01
SHIP07575,CUST9762,Fashion,A,Ship,Kolkata-Delhi,5,1,3454.04,8,60.2,5045,6,10,0,2023-01-23
SHIP07576,CUST5869,Home & Garden,D,Ship,Mumbai-Chennai,4,2,2280.58,8,15.6,1300,3,6,0,2023-09-13
SHIP07577,CUST7865,Fashion,B,Road,Kolkata-Delhi,6,1,2202.94,2,10.0,4691,6,11,0,2023-01-20
SHIP07578,CUST2441,Cosmetics,F,Road,Delhi-Bangalore,6,4,2263.7,1,54.7,3914,7,11,0,2023-03-20
SHIP07579,CUST2300,Books,F,Ship,Delhi-Bangalore,3,3,543.97,1,13.3,6558,3,8,0,2023-12-03
SHIP07580,CUST5074,Fashion,F,Ship,Delhi-Bangalore,3,4,806.14,6,56.5,2161,6,5,1,2023-09-17
SHIP07581,CUST2727,Cosmetics,C,Ship,Mumbai-Chennai,5,1,1479.6,4,63.2,2956,7,6,1,2023-01-18
SHIP07582,CUST4480,Cosmetics,D,Ship,Kolkata-Delhi,4,2,3696.74,8,1.2,5869,6,11,0,2023-04-24
SHIP07583,CUST1311,Home & Garden,B,Flight,Bangalore-Chennai,3,1,2851.15,4,32.4,4631,8,13,0,2023-07-28
SHIP07584,CUST3350,Cosmetics,C,Road,Kolkata-Delhi,5,5,2726.92,6,60.0,4945,4,3,1,2023-01-19
SHIP07585,CUST2975,Cosmetics,C,Road,Delhi-Mumbai,2,3,4003.52,8,12.6,5175,10,13,0,2023-03-03
SHIP07586,CUST6444,Fashion,D,Road,Kolkata-Delhi,4,2,343.31,2,46.4,4707,9,14,0,2023-07-14
SHIP07587,CUST8453,Books,B,Ship,Hyderabad-Pune,7,2,3407.82,1,55.9,2625,5,7,0,2023-07-01
SHIP07588,CUST5089,Sporting Goods,D,Ship,Kolkata-Delhi,5,2,4098.99,7,18.4,4310,4,9,0,2023-04-25
SHIP07589,CUST3217,Home & Garden,C,Flight,Kolkata-Delhi,7,2,3132.15,3,49.2,6495,5,5,1,2023-03-26
SHIP07590,CUST2681,Sporting Goods,D,Flight,Hyderabad-Pune,4,2,4841.81,0,11.8,3359,5,7,0,2023-07-30
SHIP07591,CUST5237,Home & Garden,F,Flight,Kolkata-Delhi,6,5,1362.35,4,29.4,6938,4,5,0,2023-12-23
SHIP07592,CUST7344,Sporting Goods,C,Road,Mumbai-Chennai,6,4,1600.19,8,16.2,6967,9,11,0,2023-07-10
SHIP07593,CUST9250,Sporting Goods,A,Road,Delhi-Mumbai,3,3,355.53,6,48.4,1483,3,6,0,2023-09-17
SHIP07594,CUST6810,Books,D,Road,Delhi-Bangalore,4,3,3425.23,0,34.6,6756,6,6,1,2023-12-05
SHIP07595,CUST5899,Sporting Goods,C,Flight,Delhi-Bangalore,6,2,2850.83,6,64.0,3658,8,9,0,2023-02-16
SHIP07596,CUST3284,Cosmetics,D,Ship,Kolkata-Delhi,5,4,2345.11,1,38.7,4195,9,8,1,2023-06-16
SHIP07597,CUST4600,Electronics,C,Road,Delhi-Mumbai,2,3,3970.14,5,57.7,4489,10,14,0,2023-12-15
SHIP07598,CUST1293,Books,B,Ship,Kolkata-Delhi,3,1,1644.48,2,52.3,2472,3,4,0,2023-12-10
SHIP07599,CUST2855,Books,F,Ship,Mumbai-Chennai,2,4,838.15,3,38.5,4185,7,11,0,2023-12-12
SHIP07600,CUST8049,Sporting Goods,A,Flight,Bangalore-Chennai,2,4,854.45,6,44.4,4029,6,9,0,2023-06-16
SHIP07601,CUST1888,Electronics,A,Flight,Delhi-Mumbai,7,4,2705.93,2,43.8,1876,7,10,0,2023-02-23
SHIP07602,CUST4938,Books,F,Road,Kolkata-Delhi,1,4,2394.65,2,17.2,6664,10,12,0,2023-05-20
SHIP07603,CUST2148,Fashion,F,Flight,Bangalore-Chennai,7,2,1835.48,8,30.9,2986,8,7,1,2023-09-04
SHIP07604,CUST9418,Cosmetics,C,Flight,Delhi-Bangalore,6,5,4394.87,0,1.5,4238,5,9,0,2023-03-31
SHIP07605,CUST9507,Fashion,F,Flight,Bangalore-Chennai,2,1,1703.77,4,17.6,2668,10,11,0,2023-02-05
SHIP07606,CUST1730,Electronics,F,Flight,Bangalore-Chennai,3,4,2776.28,7,50.9,3288,4,6,0,2023-04-08
SHIP07607,CUST8759,Home & Garden,B,Road,Hyderabad-Pune,3,2,824.09,5,63.2,5972,4,9,0,2023-06-11
SHIP07608,CUST9799,Fashion,F,Ship,Kolkata-Delhi,2,1,3190.66,7,16.2,6068,9,11,0,2023-11-24
SHIP07609,CUST8931,Fashion,C,Road,Mumbai-Chennai,7,4,2464.46,8,20.0,6326,6,8,0,2023-01-17
SHIP07610,CUST8825,Home & Garden,F,Road,Delhi-Bangalore,4,3,2291.69,2,32.0,1469,3,7,0,2023-01-29
SHIP07611,CUST2241,Cosmetics,D,Flight,Delhi-Mumbai,3,2,4887.89,4,35.1,4282,8,9,0,2023-04-08
SHIP07612,CUST2759,Cosmetics,D,Ship,Kolkata-Delhi,2,2,373.08,4,33.2,2271,9,13,0,2023-02-26
SHIP07613,CUST3995,Electronics,B,Road,Kolkata-Delhi,2,3,2452.56,2,11.8,2450,4,4,1,2023-12-19
SHIP07614,CUST9702,Fashion,A,Flight,Delhi-Bangalore,6,2,2889.16,0,56.7,1902,8,9,0,2023-06-01
SHIP07615,CUST7275,Sporting Goods,C,Ship,Mumbai-Chennai,3,1,3705.2,8,23.2,6105,4,6,0,2023-11-04
SHIP07616,CUST9973,Cosmetics,D,Road,Delhi-Mumbai,6,1,635.05,6,15.4,3190,4,4,1,2023-05-29
SHIP07617,CUST1300,Books,A,Flight,Delhi-Bangalore,5,5,875.27,0,46.7,3416,6,8,0,2023-08-25
SHIP07618,CUST9777,Home & Garden,B,Ship,Delhi-Mumbai,1,1,2521.86,2,3.6,4921,9,9,1,2023-06-13
SHIP07619,CUST8834,Books,B,Road,Kolkata-Delhi,3,2,1174.62,5,27.3,4696,3,4,0,2023-09-08
SHIP07620,CUST6002,Cosmetics,A,Ship,Delhi-Bangalore,6,5,4158.77,8,44.7,3132,6,11,0,2023-03-20
SHIP07621,CUST7386,Books,F,Road,Delhi-Bangalore,2,5,3106.53,7,47.5,4495,8,8,1,2023-10-30
SHIP07622,CUST3976,Cosmetics,F,Ship,Hyderabad-Pune,4,2,1105.2,3,34.7,1685,10,9,1,2023-08-31
SHIP07623,CUST6853,Electronics,D,Road,Delhi-Bangalore,6,5,2680.44,5,59.4,5588,9,12,0,2023-09-02
SHIP07624,CUST6372,Home & Garden,D,Road,Kolkata-Delhi,6,3,4571.32,2,33.8,4767,4,8,0,2023-04-16
SHIP07625,CUST7622,Sporting Goods,F,Flight,Delhi-Mumbai,1,1,4861.02,5,25.9,6329,8,8,1,2023-05-07
SHIP07626,CUST8186,Books,D,Road,Hyderabad-Pune,5,4,3895.02,4,28.2,5703,5,8,0,2023-10-29
SHIP07627,CUST4220,Fashion,D,Flight,Mumbai-Chennai,3,1,4354.24,5,23.3,1327,9,14,0,2023-11-21
SHIP07628,CUST5513,Electronics,B,Flight,Delhi-Bangalore,5,5,3133.88,5,18.4,3129,6,11,0,2023-05-15
SHIP07629,CUST9708,Books,F,Flight,Delhi-Mumbai,5,2,4937.86,6,33.9,5333,10,13,0,2023-03-06
SHIP07630,CUST2479,Electronics,F,Flight,Hyderabad-Pune,7,5,1732.94,3,39.1,6664,4,4,1,2023-12-05
SHIP07631,CUST7059,Cosmetics,F,Road,Kolkata-Delhi,7,3,4151.75,5,42.9,2072,5,10,0,2023-11-01
SHIP07632,CUST1985,Sporting Goods,A,Ship,Delhi-Mumbai,1,2,3483.74,1,1.6,4706,8,10,0,2023-04-19
SHIP07633,CUST8102,Books,A,Ship,Hyderabad-Pune,1,1,1194.9,2,34.2,4655,7,6,1,2023-03-31
SHIP07634,CUST5973,Books,C,Flight,Mumbai-Chennai,4,2,4900.36,6,64.9,6086,5,8,0,2023-12-29
SHIP07635,CUST9165,Cosmetics,B,Road,Kolkata-Delhi,2,1,2602.69,3,16.6,6886,9,10,0,2023-01-19
SHIP07636,CUST8725,Electronics,D,Ship,Bangalore-Chennai,4,5,364.17,4,0.3,1923,8,9,0,2023-06-05
SHIP07637,CUST8976,Sporting Goods,A,Ship,Delhi-Mumbai,4,4,804.15,5,62.2,5209,5,8,0,2023-09-25
SHIP07638,CUST5523,Home & Garden,A,Road,Delhi-Bangalore,6,2,635.39,2,13.7,3984,10,10,1,2023-02-12
SHIP07639,CUST6307,Fashion,B,Ship,Delhi-Mumbai,5,1,1007.4,7,59.0,3555,5,9,0,2023-12-31
SHIP07640,CUST1854,Electronics,A,Ship,Delhi-Bangalore,5,3,3787.76,1,52.9,5059,6,9,0,2023-02-10
SHIP07641,CUST5264,Books,C,Flight,Bangalore-Chennai,4,4,3191.99,5,10.6,4256,5,10,0,2023-04-24
SHIP07642,CUST7611,Sporting Goods,A,Flight,Mumbai-Chennai,2,2,2759.32,1,38.5,5985,3,6,0,2023-03-22
SHIP07643,CUST2164,Sporting Goods,F,Road,Delhi-Mumbai,4,1,3283.86,1,62.2,4065,3,7,0,2023-05-24
SHIP07644,CUST8336,Electronics,D,Flight,Bangalore-Chennai,3,2,4757.54,4,63.6,6142,4,7,0,2023-08-27
SHIP07645,CUST4542,Sporting Goods,F,Ship,Mumbai-Chennai,3,3,147.32,6,41.7,3539,5,4,1,2023-08-27
SHIP07646,CUST5583,Home & Garden,D,Flight,Delhi-Bangalore,5,3,2945.11,5,9.4,3784,5,4,1,2023-03-10
SHIP07647,CUST4054,Home & Garden,B,Road,Delhi-Mumbai,7,5,155.95,2,43.1,3850,5,9,0,2023-10-23
SHIP07648,CUST2475,Fashion,D,Road,Delhi-Mumbai,4,4,759.76,4,16.3,3290,7,7,1,2023-04-01
SHIP07649,CUST4003,Cosmetics,F,Road,Bangalore-Chennai,6,3,1671.91,3,1.6,1067,9,9,1,2023-04-07
SHIP07650,CUST8987,Home & Garden,F,Road,Mumbai-Chennai,2,3,2492.84,2,17.7,5874,9,12,0,2023-12-05
SHIP07651,CUST9258,Cosmetics,D,Flight,Delhi-Mumbai,7,1,3799.18,6,37.2,3099,5,10,0,2023-07-10
SHIP07652,CUST2863,Cosmetics,C,Flight,Bangalore-Chennai,2,2,4257.97,7,0.6,6309,9,12,0,2023-01-13
SHIP07653,CUST6988,Electronics,A,Flight,Delhi-Mumbai,4,4,4726.9,7,61.1,5219,7,6,1,2023-06-22
SHIP07654,CUST3501,Fashion,C,Road,Bangalore-Chennai,5,4,1955.57,2,25.6,1409,9,8,1,2023-11-29
SHIP07655,CUST8066,Fashion,B,Ship,Kolkata-Delhi,7,2,1930.68,7,34.1,2740,4,3,1,2023-11-11
SHIP07656,CUST2965,Books,B,Road,Bangalore-Chennai,1,4,3767.59,8,62.1,4653,3,5,0,2023-02-01
SHIP07657,CUST3196,Fashion,A,Flight,Mumbai-Chennai,5,3,2716.6,4,58.5,5703,3,3,1,2023-05-08
SHIP07658,CUST1600,Home & Garden,F,Ship,Delhi-Bangalore,1,4,3983.77,4,56.9,4424,4,9,0,2023-09-10
SHIP07659,CUST6694,Sporting Goods,D,Ship,Mumbai-Chennai,3,1,3870.49,1,49.6,5691,3,2,1,2023-01-19
SHIP07660,CUST1182,Fashion,A,Ship,Mumbai-Chennai,7,1,3950.74,6,49.3,1686,10,14,0,2023-04-29
SHIP07661,CUST2867,Electronics,D,Road,Kolkata-Delhi,3,2,4066.41,2,26.1,2694,7,11,0,2023-08-08
SHIP07662,CUST5285,Fashion,F,Ship,Bangalore-Chennai,2,3,3613.83,2,37.3,3747,4,5,0,2023-04-06
SHIP07663,CUST9951,Home & Garden,A,Ship,Delhi-Bangalore,3,1,3045.43,5,11.9,6914,4,5,0,2023-05-04
SHIP07664,CUST7504,Cosmetics,C,Road,Mumbai-Chennai,6,2,703.77,1,14.5,6780,9,8,1,2023-12-20
SHIP07665,CUST4914,Cosmetics,D,Flight,Delhi-Mumbai,7,1,3078.39,4,11.2,2316,3,6,0,2023-07-29
SHIP07666,CUST1607,Home & Garden,B,Ship,Bangalore-Chennai,1,1,2000.95,2,15.1,3604,8,8,1,2023-03-31
SHIP07667,CUST9887,Fashion,D,Flight,Delhi-Bangalore,3,3,2369.7,3,47.7,3321,3,4,0,2023-08-14
SHIP07668,CUST3393,Books,D,Flight,Bangalore-Chennai,6,3,3133.35,8,33.6,3771,9,13,0,2023-06-11
SHIP07669,CUST3045,Cosmetics,D,Ship,Kolkata-Delhi,7,4,2087.14,6,10.8,5888,4,7,0,2023-11-04
SHIP07670,CUST9053,Fashion,C,Flight,Kolkata-Delhi,7,3,1395.61,1,54.2,3865,6,11,0,2023-08-23
SHIP07671,CUST7488,Electronics,F,Flight,Delhi-Mumbai,7,3,2601.64,4,0.3,1625,6,9,0,2023-07-12
SHIP07672,CUST7973,Sporting Goods,D,Ship,Kolkata-Delhi,5,5,1553.32,6,5.6,5963,8,7,1,2023-05-31
SHIP07673,CUST5679,Sporting Goods,B,Road,Delhi-Mumbai,6,4,4383.05,5,21.0,1248,4,8,0,2023-05-01
SHIP07674,CUST2753,Electronics,F,Ship,Hyderabad-Pune,7,5,2618.57,5,24.6,4728,6,11,0,2023-12-04
SHIP07675,CUST8950,Sporting Goods,F,Road,Hyderabad-Pune,5,1,4669.59,6,59.3,2412,10,10,1,2023-07-24
SHIP07676,CUST3126,Electronics,A,Road,Delhi-Bangalore,3,2,4985.11,0,17.8,3138,6,5,1,2023-05-15
SHIP07677,CUST1007,Cosmetics,B,Ship,Delhi-Mumbai,7,1,4804.32,5,38.1,4255,7,11,0,2023-05-31
SHIP07678,CUST6783,Cosmetics,A,Ship,Delhi-Bangalore,5,2,3602.17,3,2.8,5768,10,15,0,2023-10-21
SHIP07679,CUST4551,Fashion,F,Flight,Hyderabad-Pune,4,3,2433.37,8,39.1,4961,6,11,0,2023-07-26
SHIP07680,CUST2667,Fashion,D,Flight,Mumbai-Chennai,1,3,3493.35,2,20.2,1885,10,14,0,2023-07-17
SHIP07681,CUST7712,Sporting Goods,A,Ship,Mumbai-Chennai,1,5,4869.55,3,26.8,2180,3,2,1,2023-10-22
SHIP07682,CUST7985,Electronics,A,Ship,Delhi-Mumbai,1,1,3534.62,4,23.8,6518,3,5,0,2023-07-17
SHIP07683,CUST8511,Fashion,A,Ship,Delhi-Mumbai,1,1,2089.35,0,15.0,5351,6,7,0,2023-08-17
SHIP07684,CUST4667,Cosmetics,A,Flight,Delhi-Mumbai,2,3,1705.29,5,7.6,4005,8,11,0,2023-08-31
SHIP07685,CUST3657,Books,B,Flight,Kolkata-Delhi,7,3,309.53,8,1.7,4919,4,4,1,2023-03-07
SHIP07686,CUST6814,Cosmetics,F,Road,Mumbai-Chennai,5,1,1476.86,7,52.5,5515,3,8,0,2023-11-17
SHIP07687,CUST5230,Books,B,Flight,Delhi-Mumbai,2,1,328.86,5,46.2,2014,7,9,0,2023-03-02
SHIP07688,CUST9965,Home & Garden,B,Flight,Mumbai-Chennai,4,5,3649.03,8,49.5,4183,8,11,0,2023-04-01
SHIP07689,CUST5206,Home & Garden,B,Ship,Delhi-Bangalore,4,5,3117.75,1,5.1,6947,10,15,0,2023-11-18
SHIP07690,CUST2769,Books,F,Flight,Delhi-Mumbai,2,1,1929.82,0,17.4,2620,7,8,0,2023-08-12
SHIP07691,CUST8584,Cosmetics,F,Ship,Mumbai-Chennai,3,1,1195.65,2,4.7,6588,7,8,0,2023-11-24
SHIP07692,CUST8789,Sporting Goods,A,Road,Bangalore-Chennai,3,2,4776.91,3,40.0,4019,9,8,1,2023-09-02
SHIP07693,CUST5240,Cosmetics,D,Flight,Delhi-Mumbai,3,3,2549.61,7,17.2,3185,10,14,0,2023-10-08
SHIP07694,CUST5031,Sporting Goods,D,Flight,Hyderabad-Pune,2,2,2192.8,7,64.3,6286,8,8,1,2023-02-11
SHIP07695,CUST4321,Cosmetics,C,Ship,Mumbai-Chennai,6,1,2426.78,1,51.1,3966,7,11,0,2023-03-17
SHIP07696,CUST3562,Fashion,F,Ship,Kolkata-Delhi,1,2,2651.56,4,11.8,6563,10,14,0,2023-04-30
SHIP07697,CUST8910,Books,B,Road,Mumbai-Chennai,6,1,4693.85,6,11.7,6138,3,3,1,2023-10-07
SHIP07698,CUST6661,Fashion,B,Road,Bangalore-Chennai,3,2,3027.52,2,27.9,3113,8,10,0,2023-03-21
SHIP07699,CUST1836,Sporting Goods,B,Flight,Bangalore-Chennai,7,1,2472.82,8,48.5,4653,8,13,0,2023-03-20
SHIP07700,CUST8159,Electronics,A,Road,Delhi-Bangalore,3,1,3826.73,6,3.5,4438,6,5,1,2023-02-20
SHIP07701,CUST8705,Sporting Goods,A,Flight,Bangalore-Chennai,4,3,3518.32,4,37.9,4895,3,6,0,2023-03-14
SHIP07702,CUST3614,Sporting Goods,A,Ship,Bangalore-Chennai,6,5,1128.98,3,33.3,4291,8,12,0,2023-07-01
SHIP07703,CUST4050,Fashion,A,Ship,Delhi-Bangalore,7,3,2633.05,6,11.4,5153,6,7,0,2023-07-10
SHIP07704,CUST9814,Home & Garden,A,Flight,Mumbai-Chennai,7,5,1967.39,0,6.9,1642,8,7,1,2023-04-30
SHIP07705,CUST3421,Sporting Goods,A,Ship,Delhi-Mumbai,3,2,610.77,8,40.8,5661,9,13,0,2023-04-16
SHIP07706,CUST1650,Cosmetics,B,Ship,Delhi-Mumbai,2,3,2154.05,6,4.7,3166,6,9,0,2023-07-18
SHIP07707,CUST3076,Electronics,C,Ship,Delhi-Bangalore,3,5,3002.71,8,53.3,5651,5,4,1,2023-07-16
SHIP07708,CUST5790,Books,B,Ship,Kolkata-Delhi,7,1,3320.89,5,8.2,2615,6,11,0,2023-11-30
SHIP07709,CUST5808,Electronics,C,Road,Delhi-Bangalore,4,4,4957.85,5,47.0,3942,4,4,1,2023-10-03
SHIP07710,CUST3536,Home & Garden,B,Flight,Mumbai-Chennai,6,4,1850.72,5,30.7,2418,5,6,0,2023-05-08
SHIP07711,CUST3908,Sporting Goods,F,Road,Kolkata-Delhi,6,1,2655.46,7,21.3,5250,7,12,0,2023-10-24
SHIP07712,CUST8294,Electronics,B,Flight,Delhi-Bangalore,3,3,2760.98,2,9.7,3415,5,8,0,2023-03-05
SHIP07713,CUST8342,Fashion,A,Road,Delhi-Bangalore,6,5,2628.63,8,19.4,6383,6,5,1,2023-08-10
SHIP07714,CUST1332,Sporting Goods,D,Ship,Delhi-Bangalore,4,3,3083.91,4,0.8,4405,9,8,1,2023-12-07
SHIP07715,CUST3224,Home & Garden,A,Flight,Mumbai-Chennai,4,2,2938.67,5,24.1,2870,9,12,0,2023-05-12
SHIP07716,CUST2893,Sporting Goods,D,Ship,Delhi-Mumbai,5,5,1794.92,1,22.1,6160,6,9,0,2023-05-11
SHIP07717,CUST5720,Cosmetics,F,Road,Kolkata-Delhi,3,2,2659.14,7,64.3,4158,6,9,0,2023-09-20
SHIP07718,CUST9091,Books,D,Flight,Delhi-Mumbai,1,2,598.87,7,25.1,1993,8,11,0,2023-03-29
SHIP07719,CUST9209,Books,D,Flight,Bangalore-Chennai,6,1,4458.24,8,59.8,1468,8,12,0,2023-11-17
SHIP07720,CUST5675,Electronics,A,Ship,Kolkata-Delhi,4,4,1440.46,5,42.9,1272,10,10,1,2023-09-25
SHIP07721,CUST3692,Electronics,A,Road,Kolkata-Delhi,2,2,4475.99,5,48.5,3678,8,10,0,2023-01-23
SHIP07722,CUST1910,Home & Garden,B,Road,Delhi-Mumbai,3,2,1418.76,5,1.8,2656,3,7,0,2023-11-08
SHIP07723,CUST1390,Fashion,A,Flight,Delhi-Mumbai,6,2,312.67,8,52.2,3769,5,6,0,2023-12-30
SHIP07724,CUST4036,Fashion,C,Road,Hyderabad-Pune,5,2,3819.36,6,49.4,2938,7,11,0,2023-11-24
SHIP07725,CUST1819,Sporting Goods,F,Flight,Bangalore-Chennai,6,2,3602.29,6,22.1,5002,8,12,0,2023-08-02
SHIP07726,CUST1974,Electronics,A,Road,Delhi-Mumbai,5,3,4391.31,0,54.9,4461,10,11,0,2023-07-31
SHIP07727,CUST9149,Home & Garden,A,Flight,Kolkata-Delhi,1,1,4995.65,5,13.2,1103,6,7,0,2023-09-23
SHIP07728,CUST9445,Books,C,Ship,Delhi-Bangalore,6,3,1600.56,1,47.2,3987,8,13,0,2023-12-29
SHIP07729,CUST8392,Cosmetics,C,Road,Mumbai-Chennai,1,2,4745.04,4,16.5,6671,7,6,1,2023-03-01
SHIP07730,CUST1867,Home & Garden,F,Road,Bangalore-Chennai,1,2,1692.42,1,59.4,6383,5,6,0,2023-04-25
SHIP07731,CUST5518,Electronics,A,Road,Hyderabad-Pune,6,2,2823.69,7,22.8,6107,9,14,0,2023-12-06
SHIP07732,CUST7432,Books,D,Flight,Mumbai-Chennai,2,1,2175.1,3,33.6,3570,9,12,0,2023-02-01
SHIP07733,CUST9948,Cosmetics,B,Flight,Delhi-Bangalore,7,1,2793.95,8,4.6,4753,3,3,1,2023-09-02
SHIP07734,CUST9644,Home & Garden,F,Road,Hyderabad-Pune,1,1,2154.9,1,31.4,6323,7,8,0,2023-06-12
SHIP07735,CUST5775,Fashion,B,Ship,Hyderabad-Pune,5,1,1513.91,1,23.3,1008,7,11,0,2023-09-10
SHIP07736,CUST2766,Books,A,Ship,Bangalore-Chennai,1,2,3254.17,3,18.5,2462,10,9,1,2023-09-04
SHIP07737,CUST7597,Electronics,F,Ship,Delhi-Mumbai,2,5,4705.9,2,35.7,5588,8,7,1,2023-11-10
SHIP07738,CUST4790,Fashion,F,Flight,Delhi-Mumbai,7,1,4109.48,8,54.9,4395,4,9,0,2023-10-15
SHIP07739,CUST4550,Fashion,C,Ship,Hyderabad-Pune,7,1,391.24,0,44.3,2452,6,5,1,2023-12-14
SHIP07740,CUST2593,Cosmetics,B,Ship,Bangalore-Chennai,3,3,1133.89,4,11.9,1903,5,10,0,2023-06-26
SHIP07741,CUST9874,Books,F,Ship,Delhi-Mumbai,5,5,1245.77,0,58.5,2863,3,4,0,2023-07-09
SHIP07742,CUST6846,Fashion,D,Ship,Delhi-Bangalore,3,3,3679.02,8,41.5,3508,3,7,0,2023-12-17
SHIP07743,CUST4445,Sporting Goods,A,Flight,Mumbai-Chennai,3,3,4803.96,0,21.6,6160,3,7,0,2023-06-03
SHIP07744,CUST6214,Sporting Goods,D,Flight,Mumbai-Chennai,3,2,2063.53,6,23.7,4890,8,12,0,2023-11-18
SHIP07745,CUST4388,Electronics,B,Flight,Delhi-Mumbai,5,1,3310.97,2,63.7,5217,5,10,0,2023-12-28
SHIP07746,CUST4605,Home & Garden,D,Flight,Delhi-Bangalore,6,1,4978.98,8,49.9,1036,7,8,0,2023-10-03
SHIP07747,CUST7574,Fashion,B,Road,Delhi-Bangalore,2,2,3130.2,6,64.6,5860,4,3,1,2023-03-23
SHIP07748,CUST3159,Electronics,D,Road,Delhi-Mumbai,4,3,2283.7,5,46.4,1292,6,5,1,2023-01-05
SHIP07749,CUST2619,Books,D,Flight,Mumbai-Chennai,1,1,2385.09,7,10.2,2975,3,7,0,2023-10-06
SHIP07750,CUST5833,Cosmetics,D,Flight,Delhi-Bangalore,5,5,456.23,7,33.2,2548,3,7,0,2023-10-05
SHIP07751,CUST5496,Fashion,C,Road,Delhi-Mumbai,4,4,3831.66,0,16.0,1128,8,11,0,2023-11-24
SHIP07752,CUST4529,Electronics,C,Road,Delhi-Mumbai,2,4,416.65,8,5.1,5795,5,8,0,2023-02-11
SHIP07753,CUST7671,Home & Garden,B,Flight,Bangalore-Chennai,7,5,2841.92,6,23.0,2642,7,12,0,2023-05-16
SHIP07754,CUST6021,Electronics,D,Ship,Delhi-Bangalore,3,2,2862.41,6,38.5,1703,7,7,1,2023-01-30
SHIP07755,CUST3617,Home & Garden,A,Flight,Mumbai-Chennai,3,4,3141.69,5,53.1,1581,3,3,1,2023-07-08
SHIP07756,CUST2880,Fashion,A,Road,Delhi-Bangalore,5,5,4711.2,1,61.5,4362,8,12,0,2023-01-04
SHIP07757,CUST1254,Electronics,D,Flight,Mumbai-Chennai,1,5,1268.16,8,17.7,6019,6,7,0,2023-09-11
SHIP07758,CUST4490,Electronics,D,Road,Kolkata-Delhi,6,1,2883.33,3,0.7,3496,6,10,0,2023-08-03
SHIP07759,CUST1742,Sporting Goods,C,Road,Hyderabad-Pune,5,5,3122.23,5,26.8,5940,4,3,1,2023-02-18
SHIP07760,CUST5251,Books,F,Ship,Kolkata-Delhi,5,4,679.8,4,49.8,1428,8,11,0,2023-07-30
SHIP07761,CUST2625,Electronics,D,Road,Delhi-Bangalore,2,3,3343.09,1,28.0,3032,7,7,1,2023-11-28
SHIP07762,CUST4419,Fashion,D,Ship,Kolkata-Delhi,1,4,4862.85,8,19.0,6240,6,5,1,2023-04-28
SHIP07763,CUST9018,Home & Garden,C,Road,Mumbai-Chennai,2,1,4305.96,4,49.7,5075,6,7,0,2023-10-05
SHIP07764,CUST7846,Home & Garden,F,Road,Bangalore-Chennai,5,4,3230.22,4,28.1,3491,8,11,0,2023-02-24
SHIP07765,CUST2886,Books,C,Road,Delhi-Mumbai,2,2,2490.4,4,30.3,2358,3,8,0,2023-01-28
SHIP07766,CUST7349,Fashion,A,Flight,Kolkata-Delhi,4,4,527.7,7,18.7,2820,9,9,1,2023-02-26
SHIP07767,CUST2769,Fashion,D,Flight,Hyderabad-Pune,2,1,4755.25,6,52.1,6585,8,9,0,2023-11-25
SHIP07768,CUST3298,Sporting Goods,D,Flight,Bangalore-Chennai,2,3,3207.7,4,42.6,1257,7,11,0,2023-07-10
SHIP07769,CUST3809,Cosmetics,F,Ship,Delhi-Mumbai,7,2,3740.26,7,51.7,6479,4,5,0,2023-11-10
SHIP07770,CUST1377,Cosmetics,D,Road,Delhi-Mumbai,3,4,1275.77,6,18.5,1502,5,8,0,2023-11-13
SHIP07771,CUST8658,Sporting Goods,D,Road,Hyderabad-Pune,4,4,3266.18,1,57.3,3588,7,8,0,2023-11-12
SHIP07772,CUST7680,Cosmetics,A,Ship,Bangalore-Chennai,1,2,4838.12,8,1.3,2174,10,12,0,2023-01-24
SHIP07773,CUST2369,Electronics,A,Road,Hyderabad-Pune,2,3,3517.02,3,13.9,2800,7,7,1,2023-02-05
SHIP07774,CUST5691,Cosmetics,A,Ship,Hyderabad-Pune,1,4,1001.75,3,24.9,5654,9,10,0,2023-11-10
SHIP07775,CUST8837,Electronics,C,Road,Bangalore-Chennai,7,4,2612.08,5,29.2,5727,8,10,0,2023-08-25
SHIP07776,CUST9492,Sporting Goods,B,Flight,Delhi-Mumbai,5,2,4328.21,6,30.2,1342,7,8,0,2023-03-25
SHIP07777,CUST4139,Home & Garden,C,Road,Kolkata-Delhi,5,4,2289.36,8,52.9,5123,5,5,1,2023-08-27
SHIP07778,CUST7744,Sporting Goods,B,Road,Bangalore-Chennai,4,3,2126.99,6,15.9,6797,10,10,1,2023-06-23
SHIP07779,CUST6951,Home & Garden,B,Flight,Delhi-Bangalore,5,3,2679.28,3,43.4,2757,7,11,0,2023-01-19
SHIP07780,CUST5021,Books,D,Ship,Kolkata-Delhi,6,2,3254.38,7,5.1,1391,7,12,0,2023-01-01
SHIP07781,CUST9658,Electronics,D,Flight,Hyderabad-Pune,1,1,3800.74,2,61.8,5293,9,8,1,2023-05-05
SHIP07782,CUST4127,Sporting Goods,B,Road,Delhi-Mumbai,3,1,1525.3,4,48.0,1723,3,5,0,2023-04-12
SHIP07783,CUST4718,Cosmetics,C,Ship,Hyderabad-Pune,5,2,3829.46,3,14.8,6470,9,8,1,2023-03-20
SHIP07784,CUST8345,Home & Garden,C,Flight,Hyderabad-Pune,2,3,3295.63,7,57.5,2404,8,10,0,2023-06-13
SHIP07785,CUST3984,Electronics,C,Ship,Hyderabad-Pune,2,3,4859.86,3,1.0,6036,6,8,0,2023-08-20
SHIP07786,CUST5558,Cosmetics,F,Flight,Hyderabad-Pune,4,1,4953.94,5,60.7,2994,8,7,1,2023-10-23
SHIP07787,CUST4210,Cosmetics,D,Flight,Hyderabad-Pune,6,1,3088.76,3,11.1,1009,8,9,0,2023-04-19
SHIP07788,CUST3957,Electronics,D,Ship,Mumbai-Chennai,6,4,4769.19,5,29.1,5383,9,11,0,2023-08-21
SHIP07789,CUST8495,Home & Garden,F,Flight,Delhi-Mumbai,5,1,2593.12,6,4.2,3560,7,7,1,2023-06-02
SHIP07790,CUST6352,Fashion,F,Road,Bangalore-Chennai,3,4,3570.47,5,37.9,3627,10,10,1,2023-08-01
SHIP07791,CUST2966,Books,A,Flight,Delhi-Mumbai,1,4,1889.63,8,35.1,6158,7,7,1,2023-10-22
SHIP07792,CUST3263,Fashion,D,Flight,Mumbai-Chennai,6,5,3013.29,3,13.7,1865,10,10,1,2023-09-25
SHIP07793,CUST5032,Electronics,C,Ship,Delhi-Bangalore,7,1,3328.91,5,59.1,4478,5,8,0,2023-11-28
SHIP07794,CUST3360,Fashion,C,Ship,Delhi-Mumbai,5,3,1947.88,7,19.0,6091,9,13,0,2023-07-01
SHIP07795,CUST9325,Home & Garden,D,Ship,Mumbai-Chennai,6,2,3540.64,1,19.1,2634,4,6,0,2023-05-30
SHIP07796,CUST4934,Home & Garden,A,Ship,Mumbai-Chennai,4,2,1827.39,5,48.8,1834,8,10,0,2023-01-08
SHIP07797,CUST1437,Books,F,Flight,Hyderabad-Pune,2,1,1765.13,5,13.8,1500,5,10,0,2023-09-14
SHIP07798,CUST7751,Cosmetics,C,Road,Delhi-Mumbai,3,1,532.52,5,29.7,4016,3,6,0,2023-06-06
SHIP07799,CUST6407,Books,A,Flight,Bangalore-Chennai,4,3,3890.62,0,27.0,4801,6,6,1,2023-10-31
SHIP07800,CUST4125,Electronics,B,Flight,Kolkata-Delhi,7,3,1069.53,0,31.6,2261,3,8,0,2023-10-05
SHIP07801,CUST6944,Home & Garden,B,Ship,Mumbai-Chennai,4,2,4590.48,3,6.4,5570,5,8,0,2023-10-20
SHIP07802,CUST6981,Home & Garden,F,Flight,Hyderabad-Pune,3,1,1025.4,2,61.7,5313,10,14,0,2023-06-22
SHIP07803,CUST1241,Sporting Goods,C,Road,Kolkata-Delhi,5,2,348.12,2,34.6,6226,10,11,0,2023-07-17
SHIP07804,CUST9319,Cosmetics,D,Road,Kolkata-Delhi,7,3,1967.37,6,30.7,6309,6,7,0,2023-03-10
SHIP07805,CUST9901,Books,C,Ship,Kolkata-Delhi,1,3,4009.15,6,62.4,3627,4,5,0,2023-11-20
SHIP07806,CUST1127,Cosmetics,D,Road,Mumbai-Chennai,1,3,4714.74,2,1.7,2739,4,7,0,2023-12-31
SHIP07807,CUST4614,Cosmetics,F,Flight,Delhi-Mumbai,4,4,4711.53,8,17.7,5815,8,7,1,2023-09-17
SHIP07808,CUST3009,Fashion,C,Road,Hyderabad-Pune,6,5,921.33,7,44.6,1178,9,10,0,2023-02-13
SHIP07809,CUST3462,Electronics,F,Ship,Hyderabad-Pune,1,2,4781.22,4,20.6,4601,9,12,0,2023-10-14
SHIP07810,CUST9708,Cosmetics,C,Flight,Hyderabad-Pune,7,5,4930.69,1,55.4,5806,9,9,1,2023-05-30
SHIP07811,CUST8491,Cosmetics,C,Ship,Mumbai-Chennai,1,2,488.93,7,52.3,2390,8,7,1,2023-11-23
SHIP07812,CUST5385,Sporting Goods,B,Ship,Delhi-Bangalore,3,5,2176.61,4,60.9,3996,3,5,0,2023-04-23
SHIP07813,CUST7900,Cosmetics,C,Ship,Bangalore-Chennai,4,1,1343.54,8,22.9,6064,5,4,1,2023-04-18
SHIP07814,CUST2088,Fashion,F,Flight,Mumbai-Chennai,7,4,2653.62,5,36.1,1726,3,8,0,2023-08-27
SHIP07815,CUST5575,Sporting Goods,C,Ship,Hyderabad-Pune,5,5,3885.36,3,45.1,6337,9,14,0,2023-03-23
SHIP07816,CUST9945,Electronics,F,Road,Hyderabad-Pune,7,3,4193.96,1,54.9,2161,7,8,0,2023-10-17
SHIP07817,CUST9366,Books,D,Flight,Delhi-Bangalore,5,4,3037.03,0,1.7,4423,6,10,0,2023-11-23
SHIP07818,CUST9589,Electronics,C,Road,Hyderabad-Pune,1,2,1121.02,6,12.8,2461,3,7,0,2023-09-07
SHIP07819,CUST8671,Cosmetics,D,Road,Hyderabad-Pune,2,4,4327.28,1,60.3,2960,8,12,0,2023-02-22
SHIP07820,CUST6904,Books,A,Road,Mumbai-Chennai,3,2,1453.14,1,56.2,5136,3,6,0,2023-10-12
SHIP07821,CUST2422,Home & Garden,C,Ship,Delhi-Mumbai,7,2,1851.27,8,30.4,4321,5,7,0,2023-04-09
SHIP07822,CUST3961,Books,C,Flight,Bangalore-Chennai,3,2,375.52,8,8.1,5227,8,10,0,2023-01-27
SHIP07823,CUST5844,Sporting Goods,A,Road,Mumbai-Chennai,6,1,330.39,8,21.9,4535,4,7,0,2023-07-10
SHIP07824,CUST3268,Sporting Goods,B,Flight,Mumbai-Chennai,1,1,2320.57,3,29.0,2226,8,7,1,2023-06-12
SHIP07825,CUST3084,Fashion,C,Flight,Mumbai-Chennai,4,3,3240.62,4,41.5,5297,3,6,0,2023-09-18
SHIP07826,CUST5311,Home & Garden,D,Road,Delhi-Mumbai,2,2,1525.24,7,1.5,4367,3,5,0,2023-04-12
SHIP07827,CUST8033,Electronics,A,Road,Hyderabad-Pune,7,1,4166.82,8,55.4,1954,10,14,0,2023-03-11
SHIP07828,CUST1210,Sporting Goods,D,Ship,Kolkata-Delhi,6,5,808.14,8,45.0,3424,7,8,0,2023-11-14
SHIP07829,CUST2193,Electronics,D,Road,Mumbai-Chennai,5,4,1325.66,4,42.5,5740,7,8,0,2023-02-18
SHIP07830,CUST7816,Books,C,Road,Kolkata-Delhi,3,3,1929.63,0,3.6,1172,10,14,0,2023-01-22
SHIP07831,CUST7027,Electronics,A,Flight,Bangalore-Chennai,2,3,2687.65,2,37.9,6589,3,5,0,2023-05-05
SHIP07832,CUST9130,Sporting Goods,B,Road,Delhi-Mumbai,5,1,2950.28,7,7.4,1275,4,5,0,2023-10-15
SHIP07833,CUST3903,Books,F,Ship,Bangalore-Chennai,1,2,4102.61,2,31.0,1122,5,8,0,2023-01-13
SHIP07834,CUST2785,Home & Garden,F,Road,Delhi-Bangalore,4,4,4188.67,3,52.7,3857,4,3,1,2023-10-18
SHIP07835,CUST2158,Sporting Goods,C,Road,Bangalore-Chennai,3,3,2094.24,2,5.2,1007,9,13,0,2023-09-12
SHIP07836,CUST9779,Sporting Goods,C,Ship,Delhi-Bangalore,5,4,4948.19,3,44.0,5672,9,12,0,2023-01-27
SHIP07837,CUST4202,Books,C,Flight,Kolkata-Delhi,4,5,1846.51,3,50.1,2669,9,11,0,2023-03-20
SHIP07838,CUST3133,Books,F,Flight,Kolkata-Delhi,3,1,3811.0,7,37.9,4750,10,12,0,2023-11-01
SHIP07839,CUST3416,Sporting Goods,F,Flight,Mumbai-Chennai,6,2,2987.31,8,1.3,2040,9,14,0,2023-01-03
SHIP07840,CUST2063,Home & Garden,A,Ship,Delhi-Bangalore,7,3,4756.05,0,16.6,6457,7,12,0,2023-07-21
SHIP07841,CUST6889,Books,A,Ship,Delhi-Mumbai,3,3,2956.07,7,62.7,2094,7,12,0,2023-10-18
SHIP07842,CUST2273,Sporting Goods,C,Flight,Kolkata-Delhi,7,5,2620.55,3,11.3,1877,10,13,0,2023-05-13
SHIP07843,CUST3232,Cosmetics,C,Road,Kolkata-Delhi,7,2,3831.42,4,62.4,3099,9,9,1,2023-04-20
SHIP07844,CUST9331,Electronics,D,Flight,Mumbai-Chennai,3,2,509.38,5,53.0,1367,7,11,0,2023-04-08
SHIP07845,CUST5240,Books,D,Road,Kolkata-Delhi,3,3,3283.71,5,53.8,6714,7,11,0,2023-08-19
SHIP07846,CUST6397,Sporting Goods,C,Ship,Delhi-Bangalore,4,4,4966.97,5,50.7,5555,10,13,0,2023-12-12
SHIP07847,CUST8025,Sporting Goods,C,Flight,Mumbai-Chennai,2,3,3030.63,7,37.3,4412,10,14,0,2023-02-17
SHIP07848,CUST9471,Home & Garden,D,Ship,Delhi-Mumbai,7,2,2696.8,5,56.6,6815,6,7,0,2023-09-06
SHIP07849,CUST3181,Sporting Goods,F,Road,Delhi-Mumbai,2,1,1101.24,7,8.7,5991,6,11,0,2023-01-03
SHIP07850,CUST6692,Electronics,C,Flight,Mumbai-Chennai,6,2,664.27,7,64.5,2119,8,10,0,2023-03-22
SHIP07851,CUST7977,Home & Garden,D,Flight,Kolkata-Delhi,2,4,4173.22,0,59.7,4839,4,3,1,2023-08-05
SHIP07852,CUST8099,Books,F,Flight,Delhi-Bangalore,1,2,846.02,2,42.3,3824,9,14,0,2023-01-09
SHIP07853,CUST4784,Sporting Goods,C,Ship,Kolkata-Delhi,6,3,2860.54,7,37.4,6313,8,8,1,2023-11-17
SHIP07854,CUST5202,Electronics,A,Road,Delhi-Mumbai,4,4,2651.12,1,61.2,1159,7,9,0,2023-11-21
SHIP07855,CUST4824,Home & Garden,D,Road,Delhi-Mumbai,3,5,4357.92,4,47.4,5932,4,9,0,2023-01-03
SHIP07856,CUST2926,Electronics,D,Flight,Kolkata-Delhi,7,3,2295.68,7,13.6,2822,5,5,1,2023-07-24
SHIP07857,CUST2692,Cosmetics,A,Ship,Kolkata-Delhi,2,5,3637.93,3,21.6,3869,6,7,0,2023-02-18
SHIP07858,CUST9300,Cosmetics,F,Flight,Delhi-Mumbai,4,4,1634.88,0,12.0,3195,10,10,1,2023-03-21
SHIP07859,CUST2888,Fashion,A,Flight,Bangalore-Chennai,1,3,1763.01,8,38.0,2532,6,9,0,2023-10-29
SHIP07860,CUST6815,Fashion,B,Ship,Mumbai-Chennai,4,3,4529.54,5,5.3,3588,6,8,0,2023-08-27
SHIP07861,CUST9119,Books,C,Road,Mumbai-Chennai,1,1,2165.79,5,33.4,5241,4,7,0,2023-03-14
SHIP07862,CUST3431,Home & Garden,F,Ship,Mumbai-Chennai,1,5,3855.24,1,4.5,4289,6,7,0,2023-07-14
SHIP07863,CUST2913,Fashion,C,Road,Mumbai-Chennai,3,2,1862.98,4,40.8,3460,3,3,1,2023-09-15
SHIP07864,CUST3049,Electronics,C,Flight,Delhi-Mumbai,6,3,4306.57,0,33.0,3100,7,7,1,2023-08-06
SHIP07865,CUST6979,Fashion,C,Ship,Delhi-Bangalore,1,4,2027.82,6,2.6,3777,7,11,0,2023-08-22
SHIP07866,CUST7868,Books,F,Ship,Delhi-Bangalore,5,2,3849.11,0,55.8,4044,5,10,0,2023-04-29
SHIP07867,CUST9777,Electronics,B,Road,Hyderabad-Pune,3,4,3767.54,8,62.8,1255,3,3,1,2023-06-30
SHIP07868,CUST9734,Sporting Goods,C,Ship,Hyderabad-Pune,5,4,2167.4,1,39.3,4178,8,8,1,2023-09-01
SHIP07869,CUST7996,Home & Garden,D,Flight,Mumbai-Chennai,5,2,1882.76,3,34.0,4951,7,11,0,2023-09-25
SHIP07870,CUST3001,Books,B,Ship,Bangalore-Chennai,4,1,676.44,1,37.1,6294,4,9,0,2023-03-25
SHIP07871,CUST8291,Fashion,D,Road,Bangalore-Chennai,6,2,3024.97,2,24.1,6573,6,11,0,2023-06-23
SHIP07872,CUST3836,Fashion,D,Road,Delhi-Mumbai,5,4,4488.96,7,54.5,6295,3,2,1,2023-11-08
SHIP07873,CUST1203,Home & Garden,B,Road,Kolkata-Delhi,1,5,270.1,8,9.6,3573,3,3,1,2023-03-03
SHIP07874,CUST8492,Books,D,Flight,Delhi-Bangalore,1,2,2687.66,7,47.8,3071,6,10,0,2023-04-10
SHIP07875,CUST6981,Books,B,Ship,Kolkata-Delhi,4,3,3464.73,4,54.6,1092,6,6,1,2023-02-12
SHIP07876,CUST4061,Electronics,D,Road,Kolkata-Delhi,5,2,234.26,5,59.1,3912,10,14,0,2023-05-12
SHIP07877,CUST9131,Home & Garden,F,Ship,Kolkata-Delhi,3,5,3433.65,2,36.1,5957,5,10,0,2023-06-21
SHIP07878,CUST2276,Electronics,D,Road,Delhi-Bangalore,1,1,4616.34,2,6.3,2397,9,14,0,2023-07-26
SHIP07879,CUST5046,Books,C,Ship,Hyderabad-Pune,2,1,4595.86,1,1.8,5607,9,13,0,2023-06-26
SHIP07880,CUST3229,Sporting Goods,C,Road,Delhi-Bangalore,2,1,4139.48,7,19.0,2867,9,14,0,2023-05-27
SHIP07881,CUST6015,Electronics,A,Road,Kolkata-Delhi,6,3,2629.51,7,47.4,4993,8,9,0,2023-10-21
SHIP07882,CUST9619,Cosmetics,F,Flight,Delhi-Mumbai,5,4,4478.6,3,23.8,6736,9,13,0,2023-10-30
SHIP07883,CUST3077,Sporting Goods,B,Ship,Kolkata-Delhi,6,4,275.66,7,62.2,2981,5,7,0,2023-08-06
SHIP07884,CUST8038,Cosmetics,F,Flight,Delhi-Mumbai,4,2,280.77,1,23.0,5757,3,7,0,2023-11-15
SHIP07885,CUST4204,Electronics,C,Ship,Delhi-Mumbai,3,5,2042.75,6,1.2,3972,4,5,0,2023-08-27
SHIP07886,CUST1441,Fashion,C,Ship,Hyderabad-Pune,7,2,4889.67,6,2.7,6484,3,4,0,2023-12-16
SHIP07887,CUST2775,Sporting Goods,F,Ship,Delhi-Bangalore,6,2,2775.07,3,9.4,5547,3,2,1,2023-10-14
SHIP07888,CUST6160,Home & Garden,D,Flight,Delhi-Bangalore,3,3,3868.97,8,4.5,4711,3,2,1,2023-07-27
SHIP07889,CUST7529,Electronics,B,Flight,Delhi-Bangalore,6,2,3263.81,2,28.4,4274,5,10,0,2023-05-01
SHIP07890,CUST7500,Cosmetics,A,Flight,Delhi-Bangalore,5,5,1473.72,5,10.8,3413,10,10,1,2023-05-05
SHIP07891,CUST5789,Books,A,Ship,Delhi-Bangalore,2,4,547.8,3,23.9,4801,3,7,0,2023-06-15
SHIP07892,CUST5892,Books,C,Road,Mumbai-Chennai,5,2,2779.9,1,46.7,6700,8,8,1,2023-11-08
SHIP07893,CUST6094,Cosmetics,B,Flight,Mumbai-Chennai,2,1,2903.52,3,26.1,3781,4,9,0,2023-06-13
SHIP07894,CUST4923,Home & Garden,C,Flight,Delhi-Mumbai,2,5,152.22,4,54.3,5712,5,9,0,2023-01-01
SHIP07895,CUST3206,Fashion,C,Road,Mumbai-Chennai,4,1,4986.46,1,3.8,3395,4,9,0,2023-04-16
SHIP07896,CUST4898,Cosmetics,C,Ship,Kolkata-Delhi,3,5,3839.56,2,43.7,2095,8,9,0,2023-09-05
SHIP07897,CUST7719,Books,A,Road,Bangalore-Chennai,5,5,4737.17,8,54.4,4228,6,6,1,2023-10-19
SHIP07898,CUST2201,Fashion,C,Flight,Delhi-Mumbai,3,2,577.29,2,16.7,1263,6,7,0,2023-11-04
SHIP07899,CUST5676,Electronics,F,Road,Delhi-Mumbai,6,3,3995.09,2,6.0,1755,5,9,0,2023-02-07
SHIP07900,CUST2296,Sporting Goods,A,Flight,Mumbai-Chennai,1,2,4458.18,4,51.3,6978,10,9,1,2023-01-12
SHIP07901,CUST3845,Electronics,C,Road,Hyderabad-Pune,5,4,1054.48,2,1.3,1509,3,5,0,2023-05-09
SHIP07902,CUST4568,Sporting Goods,D,Ship,Delhi-Mumbai,4,2,4817.72,5,12.5,6383,5,7,0,2023-09-20
SHIP07903,CUST4988,Cosmetics,A,Ship,Bangalore-Chennai,3,1,4322.54,6,20.2,3907,4,3,1,2023-03-01
SHIP07904,CUST7481,Electronics,B,Road,Kolkata-Delhi,1,1,362.83,6,49.6,6177,9,13,0,2023-12-12
SHIP07905,CUST5768,Electronics,B,Flight,Delhi-Mumbai,7,5,1375.8,6,6.1,6995,7,9,0,2023-04-26
SHIP07906,CUST1532,Electronics,F,Ship,Delhi-Mumbai,5,3,2066.5,5,0.5,2063,8,9,0,2023-08-11
SHIP07907,CUST8986,Books,B,Flight,Bangalore-Chennai,1,3,2214.86,8,17.4,2873,3,8,0,2023-08-20
SHIP07908,CUST5649,Cosmetics,D,Road,Bangalore-Chennai,3,4,1211.06,8,35.3,3385,6,5,1,2023-11-28
SHIP07909,CUST1460,Electronics,F,Road,Mumbai-Chennai,3,3,4240.55,0,45.1,3996,9,13,0,2023-04-17
SHIP07910,CUST4628,Electronics,B,Road,Mumbai-Chennai,3,2,691.56,0,61.1,4058,5,8,0,2023-05-18
SHIP07911,CUST6089,Cosmetics,B,Road,Delhi-Bangalore,5,1,147.87,6,64.6,2512,5,10,0,2023-10-31
SHIP07912,CUST5713,Home & Garden,B,Ship,Delhi-Bangalore,6,1,3285.03,3,12.2,4958,5,6,0,2023-03-28
SHIP07913,CUST2976,Cosmetics,D,Road,Hyderabad-Pune,4,5,4399.69,0,56.3,5938,6,7,0,2023-03-13
SHIP07914,CUST3289,Electronics,C,Road,Bangalore-Chennai,4,5,2685.98,8,62.4,6489,7,8,0,2023-03-26
SHIP07915,CUST3652,Books,D,Road,Delhi-Bangalore,1,3,2634.98,6,58.0,6898,8,9,0,2023-06-05
SHIP07916,CUST9528,Fashion,B,Road,Delhi-Mumbai,3,5,1694.34,2,28.1,4512,3,6,0,2023-02-08
SHIP07917,CUST9999,Cosmetics,D,Ship,Mumbai-Chennai,5,1,3615.84,7,36.8,5050,10,15,0,2023-10-19
SHIP07918,CUST3365,Home & Garden,D,Ship,Mumbai-Chennai,5,3,3542.58,3,9.4,1482,5,8,0,2023-10-09
SHIP07919,CUST6284,Cosmetics,D,Road,Delhi-Mumbai,1,4,2710.1,2,27.5,5453,8,9,0,2023-07-18
SHIP07920,CUST6663,Books,A,Road,Kolkata-Delhi,3,4,3347.81,8,5.0,6291,8,7,1,2023-07-01
SHIP07921,CUST3471,Fashion,A,Flight,Bangalore-Chennai,1,3,702.84,3,22.7,5253,4,9,0,2023-08-28
SHIP07922,CUST1713,Fashion,D,Road,Hyderabad-Pune,6,2,377.47,0,63.7,3783,4,4,1,2023-08-29
SHIP07923,CUST4966,Home & Garden,D,Flight,Mumbai-Chennai,1,5,616.66,6,57.0,6429,5,4,1,2023-11-10
SHIP07924,CUST1744,Cosmetics,A,Road,Mumbai-Chennai,1,3,3804.97,0,53.5,3093,8,12,0,2023-11-23
SHIP07925,CUST3149,Electronics,A,Road,Kolkata-Delhi,7,2,2567.79,8,16.9,3716,9,10,0,2023-08-22
SHIP07926,CUST1773,Fashion,C,Flight,Mumbai-Chennai,1,1,2156.41,8,27.5,5039,10,13,0,2023-12-07
SHIP07927,CUST5902,Electronics,B,Ship,Bangalore-Chennai,1,3,3598.92,5,58.2,2995,10,14,0,2023-09-24
SHIP07928,CUST1202,Sporting Goods,C,Road,Delhi-Mumbai,3,2,1949.67,7,9.2,5802,5,6,0,2023-12-25
SHIP07929,CUST3219,Books,C,Road,Mumbai-Chennai,7,4,1418.77,2,21.2,4585,9,11,0,2023-10-15
SHIP07930,CUST5098,Cosmetics,C,Road,Mumbai-Chennai,1,2,3775.26,2,26.6,1595,9,12,0,2023-03-07
SHIP07931,CUST1198,Cosmetics,F,Flight,Mumbai-Chennai,2,4,647.9,0,54.9,1767,5,4,1,2023-05-28
SHIP07932,CUST2478,Fashion,A,Flight,Delhi-Mumbai,6,5,312.63,3,51.0,4218,8,8,1,2023-11-10
SHIP07933,CUST9257,Cosmetics,F,Ship,Mumbai-Chennai,3,1,1271.08,3,7.7,1712,6,5,1,2023-06-22
SHIP07934,CUST2718,Sporting Goods,B,Flight,Hyderabad-Pune,6,2,275.75,6,48.3,4910,6,11,0,2023-08-21
SHIP07935,CUST8048,Cosmetics,D,Ship,Kolkata-Delhi,5,3,406.75,2,58.0,2471,3,2,1,2023-03-20
SHIP07936,CUST4953,Electronics,C,Flight,Bangalore-Chennai,4,5,1000.12,0,17.4,1158,7,10,0,2023-10-01
SHIP07937,CUST1197,Books,D,Road,Mumbai-Chennai,5,5,145.46,0,41.4,3871,4,9,0,2023-10-07
SHIP07938,CUST8684,Sporting Goods,C,Road,Kolkata-Delhi,4,3,450.89,3,39.6,1418,8,8,1,2023-05-10
SHIP07939,CUST4692,Fashion,A,Ship,Kolkata-Delhi,6,1,3721.43,3,62.9,3312,4,4,1,2023-02-18
SHIP07940,CUST2905,Fashion,B,Flight,Kolkata-Delhi,7,2,4130.47,4,34.3,1696,10,10,1,2023-08-21
SHIP07941,CUST8147,Sporting Goods,B,Flight,Delhi-Mumbai,2,5,4275.52,5,0.3,3143,7,10,0,2023-09-16
SHIP07942,CUST8479,Cosmetics,B,Flight,Delhi-Bangalore,6,4,4355.08,8,27.6,4114,9,12,0,2023-11-09
SHIP07943,CUST7804,Electronics,D,Road,Delhi-Mumbai,2,4,4899.76,7,50.1,3862,9,14,0,2023-11-04
SHIP07944,CUST8394,Books,B,Flight,Hyderabad-Pune,2,3,621.35,6,31.1,1042,4,3,1,2023-01-11
SHIP07945,CUST9084,Cosmetics,C,Flight,Mumbai-Chennai,5,4,3373.02,5,38.3,6949,4,3,1,2023-05-02
SHIP07946,CUST4427,Sporting Goods,C,Ship,Bangalore-Chennai,2,1,2939.02,6,26.0,3255,7,9,0,2023-09-03
SHIP07947,CUST1876,Cosmetics,A,Road,Delhi-Mumbai,4,3,1738.12,0,2.6,2272,8,13,0,2023-10-13
SHIP07948,CUST7007,Books,D,Flight,Hyderabad-Pune,1,3,454.26,4,29.6,3601,7,9,0,2023-03-20
SHIP07949,CUST8912,Books,D,Ship,Delhi-Bangalore,4,5,1773.26,1,18.4,6758,7,10,0,2023-08-16
SHIP07950,CUST1519,Fashion,B,Flight,Kolkata-Delhi,4,2,2226.69,5,5.5,1557,3,7,0,2023-01-02
SHIP07951,CUST5647,Home & Garden,C,Road,Bangalore-Chennai,2,2,2181.25,7,47.2,5419,6,11,0,2023-07-18
SHIP07952,CUST5873,Cosmetics,A,Road,Delhi-Bangalore,6,3,1798.43,5,45.6,5883,8,7,1,2023-03-06
SHIP07953,CUST2105,Sporting Goods,B,Ship,Bangalore-Chennai,6,3,4055.13,5,24.9,2569,5,10,0,2023-05-07
SHIP07954,CUST4551,Cosmetics,B,Ship,Hyderabad-Pune,1,5,4830.02,8,26.9,4534,8,7,1,2023-10-15
SHIP07955,CUST1284,Home & Garden,F,Flight,Mumbai-Chennai,5,4,1629.8,3,38.3,1248,4,8,0,2023-06-18
SHIP07956,CUST9278,Books,F,Ship,Mumbai-Chennai,1,5,2143.75,6,24.5,2483,5,9,0,2023-01-31
SHIP07957,CUST2168,Sporting Goods,B,Flight,Mumbai-Chennai,7,3,3473.73,3,60.1,4817,7,10,0,2023-05-26
SHIP07958,CUST2350,Cosmetics,C,Flight,Bangalore-Chennai,1,3,2358.88,6,48.1,4767,4,5,0,2023-11-19
SHIP07959,CUST7421,Electronics,A,Flight,Kolkata-Delhi,1,3,2519.32,2,55.0,5992,5,5,1,2023-08-11
SHIP07960,CUST5173,Sporting Goods,F,Road,Kolkata-Delhi,1,1,609.38,2,17.4,4686,7,11,0,2023-02-01
SHIP07961,CUST7836,Home & Garden,B,Road,Mumbai-Chennai,4,1,4230.06,2,16.3,1283,4,5,0,2023-12-07
SHIP07962,CUST1808,Fashion,F,Road,Hyderabad-Pune,6,3,1854.74,4,52.7,1995,3,2,1,2023-03-13
SHIP07963,CUST8810,Books,B,Ship,Bangalore-Chennai,2,5,1111.84,0,16.5,2351,10,10,1,2023-07-27
SHIP07964,CUST5137,Home & Garden,D,Ship,Delhi-Bangalore,6,4,3996.85,1,20.2,4285,4,3,1,2023-08-29
SHIP07965,CUST7309,Books,B,Ship,Kolkata-Delhi,6,5,1965.78,8,39.1,4688,5,4,1,2023-11-13
SHIP07966,CUST5092,Sporting Goods,D,Flight,Bangalore-Chennai,6,1,3732.04,0,62.2,5210,4,9,0,2023-05-10
SHIP07967,CUST1004,Books,A,Ship,Delhi-Mumbai,7,2,1086.91,3,18.9,6029,9,11,0,2023-10-02
SHIP07968,CUST8875,Home & Garden,A,Ship,Bangalore-Chennai,5,1,2966.81,3,63.5,5980,3,3,1,2023-07-03
SHIP07969,CUST6659,Home & Garden,A,Flight,Kolkata-Delhi,2,4,2865.95,5,38.4,1831,3,2,1,2023-12-10
SHIP07970,CUST9871,Sporting Goods,C,Flight,Kolkata-Delhi,4,5,3239.53,0,37.5,1758,10,11,0,2023-04-16
SHIP07971,CUST4658,Electronics,F,Flight,Hyderabad-Pune,1,2,1772.69,0,26.4,6430,8,11,0,2023-07-16
SHIP07972,CUST2276,Fashion,F,Road,Delhi-Bangalore,5,3,4468.02,8,31.3,5026,5,6,0,2023-10-08
SHIP07973,CUST2942,Books,C,Ship,Delhi-Bangalore,7,1,4011.84,7,42.6,6686,9,10,0,2023-02-05
SHIP07974,CUST1391,Cosmetics,C,Ship,Kolkata-Delhi,4,4,2080.18,6,63.6,5704,6,5,1,2023-11-20
SHIP07975,CUST1467,Home & Garden,B,Flight,Bangalore-Chennai,7,1,264.76,6,64.8,5137,4,6,0,2023-02-07
SHIP07976,CUST9173,Books,F,Ship,Delhi-Bangalore,1,4,4966.69,6,5.3,6553,9,13,0,2023-05-09
SHIP07977,CUST9492,Sporting Goods,B,Flight,Mumbai-Chennai,5,1,4195.46,6,18.1,4267,4,5,0,2023-08-14
SHIP07978,CUST7989,Sporting Goods,C,Flight,Hyderabad-Pune,1,3,655.92,1,24.7,3006,7,12,0,2023-04-12
SHIP07979,CUST9431,Sporting Goods,D,Road,Delhi-Mumbai,6,5,1715.77,1,17.2,2473,4,9,0,2023-05-29
SHIP07980,CUST4567,Cosmetics,A,Road,Hyderabad-Pune,7,2,825.44,7,25.8,4028,6,5,1,2023-03-01
SHIP07981,CUST9246,Home & Garden,B,Ship,Kolkata-Delhi,7,3,3653.93,4,3.0,6663,5,9,0,2023-07-30
SHIP07982,CUST7572,Cosmetics,C,Flight,Bangalore-Chennai,4,5,159.27,4,41.0,4278,7,11,0,2023-04-08
SHIP07983,CUST6819,Electronics,B,Road,Hyderabad-Pune,4,1,3716.47,3,16.2,5924,9,14,0,2023-05-23
SHIP07984,CUST3059,Fashion,C,Ship,Bangalore-Chennai,3,5,2690.11,0,31.1,1783,7,9,0,2023-12-01
SHIP07985,CUST5976,Fashion,F,Ship,Hyderabad-Pune,3,1,2008.64,6,10.1,2224,9,9,1,2023-02-17
SHIP07986,CUST1865,Books,F,Ship,Mumbai-Chennai,5,4,3266.34,2,17.4,5578,7,7,1,2023-10-19
SHIP07987,CUST2373,Home & Garden,F,Flight,Delhi-Bangalore,5,4,2775.71,4,23.2,2044,6,10,0,2023-02-27
SHIP07988,CUST1272,Cosmetics,A,Road,Kolkata-Delhi,7,1,4057.99,7,55.8,2108,10,10,1,2023-07-27
SHIP07989,CUST4222,Fashion,F,Ship,Hyderabad-Pune,6,4,656.5,7,48.6,2735,8,7,1,2023-12-21
SHIP07990,CUST9459,Fashion,C,Ship,Mumbai-Chennai,5,3,3067.98,2,47.7,4967,7,10,0,2023-06-13
SHIP07991,CUST4474,Home & Garden,C,Ship,Hyderabad-Pune,3,5,1303.4,6,5.0,4915,10,13,0,2023-02-16
SHIP07992,CUST7698,Sporting Goods,D,Road,Mumbai-Chennai,4,5,1934.79,6,30.2,6733,9,10,0,2023-06-22
SHIP07993,CUST5358,Electronics,C,Road,Delhi-Bangalore,7,5,4613.55,7,3.2,3471,9,13,0,2023-05-06
SHIP07994,CUST4413,Fashion,B,Flight,Delhi-Bangalore,6,3,2957.43,4,32.2,3515,9,14,0,2023-09-24
SHIP07995,CUST4920,Books,C,Road,Delhi-Mumbai,1,1,2917.2,8,44.6,6854,8,12,0,2023-06-22
SHIP07996,CUST8269,Sporting Goods,F,Road,Bangalore-Chennai,1,4,3585.54,7,1.2,4633,9,13,0,2023-05-13
SHIP07997,CUST5477,Sporting Goods,D,Flight,Bangalore-Chennai,1,1,3772.87,8,3.4,5921,7,12,0,2023-04-13
SHIP07998,CUST1547,Home & Garden,B,Road,Delhi-Mumbai,6,4,4153.1,8,21.2,4551,9,10,0,2023-06-23
SHIP07999,CUST9143,Fashion,A,Road,Hyderabad-Pune,4,5,613.66,8,35.1,4352,6,7,0,2023-09-09
SHIP08000,CUST7139,Books,D,Road,Bangalore-Chennai,2,5,2778.53,2,4.6,1695,4,6,0,2023-06-05
SHIP08001,CUST6561,Sporting Goods,F,Ship,Mumbai-Chennai,2,4,3286.08,8,48.1,1279,4,9,0,2023-11-03
SHIP08002,CUST1489,Cosmetics,C,Ship,Kolkata-Delhi,7,1,4800.86,4,10.9,4867,6,5,1,2023-01-29
SHIP08003,CUST4968,Cosmetics,B,Flight,Mumbai-Chennai,3,2,1225.01,2,64.4,4733,9,12,0,2023-01-24
SHIP08004,CUST5181,Books,F,Ship,Kolkata-Delhi,7,2,2479.43,7,47.7,2688,8,9,0,2023-09-05
SHIP08005,CUST4305,Cosmetics,A,Ship,Delhi-Mumbai,4,3,282.61,7,56.9,3827,3,7,0,2023-03-10
SHIP08006,CUST3176,Books,A,Flight,Delhi-Mumbai,6,4,4756.79,7,5.6,5514,4,6,0,2023-04-23
SHIP08007,CUST5190,Home & Garden,B,Ship,Delhi-Mumbai,5,1,426.98,0,42.4,6583,10,11,0,2023-11-01
SHIP08008,CUST2637,Books,F,Road,Kolkata-Delhi,3,4,3740.25,3,11.4,4935,10,10,1,2023-02-19
SHIP08009,CUST8123,Sporting Goods,F,Flight,Kolkata-Delhi,2,3,2635.87,6,21.7,4791,3,4,0,2023-06-26
SHIP08010,CUST1878,Fashion,A,Road,Mumbai-Chennai,5,2,2789.1,8,32.4,3943,5,5,1,2023-04-17
SHIP08011,CUST9427,Electronics,B,Ship,Delhi-Bangalore,3,4,4543.18,2,52.2,2994,9,11,0,2023-08-09
SHIP08012,CUST3670,Cosmetics,F,Ship,Hyderabad-Pune,1,1,2844.96,8,64.1,4776,6,5,1,2023-03-11
SHIP08013,CUST5518,Home & Garden,F,Road,Delhi-Mumbai,6,4,4529.0,3,49.4,6749,3,3,1,2023-06-07
SHIP08014,CUST6716,Fashion,D,Flight,Delhi-Bangalore,3,5,2083.97,5,45.9,6453,6,11,0,2023-05-29
SHIP08015,CUST1238,Home & Garden,A,Flight,Delhi-Bangalore,4,5,2117.73,7,24.8,4358,6,9,0,2023-10-22
SHIP08016,CUST1112,Electronics,F,Ship,Delhi-Mumbai,2,4,1616.26,0,47.9,1241,7,6,1,2023-07-24
SHIP08017,CUST3267,Home & Garden,F,Flight,Hyderabad-Pune,6,3,371.16,1,14.9,3017,9,13,0,2023-04-25
SHIP08018,CUST8660,Home & Garden,B,Road,Mumbai-Chennai,2,5,4139.62,1,28.5,5052,6,8,0,2023-12-05
SHIP08019,CUST7527,Home & Garden,F,Road,Bangalore-Chennai,3,4,2979.52,1,35.5,4181,8,10,0,2023-06-18
SHIP08020,CUST4855,Cosmetics,F,Road,Delhi-Mumbai,3,2,1355.65,7,49.6,3774,8,9,0,2023-08-11
SHIP08021,CUST7155,Books,C,Road,Mumbai-Chennai,2,4,1955.21,6,22.7,3015,4,6,0,2023-01-24
SHIP08022,CUST7619,Cosmetics,C,Ship,Kolkata-Delhi,6,3,445.32,7,28.0,1773,5,9,0,2023-04-03
SHIP08023,CUST4920,Home & Garden,A,Flight,Kolkata-Delhi,1,3,2932.78,1,48.7,4893,5,7,0,2023-08-01
SHIP08024,CUST4495,Home & Garden,B,Road,Delhi-Bangalore,2,2,1118.13,8,15.6,4577,10,12,0,2023-07-28
SHIP08025,CUST4460,Cosmetics,A,Ship,Hyderabad-Pune,1,5,3432.54,0,63.0,4287,5,7,0,2023-12-30
SHIP08026,CUST5895,Electronics,F,Flight,Bangalore-Chennai,7,5,962.06,3,42.4,1505,3,4,0,2023-06-30
SHIP08027,CUST4403,Home & Garden,F,Ship,Kolkata-Delhi,3,3,513.84,8,60.4,6274,4,9,0,2023-02-10
SHIP08028,CUST5547,Sporting Goods,A,Road,Hyderabad-Pune,3,4,590.58,6,15.2,4901,10,13,0,2023-04-09
SHIP08029,CUST4203,Home & Garden,C,Road,Delhi-Bangalore,6,5,2321.79,0,38.7,3707,3,6,0,2023-01-07
SHIP08030,CUST8715,Fashion,D,Ship,Delhi-Bangalore,5,2,929.9,7,42.2,6095,3,2,1,2023-08-26
SHIP08031,CUST2537,Sporting Goods,F,Ship,Delhi-Bangalore,4,3,3586.7,4,59.7,2260,4,3,1,2023-05-05
SHIP08032,CUST2283,Cosmetics,C,Flight,Delhi-Bangalore,4,4,2232.03,4,7.1,6831,10,13,0,2023-05-01
SHIP08033,CUST9019,Home & Garden,B,Flight,Hyderabad-Pune,4,1,584.13,7,6.2,6821,3,2,1,2023-05-03
SHIP08034,CUST7007,Home & Garden,A,Ship,Hyderabad-Pune,3,5,2313.13,6,32.8,6852,5,5,1,2023-08-18
SHIP08035,CUST7704,Cosmetics,D,Ship,Delhi-Bangalore,3,5,1426.66,3,19.8,3642,7,7,1,2023-01-13
SHIP08036,CUST7974,Electronics,F,Flight,Hyderabad-Pune,3,5,1043.69,3,37.3,6654,7,7,1,2023-01-15
SHIP08037,CUST9443,Electronics,A,Ship,Bangalore-Chennai,2,4,875.27,3,35.5,2244,7,7,1,2023-12-05
SHIP08038,CUST9851,Books,D,Ship,Delhi-Mumbai,2,3,4411.06,3,22.6,4907,10,12,0,2023-09-07
SHIP08039,CUST6610,Electronics,B,Road,Kolkata-Delhi,5,5,4799.58,3,0.1,3144,7,7,1,2023-05-05
SHIP08040,CUST2713,Sporting Goods,F,Road,Hyderabad-Pune,5,4,2081.21,1,55.6,5327,3,5,0,2023-05-29
SHIP08041,CUST5787,Cosmetics,B,Ship,Bangalore-Chennai,7,1,1307.72,4,25.2,1338,6,8,0,2023-09-01
SHIP08042,CUST9000,Cosmetics,F,Ship,Bangalore-Chennai,4,4,268.3,8,3.1,5382,5,10,0,2023-12-04
SHIP08043,CUST1222,Cosmetics,F,Ship,Delhi-Bangalore,3,3,1951.93,1,25.1,2517,6,7,0,2023-04-07
SHIP08044,CUST8107,Sporting Goods,A,Ship,Delhi-Bangalore,1,5,3106.54,0,13.8,2180,3,6,0,2023-01-05
SHIP08045,CUST1238,Electronics,B,Road,Hyderabad-Pune,1,5,3444.77,2,39.2,6679,9,9,1,2023-02-02
SHIP08046,CUST3809,Sporting Goods,B,Ship,Delhi-Mumbai,5,1,3231.35,2,26.1,4620,9,13,0,2023-07-29
SHIP08047,CUST4633,Sporting Goods,B,Flight,Bangalore-Chennai,2,3,2435.57,8,32.1,6917,8,9,0,2023-06-26
SHIP08048,CUST9738,Books,F,Ship,Hyderabad-Pune,1,5,3898.92,5,58.0,2129,6,7,0,2023-07-23
SHIP08049,CUST5181,Cosmetics,F,Flight,Hyderabad-Pune,5,2,2780.81,3,36.0,6536,4,9,0,2023-12-22
SHIP08050,CUST7044,Books,C,Flight,Bangalore-Chennai,2,5,2915.45,5,40.0,3063,3,8,0,2023-05-06
SHIP08051,CUST5430,Books,C,Road,Mumbai-Chennai,4,1,2862.86,8,1.7,3406,5,4,1,2023-03-05
SHIP08052,CUST1168,Fashion,F,Ship,Delhi-Mumbai,5,1,2711.67,4,2.3,6301,4,9,0,2023-09-15
SHIP08053,CUST9748,Fashion,A,Road,Delhi-Mumbai,1,1,4439.08,7,43.6,3950,5,8,0,2023-05-18
SHIP08054,CUST8865,Fashion,B,Road,Bangalore-Chennai,5,4,587.07,0,38.6,4232,10,10,1,2023-09-11
SHIP08055,CUST5705,Fashion,B,Ship,Delhi-Mumbai,2,2,4550.48,4,18.4,5444,4,7,0,2023-09-27
SHIP08056,CUST3715,Books,D,Road,Kolkata-Delhi,4,2,586.4,1,44.4,1513,4,4,1,2023-09-10
SHIP08057,CUST6975,Electronics,B,Ship,Kolkata-Delhi,4,5,3851.17,3,14.8,3105,6,8,0,2023-07-21
SHIP08058,CUST7477,Fashion,A,Road,Bangalore-Chennai,3,4,2006.03,2,20.1,4196,6,10,0,2023-05-26
SHIP08059,CUST4334,Cosmetics,F,Road,Mumbai-Chennai,6,3,355.89,4,31.6,5024,5,8,0,2023-12-10
SHIP08060,CUST3791,Electronics,F,Ship,Hyderabad-Pune,6,3,610.98,8,60.4,3271,10,13,0,2023-05-07
SHIP08061,CUST9967,Books,C,Flight,Delhi-Mumbai,2,4,3304.75,6,16.7,6225,9,12,0,2023-06-15
SHIP08062,CUST2864,Fashion,F,Ship,Bangalore-Chennai,1,4,1163.63,1,58.1,3605,6,8,0,2023-10-14
SHIP08063,CUST6395,Cosmetics,B,Flight,Hyderabad-Pune,6,2,446.74,2,14.7,3258,5,9,0,2023-02-10
SHIP08064,CUST3700,Cosmetics,C,Flight,Kolkata-Delhi,6,5,2130.63,0,62.5,1103,5,8,0,2023-12-16
SHIP08065,CUST6524,Electronics,D,Road,Kolkata-Delhi,2,1,3139.29,5,43.4,6987,4,9,0,2023-09-27
SHIP08066,CUST2877,Home & Garden,B,Road,Bangalore-Chennai,6,4,2865.87,1,59.9,1549,10,12,0,2023-11-18
SHIP08067,CUST2402,Fashion,A,Flight,Kolkata-Delhi,3,3,1542.34,2,30.5,1555,8,11,0,2023-12-10
SHIP08068,CUST8956,Home & Garden,D,Flight,Hyderabad-Pune,5,2,1589.08,6,50.5,5881,6,10,0,2023-11-07
SHIP08069,CUST8565,Home & Garden,B,Ship,Kolkata-Delhi,2,3,2819.72,6,13.0,6424,3,8,0,2023-07-02
SHIP08070,CUST4309,Fashion,F,Ship,Delhi-Bangalore,2,1,3280.85,6,1.5,4133,4,4,1,2023-05-20
SHIP08071,CUST1491,Cosmetics,C,Road,Delhi-Mumbai,2,4,2749.89,0,47.4,5831,5,7,0,2023-06-23
SHIP08072,CUST6835,Books,D,Ship,Delhi-Bangalore,6,1,717.79,0,29.3,4096,10,10,1,2023-03-22
SHIP08073,CUST4054,Home & Garden,A,Flight,Delhi-Mumbai,7,5,4086.89,4,30.0,1689,7,7,1,2023-09-08
SHIP08074,CUST6716,Home & Garden,B,Flight,Kolkata-Delhi,5,5,3400.26,8,1.0,4981,9,10,0,2023-04-18
SHIP08075,CUST9171,Sporting Goods,A,Flight,Kolkata-Delhi,1,5,2468.22,3,12.1,6919,4,7,0,2023-02-14
SHIP08076,CUST4141,Fashion,B,Flight,Delhi-Mumbai,3,2,3717.39,5,51.4,3451,5,5,1,2023-08-16
SHIP08077,CUST4006,Home & Garden,A,Road,Bangalore-Chennai,4,2,771.84,3,6.5,5481,7,11,0,2023-05-06
SHIP08078,CUST9984,Sporting Goods,B,Flight,Delhi-Mumbai,7,5,2103.12,5,60.1,6979,5,9,0,2023-07-15
SHIP08079,CUST7912,Electronics,F,Ship,Kolkata-Delhi,1,5,4417.51,1,47.6,4894,5,4,1,2023-04-23
SHIP08080,CUST3241,Cosmetics,C,Flight,Hyderabad-Pune,7,5,3013.46,8,7.7,6783,7,11,0,2023-12-13
SHIP08081,CUST9207,Books,C,Ship,Kolkata-Delhi,2,3,3622.19,4,5.0,5590,6,10,0,2023-06-06
SHIP08082,CUST7563,Home & Garden,D,Flight,Delhi-Mumbai,1,5,4480.06,8,53.1,2928,8,13,0,2023-07-05
SHIP08083,CUST1821,Sporting Goods,A,Flight,Hyderabad-Pune,3,3,1329.97,6,48.6,2637,7,9,0,2023-10-19
SHIP08084,CUST6339,Fashion,D,Ship,Mumbai-Chennai,5,5,3739.55,6,33.4,1785,6,7,0,2023-03-20
SHIP08085,CUST7981,Fashion,C,Ship,Kolkata-Delhi,4,5,301.67,6,59.2,2378,3,4,0,2023-11-25
SHIP08086,CUST7261,Fashion,C,Road,Delhi-Bangalore,4,2,3352.57,2,13.7,3398,9,10,0,2023-03-05
SHIP08087,CUST1906,Electronics,A,Road,Mumbai-Chennai,4,4,3780.89,4,62.1,5932,5,10,0,2023-11-08
SHIP08088,CUST1429,Sporting Goods,D,Ship,Delhi-Mumbai,6,5,329.59,5,10.7,2799,5,7,0,2023-09-15
SHIP08089,CUST5175,Home & Garden,C,Road,Kolkata-Delhi,1,3,984.35,5,24.3,3642,9,9,1,2023-03-01
SHIP08090,CUST7420,Cosmetics,C,Flight,Kolkata-Delhi,4,1,2239.45,8,3.9,3252,4,9,0,2023-10-25
SHIP08091,CUST2902,Electronics,A,Road,Delhi-Mumbai,4,2,705.99,8,11.2,4021,5,10,0,2023-11-23
SHIP08092,CUST4915,Books,F,Flight,Hyderabad-Pune,5,2,523.41,4,45.8,5923,9,9,1,2023-07-22
SHIP08093,CUST6566,Fashion,D,Flight,Kolkata-Delhi,7,3,1897.81,0,43.0,2240,3,4,0,2023-05-23
SHIP08094,CUST2955,Home & Garden,F,Road,Delhi-Mumbai,3,1,1922.41,1,9.9,2821,9,13,0,2023-11-05
SHIP08095,CUST1772,Books,C,Flight,Bangalore-Chennai,2,3,1164.22,8,19.2,4907,6,7,0,2023-07-07
SHIP08096,CUST7415,Fashion,B,Road,Hyderabad-Pune,2,5,1944.69,0,30.2,2888,9,9,1,2023-04-20
SHIP08097,CUST7267,Cosmetics,F,Road,Hyderabad-Pune,3,2,1693.34,5,58.1,6650,8,13,0,2023-08-30
SHIP08098,CUST5882,Cosmetics,C,Road,Mumbai-Chennai,2,3,3097.03,7,29.9,5600,4,9,0,2023-04-28
SHIP08099,CUST8479,Electronics,C,Ship,Bangalore-Chennai,4,2,1190.89,0,42.4,1421,10,14,0,2023-04-27
SHIP08100,CUST8210,Fashion,D,Ship,Delhi-Mumbai,6,2,1694.78,6,38.5,3269,9,9,1,2023-09-02
SHIP08101,CUST3766,Cosmetics,D,Ship,Kolkata-Delhi,3,1,2404.5,3,57.3,1973,10,14,0,2023-02-04
SHIP08102,CUST5209,Sporting Goods,A,Ship,Kolkata-Delhi,5,2,3386.68,6,9.4,2448,7,6,1,2023-09-01
SHIP08103,CUST4621,Electronics,F,Ship,Hyderabad-Pune,4,1,875.67,8,35.4,5597,4,8,0,2023-03-27
SHIP08104,CUST6395,Cosmetics,B,Ship,Bangalore-Chennai,7,3,1084.65,6,34.3,3995,6,5,1,2023-07-16
SHIP08105,CUST3225,Books,C,Ship,Bangalore-Chennai,6,5,2217.33,5,32.0,2792,6,5,1,2023-11-27
SHIP08106,CUST4247,Electronics,D,Flight,Mumbai-Chennai,1,5,3760.92,1,64.4,5614,9,10,0,2023-01-02
SHIP08107,CUST6202,Books,C,Road,Bangalore-Chennai,7,5,4107.1,0,19.0,4143,10,11,0,2023-06-13
SHIP08108,CUST1714,Home & Garden,D,Flight,Delhi-Bangalore,5,3,4482.15,2,25.6,4036,9,9,1,2023-10-30
SHIP08109,CUST5486,Fashion,A,Flight,Mumbai-Chennai,4,4,4405.51,6,4.7,1013,3,4,0,2023-04-13
SHIP08110,CUST1095,Electronics,F,Flight,Kolkata-Delhi,4,4,1048.23,8,35.8,2177,6,5,1,2023-07-28
SHIP08111,CUST9811,Sporting Goods,B,Ship,Kolkata-Delhi,5,2,4793.95,0,46.7,4069,5,6,0,2023-09-10
SHIP08112,CUST9470,Electronics,B,Road,Bangalore-Chennai,3,5,1007.69,4,13.7,5417,7,11,0,2023-04-14
SHIP08113,CUST6076,Electronics,B,Flight,Bangalore-Chennai,7,1,1123.53,4,11.8,6234,3,2,1,2023-04-05
SHIP08114,CUST6137,Sporting Goods,A,Ship,Delhi-Bangalore,2,4,1436.42,7,14.0,5795,8,13,0,2023-12-17
SHIP08115,CUST8702,Books,C,Road,Bangalore-Chennai,4,3,1137.33,1,11.3,6405,7,9,0,2023-01-16
SHIP08116,CUST8364,Sporting Goods,F,Ship,Kolkata-Delhi,4,2,1789.46,8,42.1,6287,8,9,0,2023-03-29
SHIP08117,CUST1898,Fashion,A,Flight,Bangalore-Chennai,3,5,4555.05,0,18.5,5317,3,2,1,2023-11-19
SHIP08118,CUST9933,Cosmetics,B,Ship,Kolkata-Delhi,5,1,2666.74,6,22.3,5803,10,14,0,2023-08-14
SHIP08119,CUST9676,Electronics,C,Road,Delhi-Bangalore,3,5,2309.39,3,22.5,1669,10,10,1,2023-04-22
SHIP08120,CUST3424,Home & Garden,A,Flight,Bangalore-Chennai,4,4,3025.9,5,35.2,6788,4,5,0,2023-07-07
SHIP08121,CUST3329,Fashion,D,Flight,Mumbai-Chennai,6,5,737.98,3,58.4,5124,8,8,1,2023-01-13
SHIP08122,CUST5671,Sporting Goods,B,Ship,Hyderabad-Pune,5,3,1762.29,1,33.5,1463,4,9,0,2023-05-18
SHIP08123,CUST8736,Books,F,Flight,Bangalore-Chennai,1,2,848.64,5,41.3,2777,8,8,1,2023-04-15
SHIP08124,CUST5451,Cosmetics,A,Ship,Mumbai-Chennai,4,1,4899.47,1,51.7,1382,8,12,0,2023-08-09
SHIP08125,CUST9261,Cosmetics,F,Road,Kolkata-Delhi,3,4,414.56,4,27.3,5125,7,12,0,2023-10-14
SHIP08126,CUST9055,Fashion,F,Road,Kolkata-Delhi,2,1,2768.33,2,48.5,6550,7,11,0,2023-12-07
SHIP08127,CUST8377,Books,B,Road,Hyderabad-Pune,4,1,4859.18,2,52.5,6147,4,7,0,2023-08-10
SHIP08128,CUST8185,Fashion,D,Ship,Delhi-Mumbai,7,1,1533.13,8,23.7,6309,9,9,1,2023-09-03
SHIP08129,CUST6616,Electronics,D,Flight,Kolkata-Delhi,3,1,3316.67,6,5.0,2044,10,9,1,2023-09-20
SHIP08130,CUST9320,Home & Garden,B,Ship,Bangalore-Chennai,5,4,544.48,3,44.5,5211,10,14,0,2023-08-14
SHIP08131,CUST8872,Sporting Goods,B,Road,Delhi-Bangalore,4,4,3063.47,1,56.0,6985,4,9,0,2023-01-23
SHIP08132,CUST9051,Sporting Goods,C,Road,Kolkata-Delhi,1,5,4448.27,2,6.8,1925,3,8,0,2023-12-07
SHIP08133,CUST5837,Fashion,F,Flight,Bangalore-Chennai,5,1,559.88,4,53.1,1183,4,8,0,2023-10-05
SHIP08134,CUST4016,Books,B,Ship,Mumbai-Chennai,2,1,4626.95,5,19.6,5447,6,9,0,2023-08-15
SHIP08135,CUST3115,Books,F,Ship,Delhi-Bangalore,4,3,3511.32,7,50.3,5310,3,2,1,2023-08-22
SHIP08136,CUST6531,Cosmetics,C,Road,Delhi-Bangalore,2,4,4197.21,4,11.3,4949,4,5,0,2023-08-10
SHIP08137,CUST1594,Electronics,C,Road,Kolkata-Delhi,1,2,2253.86,3,47.9,5879,5,6,0,2023-05-22
SHIP08138,CUST7766,Fashion,D,Ship,Kolkata-Delhi,4,1,3409.0,5,13.4,5255,3,4,0,2023-04-10
SHIP08139,CUST6760,Sporting Goods,C,Road,Kolkata-Delhi,5,4,839.96,2,56.7,1065,3,6,0,2023-07-19
SHIP08140,CUST1834,Books,D,Ship,Kolkata-Delhi,7,3,2024.5,1,33.4,4706,8,11,0,2023-12-06
SHIP08141,CUST8845,Books,C,Road,Hyderabad-Pune,6,1,3827.78,1,55.2,3939,7,6,1,2024-01-01
SHIP08142,CUST3037,Home & Garden,F,Road,Kolkata-Delhi,2,4,4311.46,3,51.4,1228,6,9,0,2023-01-15
SHIP08143,CUST3588,Sporting Goods,C,Ship,Bangalore-Chennai,3,1,4097.26,6,60.3,4195,10,9,1,2023-02-28
SHIP08144,CUST2750,Books,D,Flight,Delhi-Mumbai,3,5,1059.85,8,3.4,3845,4,3,1,2023-11-08
SHIP08145,CUST3732,Electronics,F,Flight,Delhi-Mumbai,2,1,1320.92,6,53.9,4485,3,4,0,2023-06-07
SHIP08146,CUST4387,Cosmetics,C,Flight,Mumbai-Chennai,2,4,2875.55,2,0.2,4662,8,13,0,2023-04-23
SHIP08147,CUST6272,Home & Garden,B,Ship,Mumbai-Chennai,6,5,4315.49,2,50.6,3296,8,9,0,2023-03-15
SHIP08148,CUST7413,Sporting Goods,F,Ship,Bangalore-Chennai,6,4,803.7,5,28.2,1232,4,5,0,2023-12-12
SHIP08149,CUST9710,Sporting Goods,C,Ship,Bangalore-Chennai,6,1,4439.66,0,59.9,3719,10,10,1,2023-10-07
SHIP08150,CUST2915,Books,A,Road,Delhi-Bangalore,1,3,1651.38,4,7.3,6154,4,3,1,2023-07-09
SHIP08151,CUST3090,Fashion,F,Ship,Mumbai-Chennai,5,3,2384.45,7,54.8,2374,8,11,0,2023-12-27
SHIP08152,CUST2914,Sporting Goods,C,Flight,Delhi-Mumbai,3,2,2599.42,5,60.6,6776,3,5,0,2023-12-29
SHIP08153,CUST6339,Books,F,Ship,Bangalore-Chennai,7,2,3756.92,6,26.6,1690,9,9,1,2023-06-24
SHIP08154,CUST8499,Fashion,C,Flight,Hyderabad-Pune,3,3,812.24,2,55.1,2109,3,2,1,2023-11-12
SHIP08155,CUST7055,Cosmetics,B,Ship,Bangalore-Chennai,3,3,3361.83,4,21.0,4574,4,9,0,2023-06-18
SHIP08156,CUST8465,Home & Garden,D,Ship,Kolkata-Delhi,5,1,1511.19,2,42.0,5766,7,12,0,2023-09-06
SHIP08157,CUST1069,Cosmetics,F,Flight,Kolkata-Delhi,7,4,1649.87,5,40.8,3029,5,7,0,2023-02-24
SHIP08158,CUST9723,Electronics,B,Ship,Mumbai-Chennai,5,5,1313.41,2,14.0,3386,4,3,1,2023-01-29
SHIP08159,CUST2913,Sporting Goods,D,Flight,Hyderabad-Pune,5,1,2388.22,6,59.9,5532,8,7,1,2023-12-11
SHIP08160,CUST5644,Cosmetics,D,Road,Delhi-Mumbai,2,1,1086.98,3,52.8,4137,3,5,0,2023-11-04
SHIP08161,CUST2406,Fashion,C,Ship,Kolkata-Delhi,3,4,4748.23,0,42.9,5853,5,9,0,2023-04-01
SHIP08162,CUST7622,Electronics,A,Road,Bangalore-Chennai,2,1,1260.35,3,3.3,3776,8,11,0,2023-08-29
SHIP08163,CUST6901,Electronics,F,Flight,Hyderabad-Pune,2,2,2448.48,2,23.9,2704,10,14,0,2023-02-14
SHIP08164,CUST4507,Sporting Goods,F,Flight,Mumbai-Chennai,3,4,2778.18,3,32.9,4882,6,9,0,2023-08-10
SHIP08165,CUST7044,Cosmetics,B,Ship,Mumbai-Chennai,1,3,1041.77,0,50.3,2399,6,5,1,2023-03-08
SHIP08166,CUST3468,Cosmetics,D,Flight,Delhi-Mumbai,7,5,4714.97,7,13.0,1366,9,10,0,2023-11-07
SHIP08167,CUST4218,Sporting Goods,F,Ship,Kolkata-Delhi,4,2,3390.01,2,0.9,1715,3,2,1,2023-07-31
SHIP08168,CUST3839,Sporting Goods,B,Ship,Delhi-Mumbai,1,1,4373.0,7,19.0,2256,3,7,0,2023-04-07
SHIP08169,CUST5731,Cosmetics,F,Road,Mumbai-Chennai,4,1,1309.0,0,52.4,2175,8,10,0,2023-12-26
SHIP08170,CUST1110,Fashion,F,Ship,Mumbai-Chennai,5,4,3229.16,6,40.7,6376,3,5,0,2023-02-24
SHIP08171,CUST4498,Electronics,B,Ship,Delhi-Mumbai,4,5,463.79,5,47.6,4883,4,6,0,2023-05-22
SHIP08172,CUST2386,Books,A,Ship,Mumbai-Chennai,2,4,301.36,6,53.7,6231,4,8,0,2023-11-19
SHIP08173,CUST7398,Electronics,D,Road,Delhi-Mumbai,3,2,1326.63,8,28.2,1671,4,4,1,2023-03-13
SHIP08174,CUST4001,Fashion,A,Ship,Bangalore-Chennai,5,3,908.27,7,53.8,2627,7,8,0,2023-09-19
SHIP08175,CUST8215,Cosmetics,B,Flight,Mumbai-Chennai,2,3,2547.31,7,18.0,4107,6,6,1,2023-01-12
SHIP08176,CUST4162,Electronics,C,Flight,Bangalore-Chennai,3,1,727.58,2,20.1,2190,7,6,1,2023-03-19
SHIP08177,CUST5167,Cosmetics,A,Ship,Bangalore-Chennai,4,1,4513.75,1,58.1,1405,6,7,0,2023-11-23
SHIP08178,CUST9121,Cosmetics,F,Road,Delhi-Mumbai,2,2,1818.38,7,37.3,1234,6,6,1,2023-07-17
SHIP08179,CUST4214,Electronics,D,Flight,Bangalore-Chennai,7,3,4487.8,0,25.7,1277,3,7,0,2023-04-07
SHIP08180,CUST9599,Cosmetics,D,Road,Hyderabad-Pune,3,1,1553.97,1,26.2,4059,10,9,1,2023-10-20
SHIP08181,CUST8257,Home & Garden,C,Flight,Hyderabad-Pune,1,4,4833.82,7,5.7,5023,8,9,0,2023-09-10
SHIP08182,CUST6811,Cosmetics,D,Ship,Hyderabad-Pune,4,2,2332.22,5,17.6,6113,5,9,0,2023-02-10
SHIP08183,CUST1882,Books,D,Road,Mumbai-Chennai,5,4,475.46,2,30.7,1000,6,5,1,2023-05-31
SHIP08184,CUST7259,Books,C,Ship,Delhi-Mumbai,4,4,3290.24,4,39.9,1290,7,10,0,2023-04-17
SHIP08185,CUST7232,Electronics,D,Ship,Kolkata-Delhi,3,5,3131.77,1,51.9,1233,4,9,0,2023-05-04
SHIP08186,CUST1382,Electronics,B,Road,Hyderabad-Pune,2,4,290.64,5,47.3,2433,3,7,0,2023-12-27
SHIP08187,CUST9781,Fashion,C,Flight,Delhi-Bangalore,6,1,1561.2,8,37.8,3836,3,3,1,2023-12-24
SHIP08188,CUST5503,Electronics,B,Ship,Kolkata-Delhi,3,5,4812.74,7,50.9,2239,3,2,1,2023-06-21
SHIP08189,CUST2797,Fashion,B,Road,Delhi-Bangalore,2,4,494.36,3,9.9,5909,3,4,0,2023-01-28
SHIP08190,CUST7286,Cosmetics,A,Ship,Hyderabad-Pune,4,2,465.67,1,60.4,4227,3,8,0,2023-06-08
SHIP08191,CUST2159,Cosmetics,B,Flight,Kolkata-Delhi,5,2,4541.78,1,17.6,6324,10,9,1,2023-08-30
SHIP08192,CUST8395,Home & Garden,A,Ship,Kolkata-Delhi,1,3,2653.48,1,35.9,4092,9,11,0,2023-05-25
SHIP08193,CUST6003,Cosmetics,A,Flight,Kolkata-Delhi,6,1,3333.33,7,58.6,5485,4,8,0,2023-05-03
SHIP08194,CUST5830,Home & Garden,F,Flight,Hyderabad-Pune,4,2,2264.31,6,42.9,4321,9,14,0,2023-08-26
SHIP08195,CUST2977,Electronics,D,Road,Hyderabad-Pune,4,2,2884.03,1,31.6,2412,8,12,0,2023-10-31
SHIP08196,CUST9207,Sporting Goods,B,Flight,Delhi-Mumbai,6,2,3333.9,5,32.8,2342,6,10,0,2023-10-04
SHIP08197,CUST1474,Sporting Goods,D,Road,Delhi-Bangalore,4,2,4485.53,1,0.9,5306,9,9,1,2023-09-30
SHIP08198,CUST8386,Home & Garden,B,Road,Mumbai-Chennai,3,2,4075.9,6,64.3,5223,10,10,1,2023-08-31
SHIP08199,CUST5172,Electronics,D,Ship,Kolkata-Delhi,5,2,320.06,5,30.2,4193,3,5,0,2023-09-15
SHIP08200,CUST8349,Fashion,B,Flight,Bangalore-Chennai,4,2,902.28,6,18.2,2028,7,7,1,2023-10-09
SHIP08201,CUST3796,Fashion,A,Road,Bangalore-Chennai,2,1,4270.93,0,0.4,3740,10,15,0,2023-03-26
SHIP08202,CUST5225,Sporting Goods,D,Road,Delhi-Bangalore,3,1,1558.7,5,12.7,6315,4,4,1,2023-11-11
SHIP08203,CUST6766,Fashion,D,Ship,Delhi-Bangalore,6,2,129.32,6,64.5,1627,7,6,1,2023-05-01
SHIP08204,CUST7546,Fashion,F,Road,Delhi-Bangalore,7,5,1447.22,2,19.1,1678,6,8,0,2023-03-13
SHIP08205,CUST6740,Home & Garden,A,Ship,Mumbai-Chennai,7,2,2125.08,2,33.1,6810,5,4,1,2023-01-01
SHIP08206,CUST6788,Electronics,A,Ship,Bangalore-Chennai,7,5,579.11,7,25.4,4836,4,3,1,2023-10-08
SHIP08207,CUST6964,Electronics,B,Ship,Hyderabad-Pune,4,1,3879.35,1,48.4,6366,7,6,1,2023-01-27
SHIP08208,CUST3316,Fashion,B,Road,Mumbai-Chennai,3,3,4195.59,7,26.7,5145,3,6,0,2023-09-07
SHIP08209,CUST8878,Home & Garden,A,Road,Bangalore-Chennai,4,2,1471.94,7,0.5,3226,7,9,0,2023-07-14
SHIP08210,CUST9103,Home & Garden,A,Flight,Kolkata-Delhi,4,3,1558.6,1,3.2,4091,7,8,0,2023-04-02
SHIP08211,CUST1758,Sporting Goods,C,Ship,Bangalore-Chennai,2,2,824.83,3,47.6,5045,4,7,0,2023-03-27
SHIP08212,CUST9758,Books,C,Ship,Hyderabad-Pune,6,1,2593.53,6,49.6,2166,9,11,0,2023-04-17
SHIP08213,CUST2778,Sporting Goods,B,Flight,Bangalore-Chennai,3,1,3736.1,4,47.9,4369,5,5,1,2023-10-24
SHIP08214,CUST1684,Fashion,F,Ship,Kolkata-Delhi,4,4,4263.94,3,6.9,4707,8,8,1,2023-06-01
SHIP08215,CUST4089,Cosmetics,C,Flight,Delhi-Bangalore,1,5,2283.64,5,16.8,2837,8,7,1,2023-06-07
SHIP08216,CUST1142,Electronics,F,Flight,Delhi-Mumbai,7,3,3705.98,8,16.6,2917,10,10,1,2023-09-20
SHIP08217,CUST9668,Cosmetics,A,Flight,Hyderabad-Pune,1,3,2805.56,1,45.1,2544,4,3,1,2023-07-02
SHIP08218,CUST2222,Books,A,Road,Hyderabad-Pune,4,1,1585.65,1,22.5,5828,5,8,0,2023-09-21
SHIP08219,CUST1870,Sporting Goods,F,Ship,Hyderabad-Pune,1,3,2965.5,6,64.2,6279,6,9,0,2023-06-18
SHIP08220,CUST8463,Electronics,C,Road,Kolkata-Delhi,6,3,3997.83,3,14.9,3442,8,8,1,2023-05-04
SHIP08221,CUST2161,Electronics,F,Ship,Bangalore-Chennai,6,3,4166.63,1,60.6,3291,6,11,0,2023-05-20
SHIP08222,CUST5102,Electronics,B,Ship,Hyderabad-Pune,3,5,1272.42,2,61.1,2167,9,13,0,2023-12-19
SHIP08223,CUST9495,Cosmetics,B,Road,Kolkata-Delhi,3,2,3296.76,4,12.3,3868,3,7,0,2023-06-04
SHIP08224,CUST2931,Fashion,A,Road,Bangalore-Chennai,3,1,4469.45,8,55.6,6938,9,14,0,2023-03-11
SHIP08225,CUST8292,Sporting Goods,A,Road,Hyderabad-Pune,5,4,4189.76,8,22.9,3467,10,9,1,2023-11-22
SHIP08226,CUST3912,Fashion,C,Road,Delhi-Bangalore,3,1,4479.55,3,32.8,4576,4,6,0,2023-04-16
SHIP08227,CUST6193,Cosmetics,C,Ship,Kolkata-Delhi,2,5,4846.07,2,26.1,1261,4,6,0,2023-06-13
SHIP08228,CUST5807,Books,B,Flight,Hyderabad-Pune,3,2,233.03,5,34.0,3163,9,14,0,2023-02-22
SHIP08229,CUST1002,Sporting Goods,C,Flight,Bangalore-Chennai,1,2,1505.01,4,31.7,5549,10,14,0,2023-12-21
SHIP08230,CUST1296,Books,C,Road,Delhi-Mumbai,4,2,1696.93,5,12.4,3095,7,7,1,2023-01-28
SHIP08231,CUST3464,Sporting Goods,C,Road,Kolkata-Delhi,7,5,2351.56,6,41.4,1931,7,8,0,2023-11-10
SHIP08232,CUST1127,Electronics,B,Flight,Delhi-Bangalore,6,2,4315.07,2,24.0,2065,5,8,0,2023-07-27
SHIP08233,CUST9110,Cosmetics,C,Ship,Kolkata-Delhi,4,4,1214.08,3,62.2,5059,7,9,0,2024-01-01
SHIP08234,CUST7969,Fashion,C,Road,Bangalore-Chennai,7,3,933.82,6,47.8,5689,5,4,1,2023-02-21
SHIP08235,CUST8256,Cosmetics,A,Ship,Delhi-Mumbai,6,3,379.14,8,47.1,2537,9,8,1,2023-12-13
SHIP08236,CUST7475,Books,D,Flight,Kolkata-Delhi,7,2,2018.93,0,33.0,6031,6,8,0,2023-12-14
SHIP08237,CUST9286,Books,B,Road,Kolkata-Delhi,7,1,4385.29,3,21.5,3691,8,12,0,2023-06-18
SHIP08238,CUST9185,Cosmetics,F,Flight,Delhi-Bangalore,3,1,2382.14,0,16.4,1682,7,8,0,2023-04-17
SHIP08239,CUST2842,Fashion,A,Ship,Bangalore-Chennai,3,5,2721.29,7,63.0,1224,8,11,0,2023-03-12
SHIP08240,CUST1591,Sporting Goods,A,Road,Mumbai-Chennai,7,4,2635.67,0,3.4,5747,7,7,1,2023-03-14
SHIP08241,CUST8847,Fashion,B,Road,Mumbai-Chennai,6,3,2973.9,4,2.8,6736,9,10,0,2023-08-09
SHIP08242,CUST8581,Home & Garden,B,Flight,Kolkata-Delhi,6,4,3027.58,8,39.5,1133,10,9,1,2023-12-26
SHIP08243,CUST6296,Fashion,F,Flight,Kolkata-Delhi,7,3,868.35,2,19.2,6520,5,4,1,2023-01-05
SHIP08244,CUST2917,Fashion,C,Flight,Kolkata-Delhi,1,3,1540.39,0,7.0,2533,8,11,0,2023-08-11
SHIP08245,CUST4925,Home & Garden,A,Road,Bangalore-Chennai,2,3,1854.48,8,33.7,4307,3,2,1,2023-05-29
SHIP08246,CUST3503,Fashion,C,Ship,Delhi-Bangalore,5,1,2040.15,5,47.7,3497,10,15,0,2023-09-03
SHIP08247,CUST2541,Electronics,A,Ship,Bangalore-Chennai,3,1,714.44,3,14.3,1142,5,5,1,2023-04-25
SHIP08248,CUST1562,Fashion,A,Ship,Delhi-Bangalore,3,2,4404.17,7,36.8,2747,10,13,0,2023-01-31
SHIP08249,CUST4868,Books,B,Flight,Delhi-Mumbai,5,1,4723.42,1,63.1,3252,4,6,0,2023-07-21
SHIP08250,CUST6070,Books,A,Flight,Delhi-Bangalore,2,3,2582.92,2,47.1,1040,10,15,0,2023-12-12
SHIP08251,CUST5223,Fashion,F,Flight,Delhi-Mumbai,1,4,2044.84,3,7.1,1255,6,5,1,2023-03-08
SHIP08252,CUST5106,Sporting Goods,A,Road,Delhi-Bangalore,5,2,1144.61,2,50.3,5770,5,7,0,2023-10-02
SHIP08253,CUST4755,Home & Garden,C,Ship,Bangalore-Chennai,7,4,821.85,4,8.6,1290,10,11,0,2023-07-01
SHIP08254,CUST7751,Fashion,B,Ship,Delhi-Mumbai,7,1,927.33,0,20.6,3283,7,11,0,2023-09-09
SHIP08255,CUST9514,Home & Garden,B,Flight,Kolkata-Delhi,5,5,1932.6,1,1.9,2044,7,11,0,2023-12-10
SHIP08256,CUST8869,Sporting Goods,D,Flight,Mumbai-Chennai,7,1,2060.52,8,33.9,1154,10,15,0,2023-04-21
SHIP08257,CUST2888,Sporting Goods,A,Road,Kolkata-Delhi,1,1,1171.99,1,24.2,1236,8,13,0,2023-12-11
SHIP08258,CUST8365,Fashion,F,Flight,Mumbai-Chennai,1,2,2458.92,8,9.9,2522,3,5,0,2023-03-24
SHIP08259,CUST3969,Fashion,B,Ship,Bangalore-Chennai,2,1,2970.71,7,59.4,1459,5,5,1,2023-05-27
SHIP08260,CUST7326,Sporting Goods,B,Ship,Delhi-Bangalore,2,3,727.92,3,29.4,6793,4,8,0,2023-04-04
SHIP08261,CUST3429,Fashion,B,Road,Hyderabad-Pune,2,4,375.17,6,27.6,6036,6,11,0,2023-08-01
SHIP08262,CUST8895,Books,B,Flight,Delhi-Bangalore,2,4,2898.35,4,47.4,2288,7,7,1,2023-10-20
SHIP08263,CUST3509,Fashion,D,Flight,Mumbai-Chennai,5,5,4293.41,7,7.9,2912,3,5,0,2023-06-25
SHIP08264,CUST4250,Home & Garden,D,Road,Kolkata-Delhi,1,2,712.9,8,19.2,1399,9,10,0,2023-05-08
SHIP08265,CUST8040,Home & Garden,D,Flight,Hyderabad-Pune,6,3,2751.66,3,62.6,4192,7,12,0,2023-05-29
SHIP08266,CUST2017,Sporting Goods,F,Road,Mumbai-Chennai,3,4,623.06,2,45.9,1176,10,13,0,2023-03-09
SHIP08267,CUST2049,Books,F,Road,Delhi-Bangalore,4,4,3439.93,7,4.0,6216,10,11,0,2023-09-03
SHIP08268,CUST4844,Home & Garden,B,Ship,Delhi-Mumbai,3,4,1844.33,2,10.3,5973,6,11,0,2023-08-04
SHIP08269,CUST1371,Cosmetics,C,Ship,Mumbai-Chennai,7,5,1428.94,2,63.9,1604,10,13,0,2023-03-30
SHIP08270,CUST2037,Fashion,B,Road,Mumbai-Chennai,1,4,2223.92,1,33.4,5735,9,12,0,2023-03-06
SHIP08271,CUST4169,Home & Garden,C,Flight,Delhi-Mumbai,5,1,4353.3,7,20.5,6646,6,7,0,2023-03-04
SHIP08272,CUST4605,Cosmetics,C,Flight,Hyderabad-Pune,6,5,4354.83,4,48.8,3608,6,7,0,2023-04-18
SHIP08273,CUST1435,Sporting Goods,C,Ship,Bangalore-Chennai,4,4,600.54,3,35.8,1507,8,13,0,2023-04-25
SHIP08274,CUST5226,Cosmetics,C,Road,Bangalore-Chennai,2,5,4336.65,2,36.2,5100,8,10,0,2023-05-02
SHIP08275,CUST8736,Sporting Goods,C,Flight,Mumbai-Chennai,7,3,1654.38,4,61.7,1893,5,6,0,2023-10-19
SHIP08276,CUST1463,Home & Garden,F,Ship,Kolkata-Delhi,1,4,2394.07,2,57.6,6804,8,11,0,2023-09-06
SHIP08277,CUST4713,Sporting Goods,B,Ship,Delhi-Mumbai,5,2,135.34,0,19.5,4263,7,10,0,2023-12-21
SHIP08278,CUST9291,Books,F,Flight,Delhi-Mumbai,5,3,4421.42,3,64.9,3168,7,12,0,2023-01-23
SHIP08279,CUST9004,Sporting Goods,D,Road,Kolkata-Delhi,5,2,2160.08,6,10.1,3650,10,15,0,2023-05-17
SHIP08280,CUST5852,Electronics,F,Ship,Bangalore-Chennai,6,4,639.77,7,11.4,1282,6,5,1,2023-12-17
SHIP08281,CUST4244,Sporting Goods,C,Flight,Bangalore-Chennai,5,5,3293.88,3,20.9,2880,6,11,0,2023-11-14
SHIP08282,CUST8045,Cosmetics,D,Flight,Delhi-Mumbai,4,2,3692.78,7,42.6,6005,9,9,1,2023-03-18
SHIP08283,CUST6622,Home & Garden,C,Road,Delhi-Mumbai,3,1,3606.84,8,20.0,5152,6,11,0,2023-03-31
SHIP08284,CUST2263,Fashion,F,Flight,Kolkata-Delhi,4,3,1289.32,1,53.3,6323,9,9,1,2023-04-13
SHIP08285,CUST2170,Cosmetics,A,Ship,Kolkata-Delhi,3,3,931.35,7,13.7,2162,7,9,0,2023-08-14
SHIP08286,CUST4392,Home & Garden,B,Road,Kolkata-Delhi,5,3,4449.56,4,22.4,3342,3,2,1,2023-04-26
SHIP08287,CUST1078,Home & Garden,A,Ship,Kolkata-Delhi,4,4,4382.54,5,9.0,1263,7,8,0,2023-01-27
SHIP08288,CUST5337,Books,A,Ship,Mumbai-Chennai,2,5,2903.15,6,19.0,1412,3,3,1,2023-06-07
SHIP08289,CUST9839,Cosmetics,D,Ship,Mumbai-Chennai,1,2,186.49,4,27.8,5492,7,6,1,2023-01-10
SHIP08290,CUST5827,Books,D,Flight,Hyderabad-Pune,3,1,2867.27,2,38.6,4567,10,13,0,2023-08-15
SHIP08291,CUST4582,Electronics,A,Road,Delhi-Bangalore,5,5,881.46,8,33.8,5170,6,6,1,2023-08-23
SHIP08292,CUST5504,Electronics,D,Road,Hyderabad-Pune,2,4,4756.69,7,0.3,4534,3,8,0,2023-12-23
SHIP08293,CUST6833,Cosmetics,D,Flight,Hyderabad-Pune,3,5,1172.21,7,45.8,3029,6,6,1,2023-10-23
SHIP08294,CUST2604,Home & Garden,A,Road,Bangalore-Chennai,4,2,816.73,2,64.3,2982,9,9,1,2023-09-13
SHIP08295,CUST7878,Cosmetics,F,Ship,Hyderabad-Pune,5,3,1123.51,8,57.4,5330,3,4,0,2023-09-21
SHIP08296,CUST7562,Fashion,B,Road,Mumbai-Chennai,6,1,3307.02,2,4.9,3102,4,9,0,2023-06-02
SHIP08297,CUST8386,Electronics,F,Ship,Mumbai-Chennai,7,2,3060.87,8,27.1,3472,9,14,0,2023-08-06
SHIP08298,CUST3960,Fashion,F,Flight,Delhi-Bangalore,2,2,3493.33,7,49.5,1635,5,8,0,2023-12-11
SHIP08299,CUST6684,Books,D,Road,Delhi-Mumbai,3,5,655.04,8,4.0,1303,8,8,1,2023-04-17
SHIP08300,CUST1203,Home & Garden,F,Ship,Kolkata-Delhi,6,5,3115.59,4,0.9,1931,8,12,0,2023-05-25
SHIP08301,CUST1946,Home & Garden,D,Ship,Hyderabad-Pune,1,3,251.76,4,23.6,2484,9,13,0,2023-10-28
SHIP08302,CUST6130,Home & Garden,D,Ship,Kolkata-Delhi,4,5,973.84,8,35.6,2896,8,8,1,2023-07-29
SHIP08303,CUST7126,Sporting Goods,A,Road,Kolkata-Delhi,6,5,2112.84,0,37.3,4282,6,7,0,2023-12-26
SHIP08304,CUST1848,Books,B,Flight,Kolkata-Delhi,6,3,3717.77,7,33.4,1932,10,11,0,2023-06-14
SHIP08305,CUST1240,Electronics,D,Flight,Kolkata-Delhi,2,5,2071.54,1,7.9,3713,6,6,1,2023-11-10
SHIP08306,CUST9789,Fashion,C,Road,Bangalore-Chennai,4,4,1984.7,3,57.7,4574,3,5,0,2023-11-26
SHIP08307,CUST8167,Home & Garden,A,Flight,Delhi-Bangalore,4,4,2266.21,0,45.0,1677,4,8,0,2023-11-08
SHIP08308,CUST7530,Electronics,B,Road,Bangalore-Chennai,3,2,4982.9,6,60.4,3562,8,7,1,2023-01-06
SHIP08309,CUST4662,Home & Garden,A,Road,Delhi-Bangalore,1,3,2563.17,8,20.7,3214,10,13,0,2023-11-04
SHIP08310,CUST6326,Cosmetics,A,Flight,Kolkata-Delhi,7,1,2449.75,7,28.6,1685,8,13,0,2023-09-08
SHIP08311,CUST3957,Books,C,Ship,Delhi-Mumbai,7,3,4051.07,1,11.7,6797,4,7,0,2023-10-04
SHIP08312,CUST1143,Cosmetics,A,Road,Mumbai-Chennai,6,1,2290.27,3,30.9,6876,6,6,1,2023-03-12
SHIP08313,CUST5190,Books,B,Ship,Mumbai-Chennai,7,1,866.44,2,4.2,1479,4,5,0,2023-11-30
SHIP08314,CUST5035,Books,C,Road,Kolkata-Delhi,2,3,1656.56,7,53.8,6311,5,9,0,2023-09-14
SHIP08315,CUST5258,Fashion,D,Ship,Hyderabad-Pune,6,3,4552.04,1,46.5,2355,10,14,0,2023-06-10
SHIP08316,CUST2591,Books,A,Road,Delhi-Mumbai,7,4,2955.87,7,46.5,2555,8,12,0,2023-03-31
SHIP08317,CUST5460,Electronics,F,Ship,Delhi-Mumbai,3,2,2608.15,5,11.9,5280,9,11,0,2023-07-09
SHIP08318,CUST8040,Books,A,Flight,Delhi-Bangalore,5,1,4742.7,0,40.5,3952,7,6,1,2023-10-10
SHIP08319,CUST5001,Cosmetics,F,Flight,Kolkata-Delhi,7,3,4519.86,5,62.6,4246,7,10,0,2023-02-17
SHIP08320,CUST1739,Books,F,Ship,Delhi-Bangalore,3,3,1151.83,3,6.6,4206,9,9,1,2023-04-12
SHIP08321,CUST9211,Cosmetics,C,Ship,Bangalore-Chennai,6,3,3664.33,4,62.7,1188,10,12,0,2023-11-09
SHIP08322,CUST2167,Electronics,C,Road,Delhi-Bangalore,7,5,360.25,7,48.6,3848,9,9,1,2023-06-11
SHIP08323,CUST7564,Cosmetics,B,Flight,Mumbai-Chennai,5,5,3216.41,7,13.0,6285,7,9,0,2023-11-05
SHIP08324,CUST4407,Electronics,F,Road,Hyderabad-Pune,3,4,2001.56,6,37.2,5873,3,2,1,2023-04-05
SHIP08325,CUST4376,Books,D,Ship,Kolkata-Delhi,3,5,2026.35,2,58.3,5630,8,13,0,2023-07-03
SHIP08326,CUST9261,Sporting Goods,D,Road,Delhi-Mumbai,6,5,654.18,2,22.8,1991,10,12,0,2023-06-28
SHIP08327,CUST9522,Sporting Goods,D,Flight,Delhi-Bangalore,7,4,4973.37,0,64.4,3174,4,4,1,2023-04-27
SHIP08328,CUST6051,Electronics,D,Road,Delhi-Mumbai,7,3,2467.98,3,53.2,2947,4,6,0,2023-10-11
SHIP08329,CUST1676,Cosmetics,B,Road,Hyderabad-Pune,2,4,167.67,6,52.6,1920,8,10,0,2023-02-10
SHIP08330,CUST1176,Books,B,Ship,Mumbai-Chennai,1,2,3265.61,7,23.9,6264,4,6,0,2023-09-16
SHIP08331,CUST3543,Cosmetics,C,Ship,Mumbai-Chennai,1,4,2953.29,2,42.8,1204,5,7,0,2023-03-04
SHIP08332,CUST2561,Home & Garden,A,Flight,Bangalore-Chennai,7,4,3093.86,6,17.7,2386,9,9,1,2023-05-07
SHIP08333,CUST2342,Fashion,A,Ship,Delhi-Bangalore,7,5,2360.71,1,50.4,4690,3,7,0,2023-08-18
SHIP08334,CUST8505,Books,A,Road,Bangalore-Chennai,3,2,3847.45,4,32.6,4699,3,6,0,2023-04-30
SHIP08335,CUST1587,Books,F,Ship,Hyderabad-Pune,4,3,3312.88,1,13.7,3356,4,4,1,2023-06-07
SHIP08336,CUST3502,Home & Garden,D,Flight,Bangalore-Chennai,7,3,125.51,0,55.6,4806,8,9,0,2023-03-14
SHIP08337,CUST2600,Home & Garden,B,Ship,Delhi-Bangalore,6,3,2362.66,1,57.0,5771,7,8,0,2023-11-08
SHIP08338,CUST5146,Electronics,D,Road,Delhi-Bangalore,6,2,4616.18,5,18.6,3464,3,4,0,2023-08-25
SHIP08339,CUST8835,Home & Garden,A,Road,Delhi-Bangalore,4,1,3076.14,8,38.8,3759,3,6,0,2023-10-12
SHIP08340,CUST2568,Home & Garden,F,Road,Kolkata-Delhi,1,1,4782.11,5,46.1,4196,5,7,0,2023-10-21
SHIP08341,CUST5883,Cosmetics,C,Road,Hyderabad-Pune,6,2,3436.57,6,15.5,4587,5,6,0,2023-02-09
SHIP08342,CUST3001,Sporting Goods,A,Ship,Delhi-Mumbai,6,4,703.21,1,11.5,5143,10,12,0,2023-12-23
SHIP08343,CUST4526,Books,A,Road,Kolkata-Delhi,4,1,326.63,8,31.6,6499,6,7,0,2023-03-24
SHIP08344,CUST6035,Home & Garden,B,Ship,Delhi-Mumbai,1,2,4766.08,0,13.4,4225,7,11,0,2023-10-27
SHIP08345,CUST6080,Electronics,F,Road,Bangalore-Chennai,6,5,1271.63,7,56.5,3005,7,6,1,2023-09-04
SHIP08346,CUST9910,Cosmetics,F,Ship,Delhi-Mumbai,1,2,1007.58,7,54.2,6391,4,7,0,2023-09-04
SHIP08347,CUST4042,Electronics,A,Flight,Delhi-Bangalore,4,1,4046.92,2,25.0,3313,8,12,0,2023-10-10
SHIP08348,CUST3771,Books,D,Ship,Delhi-Bangalore,7,4,3392.77,2,19.1,6039,3,6,0,2023-12-10
SHIP08349,CUST6009,Sporting Goods,C,Road,Delhi-Mumbai,4,5,3836.2,3,0.7,1388,10,15,0,2023-03-13
SHIP08350,CUST6542,Home & Garden,A,Ship,Hyderabad-Pune,7,2,2612.75,0,56.0,4760,6,6,1,2023-02-03
SHIP08351,CUST4123,Home & Garden,C,Road,Delhi-Mumbai,7,3,4413.86,7,20.9,3143,10,15,0,2023-01-06
SHIP08352,CUST5162,Home & Garden,C,Road,Delhi-Bangalore,4,4,397.34,0,58.1,4880,3,8,0,2023-05-20
SHIP08353,CUST4495,Electronics,D,Flight,Mumbai-Chennai,3,4,4595.03,2,6.0,4116,10,15,0,2023-05-03
SHIP08354,CUST2368,Cosmetics,C,Ship,Delhi-Bangalore,2,3,2855.34,3,22.5,1209,4,4,1,2023-08-27
SHIP08355,CUST8613,Electronics,A,Flight,Bangalore-Chennai,5,1,2311.66,4,6.5,4594,3,8,0,2023-01-19
SHIP08356,CUST5588,Sporting Goods,D,Road,Delhi-Bangalore,1,3,3325.82,6,52.8,1965,9,14,0,2023-02-16
SHIP08357,CUST6974,Cosmetics,C,Ship,Delhi-Mumbai,7,3,3248.29,0,42.9,1647,3,4,0,2023-08-16
SHIP08358,CUST2782,Electronics,D,Flight,Hyderabad-Pune,2,5,1818.79,2,29.2,4749,10,15,0,2023-02-02
SHIP08359,CUST9446,Sporting Goods,D,Flight,Hyderabad-Pune,6,3,4054.17,1,47.3,6944,5,8,0,2023-04-05
SHIP08360,CUST5630,Sporting Goods,C,Road,Bangalore-Chennai,5,4,385.58,3,18.3,4707,5,9,0,2023-05-17
SHIP08361,CUST9305,Home & Garden,D,Road,Delhi-Mumbai,5,2,3290.41,6,43.2,4168,7,11,0,2023-05-18
SHIP08362,CUST6961,Cosmetics,A,Flight,Delhi-Bangalore,4,5,2314.39,7,49.5,6932,9,9,1,2023-02-01
SHIP08363,CUST9360,Electronics,D,Ship,Delhi-Bangalore,1,4,2561.18,8,6.8,2759,4,4,1,2023-08-25
SHIP08364,CUST8262,Sporting Goods,C,Flight,Kolkata-Delhi,4,3,2332.32,0,1.4,6786,3,8,0,2023-02-28
SHIP08365,CUST1756,Sporting Goods,A,Ship,Delhi-Bangalore,6,2,1488.35,2,20.8,5636,4,8,0,2023-03-23
SHIP08366,CUST4386,Fashion,C,Road,Mumbai-Chennai,7,2,2014.31,1,36.9,1471,9,8,1,2023-02-18
SHIP08367,CUST7988,Cosmetics,C,Road,Kolkata-Delhi,4,1,4346.12,4,49.4,5069,10,15,0,2023-08-23
SHIP08368,CUST1683,Books,F,Ship,Kolkata-Delhi,1,1,3058.42,1,7.5,6979,4,4,1,2023-07-07
SHIP08369,CUST8834,Home & Garden,C,Flight,Delhi-Bangalore,5,3,4993.26,6,6.9,6411,8,8,1,2023-09-01
SHIP08370,CUST9240,Fashion,F,Flight,Kolkata-Delhi,4,3,3460.33,7,12.1,5981,6,10,0,2023-04-05
SHIP08371,CUST8611,Books,A,Flight,Hyderabad-Pune,6,5,3699.23,8,39.4,1822,8,9,0,2023-01-09
SHIP08372,CUST6964,Fashion,F,Ship,Hyderabad-Pune,6,2,1203.06,1,20.3,1525,9,9,1,2023-02-17
SHIP08373,CUST7376,Sporting Goods,D,Ship,Mumbai-Chennai,7,4,541.36,2,0.4,4483,3,4,0,2023-11-27
SHIP08374,CUST2217,Home & Garden,C,Road,Mumbai-Chennai,4,3,170.03,6,28.7,3986,9,13,0,2023-08-18
SHIP08375,CUST8161,Electronics,C,Road,Kolkata-Delhi,2,2,1950.29,4,62.2,3504,8,7,1,2023-06-26
SHIP08376,CUST3077,Sporting Goods,A,Flight,Kolkata-Delhi,4,1,3530.19,6,10.3,3653,6,5,1,2023-11-10
SHIP08377,CUST9397,Fashion,B,Ship,Mumbai-Chennai,7,5,2798.74,5,34.7,5870,4,3,1,2023-11-25
SHIP08378,CUST8268,Cosmetics,A,Ship,Delhi-Bangalore,1,3,697.37,7,28.2,5101,8,12,0,2023-04-03
SHIP08379,CUST6900,Electronics,B,Flight,Delhi-Bangalore,2,4,1824.67,2,14.4,1650,5,5,1,2023-07-02
SHIP08380,CUST9254,Electronics,F,Road,Bangalore-Chennai,4,5,4870.41,7,33.2,1514,7,6,1,2023-04-25
SHIP08381,CUST5046,Books,F,Road,Mumbai-Chennai,2,5,1157.11,6,52.2,3055,7,11,0,2023-07-05
SHIP08382,CUST9330,Cosmetics,B,Flight,Kolkata-Delhi,5,3,1169.08,5,42.5,3804,10,9,1,2023-11-23
SHIP08383,CUST3306,Fashion,A,Flight,Mumbai-Chennai,5,1,2711.77,1,30.1,2124,9,10,0,2023-03-18
SHIP08384,CUST4104,Books,F,Road,Kolkata-Delhi,2,4,2558.68,6,57.9,2491,8,11,0,2023-01-31
SHIP08385,CUST5833,Sporting Goods,C,Flight,Hyderabad-Pune,7,1,2385.41,7,54.9,3118,6,10,0,2023-07-29
SHIP08386,CUST7328,Cosmetics,B,Ship,Delhi-Mumbai,7,4,4105.76,3,13.0,1235,3,2,1,2023-04-15
SHIP08387,CUST4001,Cosmetics,C,Road,Mumbai-Chennai,7,3,1397.68,2,22.8,6989,9,11,0,2023-01-19
SHIP08388,CUST1419,Home & Garden,B,Ship,Bangalore-Chennai,5,1,2233.03,5,31.0,6171,6,10,0,2023-09-13
SHIP08389,CUST1380,Cosmetics,C,Flight,Mumbai-Chennai,6,5,2559.46,0,44.7,3874,10,10,1,2023-04-18
SHIP08390,CUST3962,Electronics,D,Ship,Hyderabad-Pune,4,1,2315.73,8,5.7,5912,4,8,0,2023-03-11
SHIP08391,CUST2938,Cosmetics,F,Flight,Kolkata-Delhi,3,2,4389.75,5,41.0,3304,5,4,1,2023-09-27
SHIP08392,CUST2400,Home & Garden,D,Flight,Hyderabad-Pune,1,5,1979.12,3,5.4,6876,9,14,0,2023-05-16
SHIP08393,CUST6982,Sporting Goods,B,Flight,Delhi-Bangalore,4,1,4929.26,0,16.0,4622,7,10,0,2023-11-17
SHIP08394,CUST2626,Cosmetics,C,Flight,Mumbai-Chennai,4,5,241.28,2,56.0,1461,7,10,0,2023-08-19
SHIP08395,CUST4404,Fashion,A,Flight,Mumbai-Chennai,1,1,4135.37,7,53.3,6800,3,8,0,2023-06-18
SHIP08396,CUST2074,Home & Garden,F,Flight,Kolkata-Delhi,3,1,2865.02,1,31.1,5707,9,10,0,2023-09-21
SHIP08397,CUST4077,Cosmetics,F,Flight,Hyderabad-Pune,3,4,3448.26,8,16.8,1454,6,11,0,2023-09-22
SHIP08398,CUST8372,Books,A,Ship,Mumbai-Chennai,7,2,4045.81,2,30.2,4135,10,13,0,2023-08-17
SHIP08399,CUST6296,Fashion,C,Road,Bangalore-Chennai,1,1,2389.41,4,19.8,1440,8,11,0,2023-12-23
SHIP08400,CUST3825,Electronics,F,Ship,Bangalore-Chennai,3,1,4387.1,1,33.5,1900,6,11,0,2023-11-24
SHIP08401,CUST4061,Fashion,B,Flight,Hyderabad-Pune,4,1,1787.44,3,45.1,6494,9,13,0,2023-06-04
SHIP08402,CUST3621,Home & Garden,F,Road,Kolkata-Delhi,3,3,4019.47,2,63.1,6054,9,14,0,2023-12-20
SHIP08403,CUST2854,Fashion,D,Ship,Mumbai-Chennai,2,4,4644.79,2,17.4,4910,7,10,0,2023-08-14
SHIP08404,CUST1506,Sporting Goods,B,Road,Bangalore-Chennai,4,4,1289.71,1,62.8,5855,4,8,0,2023-05-30
SHIP08405,CUST2727,Home & Garden,C,Flight,Delhi-Mumbai,1,3,162.23,5,9.1,6965,5,8,0,2023-01-03
SHIP08406,CUST4502,Electronics,A,Road,Kolkata-Delhi,6,3,4343.21,4,45.4,5077,8,12,0,2023-01-31
SHIP08407,CUST4280,Home & Garden,F,Ship,Hyderabad-Pune,5,3,4818.0,5,50.1,4178,6,11,0,2023-02-18
SHIP08408,CUST7231,Sporting Goods,A,Ship,Bangalore-Chennai,1,1,1518.59,4,22.2,1636,10,14,0,2023-03-25
SHIP08409,CUST1972,Cosmetics,C,Road,Kolkata-Delhi,2,3,4746.05,1,5.4,6937,10,11,0,2023-10-28
SHIP08410,CUST1839,Sporting Goods,C,Road,Mumbai-Chennai,2,5,4510.24,1,14.1,5585,3,2,1,2023-11-04
SHIP08411,CUST2311,Books,D,Road,Hyderabad-Pune,6,3,1260.56,5,21.2,2122,8,9,0,2023-08-14
SHIP08412,CUST4751,Fashion,D,Road,Delhi-Mumbai,5,1,4875.31,5,53.7,6155,6,6,1,2023-08-16
SHIP08413,CUST3512,Cosmetics,D,Flight,Delhi-Bangalore,5,2,4038.41,4,56.1,1841,5,9,0,2023-12-08
SHIP08414,CUST3530,Fashion,C,Ship,Delhi-Mumbai,7,3,2931.64,6,32.9,4541,6,10,0,2023-03-02
SHIP08415,CUST2392,Books,B,Ship,Delhi-Bangalore,6,1,4442.33,7,4.6,5441,7,11,0,2023-05-25
SHIP08416,CUST7224,Home & Garden,F,Road,Delhi-Bangalore,5,3,3913.48,8,45.8,3892,7,7,1,2023-06-30
SHIP08417,CUST2030,Sporting Goods,B,Road,Bangalore-Chennai,2,2,462.94,4,10.7,3516,3,8,0,2023-08-12
SHIP08418,CUST7856,Home & Garden,A,Flight,Delhi-Bangalore,1,3,578.43,0,33.0,5313,7,11,0,2023-08-25
SHIP08419,CUST6023,Cosmetics,A,Road,Hyderabad-Pune,3,3,996.88,3,18.8,6542,10,13,0,2023-04-24
SHIP08420,CUST5871,Fashion,D,Road,Delhi-Mumbai,1,4,4520.43,0,35.9,5421,8,13,0,2023-03-15
SHIP08421,CUST1142,Electronics,C,Road,Delhi-Mumbai,5,3,1056.12,1,48.1,3911,10,13,0,2023-08-29
SHIP08422,CUST5698,Books,D,Road,Mumbai-Chennai,3,4,166.79,6,42.4,5360,10,11,0,2023-02-05
SHIP08423,CUST5773,Home & Garden,D,Flight,Delhi-Mumbai,1,1,842.49,2,23.1,3416,5,5,1,2023-02-23
SHIP08424,CUST9870,Home & Garden,A,Ship,Bangalore-Chennai,2,4,3057.7,1,31.4,6390,7,9,0,2023-05-23
SHIP08425,CUST7038,Sporting Goods,D,Flight,Delhi-Bangalore,4,1,3278.38,7,54.9,1905,6,6,1,2023-10-03
SHIP08426,CUST5816,Fashion,D,Flight,Mumbai-Chennai,1,1,4578.68,2,30.7,4673,9,13,0,2023-05-04
SHIP08427,CUST9647,Cosmetics,C,Ship,Kolkata-Delhi,2,1,1811.28,7,62.3,3002,6,5,1,2023-11-06
SHIP08428,CUST6511,Cosmetics,F,Flight,Mumbai-Chennai,3,4,3640.77,7,23.4,4266,4,7,0,2023-07-05
SHIP08429,CUST3574,Fashion,A,Flight,Hyderabad-Pune,5,2,4399.38,7,53.5,1272,4,9,0,2023-05-20
SHIP08430,CUST3404,Books,A,Flight,Delhi-Mumbai,3,2,1337.31,2,0.4,6688,10,15,0,2023-03-19
SHIP08431,CUST5623,Books,F,Flight,Delhi-Mumbai,4,1,4174.41,8,51.6,3695,5,7,0,2023-04-27
SHIP08432,CUST2316,Fashion,A,Ship,Delhi-Bangalore,1,3,1676.27,8,12.3,4091,4,7,0,2023-06-02
SHIP08433,CUST1666,Sporting Goods,B,Ship,Delhi-Bangalore,7,2,1115.82,7,39.3,3497,4,5,0,2023-05-04
SHIP08434,CUST2514,Fashion,A,Road,Hyderabad-Pune,6,2,1211.94,7,65.0,1919,7,12,0,2023-04-14
SHIP08435,CUST4586,Home & Garden,C,Road,Delhi-Mumbai,4,1,4735.46,3,7.9,4254,10,15,0,2023-01-25
SHIP08436,CUST7277,Electronics,A,Flight,Bangalore-Chennai,1,1,4753.24,3,34.1,6810,7,6,1,2023-09-03
SHIP08437,CUST2430,Home & Garden,A,Ship,Delhi-Bangalore,6,4,224.08,3,49.5,5902,5,8,0,2023-08-03
SHIP08438,CUST4072,Electronics,B,Ship,Delhi-Bangalore,7,1,700.24,3,33.1,4861,4,6,0,2023-10-27
SHIP08439,CUST6945,Cosmetics,C,Road,Kolkata-Delhi,2,3,2953.38,2,37.7,6606,4,9,0,2023-04-03
SHIP08440,CUST4115,Cosmetics,F,Road,Delhi-Bangalore,5,4,3281.96,5,63.9,5784,4,9,0,2023-04-04
SHIP08441,CUST2185,Books,C,Road,Hyderabad-Pune,3,5,2243.88,6,56.9,2348,9,10,0,2023-09-07
SHIP08442,CUST7507,Electronics,A,Flight,Hyderabad-Pune,7,3,1293.98,3,50.2,5050,6,11,0,2023-08-23
SHIP08443,CUST1025,Cosmetics,B,Road,Bangalore-Chennai,2,1,3677.54,2,32.6,4143,3,4,0,2023-10-01
SHIP08444,CUST3307,Electronics,C,Road,Bangalore-Chennai,2,3,2166.38,4,19.6,1525,6,7,0,2023-02-16
SHIP08445,CUST7932,Books,F,Ship,Hyderabad-Pune,1,4,2963.65,6,63.7,6309,5,4,1,2023-12-27
SHIP08446,CUST9923,Books,B,Road,Kolkata-Delhi,7,1,182.23,7,25.6,3722,3,5,0,2023-12-21
SHIP08447,CUST5584,Sporting Goods,B,Flight,Delhi-Mumbai,7,3,903.64,1,39.2,6326,9,9,1,2023-02-25
SHIP08448,CUST6542,Cosmetics,F,Ship,Kolkata-Delhi,2,2,1322.86,1,38.7,6607,9,13,0,2023-09-10
SHIP08449,CUST9864,Fashion,C,Flight,Kolkata-Delhi,1,5,4785.03,3,31.6,2993,6,6,1,2023-05-03
SHIP08450,CUST3669,Electronics,A,Flight,Mumbai-Chennai,6,1,2241.06,5,42.3,2368,5,10,0,2023-10-10
SHIP08451,CUST9638,Cosmetics,A,Ship,Bangalore-Chennai,2,1,1593.68,6,20.7,3313,3,8,0,2023-03-03
SHIP08452,CUST7411,Home & Garden,B,Ship,Kolkata-Delhi,2,1,1587.47,8,43.2,1625,9,12,0,2023-01-18
SHIP08453,CUST2085,Home & Garden,C,Flight,Kolkata-Delhi,4,3,1455.18,5,30.9,4755,7,6,1,2023-03-19
SHIP08454,CUST1354,Home & Garden,A,Road,Hyderabad-Pune,1,3,1843.14,5,18.0,5109,5,4,1,2023-01-02
SHIP08455,CUST2519,Home & Garden,F,Road,Hyderabad-Pune,5,2,3400.18,2,19.5,2337,8,8,1,2023-04-20
SHIP08456,CUST4446,Sporting Goods,D,Flight,Kolkata-Delhi,1,4,3863.78,1,55.7,4836,7,10,0,2023-08-14
SHIP08457,CUST1152,Sporting Goods,F,Flight,Mumbai-Chennai,5,5,535.73,7,40.0,3932,7,11,0,2023-06-26
SHIP08458,CUST6298,Cosmetics,B,Ship,Bangalore-Chennai,7,4,4247.08,4,63.1,1043,9,14,0,2023-02-02
SHIP08459,CUST7550,Books,D,Road,Kolkata-Delhi,3,3,1206.04,8,21.3,5158,5,9,0,2023-07-12
SHIP08460,CUST4319,Home & Garden,B,Ship,Kolkata-Delhi,3,5,2815.97,7,26.5,5375,3,4,0,2023-04-13
SHIP08461,CUST1209,Books,F,Road,Mumbai-Chennai,1,1,916.14,0,57.9,4660,4,9,0,2023-06-29
SHIP08462,CUST3279,Sporting Goods,A,Road,Kolkata-Delhi,6,2,2548.99,5,35.4,4621,9,10,0,2023-10-04
SHIP08463,CUST1577,Books,C,Road,Hyderabad-Pune,4,5,619.54,0,54.9,2576,7,7,1,2023-09-22
SHIP08464,CUST4861,Cosmetics,A,Road,Delhi-Bangalore,5,2,2515.05,0,2.9,2231,3,6,0,2023-02-14
SHIP08465,CUST4661,Cosmetics,F,Ship,Mumbai-Chennai,6,5,4996.81,4,58.5,6562,10,10,1,2023-08-08
SHIP08466,CUST8582,Fashion,C,Road,Hyderabad-Pune,3,5,1457.88,1,61.9,2146,4,5,0,2023-05-03
SHIP08467,CUST3333,Sporting Goods,C,Road,Delhi-Mumbai,2,4,4622.91,4,3.4,6764,5,10,0,2023-09-18
SHIP08468,CUST9571,Fashion,D,Ship,Delhi-Bangalore,5,2,3966.98,6,46.5,5039,3,5,0,2023-08-18
SHIP08469,CUST3856,Fashion,B,Flight,Delhi-Bangalore,5,2,4583.94,0,13.6,1452,9,11,0,2023-02-20
SHIP08470,CUST6951,Books,D,Ship,Delhi-Bangalore,4,4,298.92,0,61.9,6041,10,11,0,2023-01-12
SHIP08471,CUST2405,Fashion,A,Flight,Delhi-Mumbai,7,3,3974.89,0,8.1,5602,3,5,0,2023-10-11
SHIP08472,CUST6511,Electronics,A,Ship,Hyderabad-Pune,5,1,1874.87,8,57.5,3531,5,10,0,2023-08-03
SHIP08473,CUST2645,Books,A,Ship,Mumbai-Chennai,6,1,1049.22,5,56.3,5971,6,7,0,2023-08-19
SHIP08474,CUST5256,Cosmetics,F,Ship,Kolkata-Delhi,2,1,858.43,8,32.7,6784,5,10,0,2023-09-10
SHIP08475,CUST6738,Cosmetics,A,Flight,Delhi-Mumbai,4,5,929.79,4,54.4,1984,6,8,0,2023-02-17
SHIP08476,CUST6539,Electronics,D,Ship,Mumbai-Chennai,5,3,2509.0,2,20.2,3359,4,4,1,2023-05-07
SHIP08477,CUST7362,Books,B,Ship,Bangalore-Chennai,2,1,375.03,5,41.5,4532,6,11,0,2023-08-22
SHIP08478,CUST2394,Cosmetics,D,Flight,Mumbai-Chennai,6,5,1579.64,7,30.6,4025,3,4,0,2023-10-26
SHIP08479,CUST7997,Home & Garden,F,Flight,Mumbai-Chennai,4,1,4108.56,6,1.8,4531,5,5,1,2023-02-21
SHIP08480,CUST5357,Fashion,D,Road,Bangalore-Chennai,3,4,4697.87,0,23.5,6309,3,4,0,2023-09-01
SHIP08481,CUST5484,Electronics,C,Ship,Delhi-Mumbai,3,2,3317.38,6,15.7,4931,9,9,1,2023-06-22
SHIP08482,CUST4553,Books,F,Road,Delhi-Bangalore,6,5,419.19,4,28.3,5999,10,10,1,2023-07-11
SHIP08483,CUST2269,Fashion,D,Flight,Delhi-Bangalore,5,1,3679.07,6,38.3,6341,9,12,0,2023-06-27
SHIP08484,CUST9651,Fashion,D,Flight,Delhi-Mumbai,6,2,1885.11,5,11.2,5360,7,11,0,2023-04-28
SHIP08485,CUST1957,Fashion,C,Ship,Delhi-Bangalore,3,3,1668.53,6,32.5,3028,7,11,0,2023-01-17
SHIP08486,CUST7405,Cosmetics,A,Flight,Kolkata-Delhi,2,5,2196.94,7,12.4,4802,6,7,0,2023-02-17
SHIP08487,CUST9920,Books,D,Flight,Delhi-Mumbai,5,4,4763.59,3,12.0,5971,9,13,0,2023-12-27
SHIP08488,CUST7746,Cosmetics,D,Ship,Delhi-Bangalore,4,4,4351.23,2,14.5,2756,5,5,1,2023-04-05
SHIP08489,CUST1107,Cosmetics,C,Road,Bangalore-Chennai,4,5,673.17,8,49.7,5662,5,10,0,2023-10-21
SHIP08490,CUST8301,Home & Garden,C,Flight,Kolkata-Delhi,6,5,2124.59,0,6.7,5982,8,9,0,2023-08-30
SHIP08491,CUST1400,Sporting Goods,F,Ship,Bangalore-Chennai,1,5,4457.67,4,55.8,3922,5,10,0,2023-02-08
SHIP08492,CUST7589,Sporting Goods,D,Road,Bangalore-Chennai,1,5,2911.25,6,44.8,4225,3,2,1,2023-06-07
SHIP08493,CUST8354,Books,A,Ship,Bangalore-Chennai,2,4,552.63,6,37.1,2759,5,5,1,2023-03-26
SHIP08494,CUST6567,Electronics,D,Road,Mumbai-Chennai,4,1,242.69,1,56.7,3903,7,7,1,2023-04-03
SHIP08495,CUST1115,Cosmetics,B,Road,Hyderabad-Pune,6,5,4384.4,6,21.1,2871,4,6,0,2023-08-12
SHIP08496,CUST4670,Cosmetics,D,Road,Mumbai-Chennai,7,1,4239.04,5,1.1,4875,3,6,0,2023-09-21
SHIP08497,CUST8876,Fashion,F,Flight,Kolkata-Delhi,3,1,4586.69,1,62.9,3933,9,10,0,2023-07-20
SHIP08498,CUST2144,Home & Garden,F,Ship,Bangalore-Chennai,6,1,4552.69,0,40.9,2740,5,5,1,2023-06-08
SHIP08499,CUST1925,Home & Garden,C,Flight,Delhi-Mumbai,7,5,656.55,7,27.5,5623,3,4,0,2023-01-22
SHIP08500,CUST4577,Books,D,Road,Delhi-Mumbai,1,4,1636.73,6,44.8,6568,6,7,0,2023-01-30
SHIP08501,CUST8963,Sporting Goods,B,Ship,Kolkata-Delhi,2,5,227.44,6,38.0,6115,5,5,1,2023-04-26
SHIP08502,CUST1516,Electronics,D,Flight,Delhi-Bangalore,6,5,4136.66,4,10.1,2225,10,10,1,2023-11-02
SHIP08503,CUST4803,Sporting Goods,A,Flight,Bangalore-Chennai,2,5,4988.35,8,41.5,4623,6,9,0,2023-08-07
SHIP08504,CUST8832,Cosmetics,F,Ship,Kolkata-Delhi,6,2,4452.36,4,53.7,6309,3,4,0,2023-03-09
SHIP08505,CUST2549,Home & Garden,B,Flight,Mumbai-Chennai,3,2,1689.81,5,22.5,5905,9,11,0,2023-10-20
SHIP08506,CUST9528,Home & Garden,B,Ship,Bangalore-Chennai,5,4,2065.59,7,24.3,2166,5,10,0,2023-12-20
SHIP08507,CUST4731,Home & Garden,A,Flight,Hyderabad-Pune,6,3,2855.52,3,25.4,1405,7,6,1,2023-10-11
SHIP08508,CUST4145,Cosmetics,F,Ship,Hyderabad-Pune,1,3,2892.06,0,55.8,1824,8,9,0,2023-12-06
SHIP08509,CUST9253,Home & Garden,C,Flight,Mumbai-Chennai,2,5,308.55,7,64.7,5297,9,9,1,2023-08-22
SHIP08510,CUST5329,Fashion,F,Flight,Delhi-Bangalore,3,5,2123.91,7,10.5,5799,8,12,0,2023-09-22
SHIP08511,CUST2649,Fashion,B,Road,Delhi-Mumbai,3,1,2635.83,3,14.5,1139,9,8,1,2023-11-03
SHIP08512,CUST9579,Books,C,Road,Delhi-Bangalore,6,5,3672.9,8,12.5,3784,7,7,1,2023-06-28
SHIP08513,CUST1948,Books,B,Road,Mumbai-Chennai,7,5,1058.77,5,26.1,5202,4,3,1,2023-11-13
SHIP08514,CUST6741,Fashion,A,Road,Hyderabad-Pune,6,2,4049.59,5,42.3,6365,8,10,0,2023-10-04
SHIP08515,CUST3206,Cosmetics,D,Road,Delhi-Bangalore,2,4,2817.82,3,52.2,3224,7,11,0,2023-03-28
SHIP08516,CUST1045,Home & Garden,B,Flight,Hyderabad-Pune,7,2,4944.88,7,55.8,4520,6,7,0,2023-03-09
SHIP08517,CUST9455,Home & Garden,F,Ship,Delhi-Mumbai,1,4,3396.71,0,41.1,2590,7,11,0,2023-12-05
SHIP08518,CUST7195,Sporting Goods,F,Road,Delhi-Bangalore,7,1,3493.38,4,21.1,6711,5,9,0,2023-04-05
SHIP08519,CUST4026,Sporting Goods,B,Road,Mumbai-Chennai,1,4,1583.27,6,47.1,3716,9,9,1,2023-06-14
SHIP08520,CUST2410,Sporting Goods,B,Road,Mumbai-Chennai,6,3,231.45,4,29.0,6929,6,10,0,2023-01-01
SHIP08521,CUST2462,Home & Garden,B,Road,Mumbai-Chennai,4,4,985.08,8,20.5,2252,10,14,0,2023-07-02
SHIP08522,CUST3905,Electronics,D,Flight,Delhi-Bangalore,5,1,1591.11,7,26.7,4877,8,8,1,2023-01-24
SHIP08523,CUST2392,Sporting Goods,B,Road,Hyderabad-Pune,3,3,382.56,0,6.3,2634,6,9,0,2023-01-29
SHIP08524,CUST4068,Fashion,C,Flight,Hyderabad-Pune,1,4,429.6,8,36.2,4874,7,10,0,2023-01-27
SHIP08525,CUST6823,Books,B,Road,Delhi-Mumbai,2,2,2113.4,8,15.9,5173,5,5,1,2023-04-20
SHIP08526,CUST2337,Fashion,D,Road,Hyderabad-Pune,7,1,636.53,8,11.9,3515,4,6,0,2023-08-02
SHIP08527,CUST4460,Fashion,C,Flight,Kolkata-Delhi,6,3,1542.56,5,40.9,5753,6,10,0,2023-03-19
SHIP08528,CUST4709,Home & Garden,C,Ship,Delhi-Mumbai,6,2,911.17,6,30.0,5498,6,7,0,2023-10-02
SHIP08529,CUST7932,Books,D,Ship,Delhi-Mumbai,2,1,582.28,4,18.4,3370,10,15,0,2023-11-04
SHIP08530,CUST7830,Sporting Goods,F,Ship,Kolkata-Delhi,2,4,4243.77,6,4.5,3169,4,3,1,2023-06-07
SHIP08531,CUST1884,Cosmetics,C,Road,Delhi-Bangalore,4,5,1207.39,0,4.1,6603,7,11,0,2023-09-29
SHIP08532,CUST8529,Electronics,D,Road,Bangalore-Chennai,5,3,1203.15,1,46.1,6997,4,3,1,2023-06-20
SHIP08533,CUST8130,Cosmetics,C,Road,Hyderabad-Pune,6,3,2298.84,5,33.8,6986,8,13,0,2023-07-19
SHIP08534,CUST9585,Cosmetics,C,Flight,Bangalore-Chennai,7,1,3237.04,5,31.6,6819,5,10,0,2023-02-17
SHIP08535,CUST5810,Home & Garden,F,Flight,Delhi-Bangalore,4,4,3912.95,3,0.9,3872,5,10,0,2023-03-20
SHIP08536,CUST9877,Books,A,Ship,Mumbai-Chennai,6,3,708.35,3,12.4,1803,10,12,0,2023-02-25
SHIP08537,CUST2041,Home & Garden,A,Road,Delhi-Bangalore,2,4,4212.0,7,31.4,6605,5,5,1,2023-12-22
SHIP08538,CUST5870,Cosmetics,D,Ship,Bangalore-Chennai,5,5,2129.29,0,0.5,2594,7,11,0,2023-08-29
SHIP08539,CUST7487,Fashion,A,Road,Bangalore-Chennai,4,4,4582.93,2,51.2,5526,5,4,1,2023-07-12
SHIP08540,CUST5657,Fashion,C,Ship,Kolkata-Delhi,4,1,3782.69,7,11.1,6887,3,4,0,2023-12-30
SHIP08541,CUST5683,Home & Garden,D,Flight,Kolkata-Delhi,5,2,1549.06,8,11.7,2168,8,9,0,2023-04-09
SHIP08542,CUST4283,Home & Garden,F,Flight,Bangalore-Chennai,2,2,4432.94,3,26.2,3190,10,12,0,2023-09-27
SHIP08543,CUST1326,Electronics,F,Ship,Hyderabad-Pune,2,5,2424.59,6,43.9,6327,3,8,0,2023-01-03
SHIP08544,CUST6077,Cosmetics,B,Ship,Delhi-Bangalore,7,2,399.46,6,48.3,2638,4,8,0,2023-12-05
SHIP08545,CUST7127,Books,B,Flight,Delhi-Mumbai,1,2,3983.42,4,46.7,3917,6,9,0,2023-11-09
SHIP08546,CUST1913,Electronics,C,Flight,Delhi-Bangalore,1,4,3349.78,3,63.8,1422,8,12,0,2023-06-26
SHIP08547,CUST1056,Electronics,D,Flight,Delhi-Bangalore,4,4,1706.44,5,2.3,3360,3,3,1,2023-03-10
SHIP08548,CUST4032,Fashion,A,Road,Delhi-Bangalore,4,5,3044.68,5,30.8,3840,7,11,0,2023-07-21
SHIP08549,CUST1720,Books,B,Road,Hyderabad-Pune,7,5,610.42,2,41.2,2067,6,11,0,2023-09-22
SHIP08550,CUST4757,Fashion,D,Flight,Bangalore-Chennai,1,1,3655.11,6,60.6,2143,3,3,1,2023-02-06
SHIP08551,CUST4962,Books,A,Road,Delhi-Mumbai,7,3,4709.84,5,2.0,5544,5,7,0,2023-10-21
SHIP08552,CUST1792,Sporting Goods,C,Road,Bangalore-Chennai,6,3,200.38,0,7.5,4661,9,8,1,2023-05-08
SHIP08553,CUST3788,Electronics,F,Road,Bangalore-Chennai,1,4,873.29,7,59.2,5468,9,13,0,2023-10-22
SHIP08554,CUST9320,Home & Garden,B,Flight,Hyderabad-Pune,3,4,1068.64,8,57.8,4507,3,6,0,2023-01-07
SHIP08555,CUST7177,Fashion,C,Ship,Mumbai-Chennai,1,2,1396.2,2,61.7,3928,7,9,0,2023-10-21
SHIP08556,CUST7066,Fashion,F,Road,Delhi-Bangalore,1,4,3652.27,2,8.5,6758,7,10,0,2023-07-01
SHIP08557,CUST3917,Sporting Goods,D,Road,Bangalore-Chennai,3,4,1032.44,3,51.9,4736,6,7,0,2023-01-16
SHIP08558,CUST6319,Fashion,B,Flight,Bangalore-Chennai,4,4,2802.51,6,32.1,6694,8,11,0,2023-10-19
SHIP08559,CUST7663,Electronics,D,Ship,Kolkata-Delhi,7,5,3582.57,5,16.6,6160,4,9,0,2023-04-21
SHIP08560,CUST9418,Cosmetics,C,Road,Delhi-Bangalore,5,1,783.03,3,1.1,2621,6,7,0,2023-08-09
SHIP08561,CUST4791,Electronics,A,Ship,Delhi-Mumbai,7,3,1884.14,0,2.3,4878,4,3,1,2023-12-14
SHIP08562,CUST8034,Cosmetics,C,Ship,Hyderabad-Pune,4,3,844.82,4,46.3,5509,5,5,1,2023-06-16
SHIP08563,CUST1760,Cosmetics,F,Flight,Hyderabad-Pune,1,4,4114.33,8,49.3,3190,3,5,0,2023-05-24
SHIP08564,CUST6935,Sporting Goods,D,Road,Mumbai-Chennai,5,2,3404.71,3,9.8,3440,6,7,0,2023-11-23
SHIP08565,CUST5455,Cosmetics,B,Road,Kolkata-Delhi,4,2,4171.06,0,35.5,1415,10,9,1,2023-02-17
SHIP08566,CUST5872,Sporting Goods,B,Flight,Mumbai-Chennai,2,5,484.71,6,28.0,4244,10,14,0,2023-10-30
SHIP08567,CUST2713,Cosmetics,C,Ship,Delhi-Bangalore,2,1,2882.04,6,13.3,6185,4,4,1,2023-10-11
SHIP08568,CUST8474,Sporting Goods,B,Ship,Delhi-Bangalore,5,3,3111.5,6,0.9,2918,8,11,0,2023-12-19
SHIP08569,CUST3714,Electronics,C,Ship,Mumbai-Chennai,6,4,4399.93,4,7.3,2496,3,4,0,2023-11-26
SHIP08570,CUST2338,Home & Garden,B,Flight,Bangalore-Chennai,4,1,3108.41,8,54.6,5314,5,10,0,2023-10-24
SHIP08571,CUST3168,Cosmetics,B,Flight,Bangalore-Chennai,4,2,1102.97,6,7.3,1080,10,11,0,2023-10-13
SHIP08572,CUST4290,Electronics,C,Flight,Bangalore-Chennai,2,3,3840.06,1,3.7,1896,5,7,0,2023-01-17
SHIP08573,CUST1153,Electronics,C,Ship,Bangalore-Chennai,4,1,4035.54,8,43.4,6533,4,3,1,2023-11-04
SHIP08574,CUST3102,Books,F,Ship,Hyderabad-Pune,5,2,775.75,8,16.2,5002,4,9,0,2023-09-03
SHIP08575,CUST3817,Fashion,A,Flight,Delhi-Mumbai,4,2,456.53,7,4.2,3650,7,9,0,2023-02-09
SHIP08576,CUST9433,Fashion,D,Road,Kolkata-Delhi,4,3,4619.01,6,26.0,6744,10,12,0,2023-04-04
SHIP08577,CUST8389,Fashion,B,Flight,Mumbai-Chennai,4,2,3838.29,4,2.0,5311,10,12,0,2023-05-01
SHIP08578,CUST2630,Electronics,F,Road,Mumbai-Chennai,4,5,3899.77,6,59.8,3700,4,5,0,2023-11-16
SHIP08579,CUST6177,Electronics,B,Flight,Bangalore-Chennai,6,5,903.04,0,29.9,4394,8,9,0,2023-04-09
SHIP08580,CUST9547,Sporting Goods,F,Flight,Hyderabad-Pune,3,2,4070.04,7,21.4,5572,10,13,0,2023-09-24
SHIP08581,CUST7359,Cosmetics,B,Ship,Mumbai-Chennai,3,5,2034.13,2,64.5,4769,7,11,0,2023-11-20
SHIP08582,CUST9531,Books,D,Ship,Mumbai-Chennai,4,1,2671.39,1,4.0,1615,10,12,0,2023-02-12
SHIP08583,CUST5970,Fashion,F,Flight,Kolkata-Delhi,3,2,561.51,1,32.7,5454,6,7,0,2023-04-12
SHIP08584,CUST3493,Electronics,D,Flight,Delhi-Bangalore,1,1,351.7,0,63.1,5414,8,7,1,2023-09-27
SHIP08585,CUST9826,Cosmetics,F,Flight,Delhi-Bangalore,5,1,3090.27,5,29.3,5326,10,14,0,2023-12-11
SHIP08586,CUST2628,Electronics,B,Flight,Delhi-Bangalore,1,3,2679.76,7,26.6,5082,4,9,0,2023-01-11
SHIP08587,CUST3038,Cosmetics,C,Flight,Hyderabad-Pune,7,5,144.05,7,18.5,6759,6,9,0,2023-09-04
SHIP08588,CUST1591,Fashion,F,Ship,Delhi-Bangalore,6,5,1201.99,0,12.1,2778,5,5,1,2023-07-04
SHIP08589,CUST2125,Home & Garden,F,Flight,Kolkata-Delhi,2,2,4773.27,0,26.2,1105,5,9,0,2023-10-19
SHIP08590,CUST6932,Sporting Goods,C,Road,Delhi-Mumbai,3,5,2231.69,1,42.4,6047,9,9,1,2023-02-15
SHIP08591,CUST4283,Books,F,Road,Kolkata-Delhi,3,1,2014.87,4,54.0,5367,8,10,0,2023-05-04
SHIP08592,CUST3643,Sporting Goods,A,Flight,Mumbai-Chennai,6,5,974.15,2,7.3,2817,9,12,0,2023-02-28
SHIP08593,CUST7526,Electronics,B,Flight,Mumbai-Chennai,4,1,4640.78,4,45.2,2397,8,11,0,2023-03-04
SHIP08594,CUST5202,Cosmetics,F,Ship,Mumbai-Chennai,1,1,2098.8,3,39.2,2978,5,8,0,2023-09-25
SHIP08595,CUST8062,Electronics,C,Road,Delhi-Mumbai,4,2,2242.74,6,58.3,6310,6,11,0,2023-11-28
SHIP08596,CUST3237,Books,C,Flight,Delhi-Bangalore,4,4,3763.09,7,59.9,1843,10,9,1,2023-07-30
SHIP08597,CUST5616,Home & Garden,F,Ship,Delhi-Bangalore,5,2,4166.83,0,47.4,6196,9,10,0,2023-08-24
SHIP08598,CUST1524,Electronics,F,Road,Delhi-Bangalore,2,4,333.07,6,62.0,5688,5,9,0,2023-02-21
SHIP08599,CUST2891,Home & Garden,D,Ship,Kolkata-Delhi,3,2,4729.67,1,44.8,4567,4,9,0,2023-11-03
SHIP08600,CUST3622,Books,C,Ship,Hyderabad-Pune,3,2,4955.7,5,27.8,6282,8,12,0,2023-12-23
SHIP08601,CUST1629,Cosmetics,C,Road,Hyderabad-Pune,4,1,1748.86,8,16.3,2886,7,11,0,2023-01-11
SHIP08602,CUST2920,Home & Garden,F,Ship,Bangalore-Chennai,5,5,3212.16,4,13.4,4573,8,11,0,2023-12-01
SHIP08603,CUST1571,Electronics,D,Flight,Delhi-Bangalore,2,4,2528.74,2,6.9,2356,10,11,0,2023-12-20
SHIP08604,CUST5984,Fashion,B,Ship,Delhi-Mumbai,3,4,3106.1,0,56.1,1973,3,7,0,2023-09-08
SHIP08605,CUST5368,Home & Garden,C,Flight,Delhi-Mumbai,1,2,4854.43,5,4.6,2759,10,9,1,2023-07-24
SHIP08606,CUST9039,Home & Garden,A,Road,Delhi-Bangalore,7,2,2465.61,8,14.6,1848,7,6,1,2023-11-27
SHIP08607,CUST6593,Fashion,B,Flight,Bangalore-Chennai,6,5,3690.19,3,36.6,6372,4,6,0,2023-10-22
SHIP08608,CUST1918,Fashion,B,Flight,Delhi-Mumbai,6,1,2315.58,1,8.6,5247,5,4,1,2023-10-25
SHIP08609,CUST6270,Home & Garden,B,Flight,Delhi-Mumbai,2,1,2986.45,4,21.1,4715,10,13,0,2023-12-31
SHIP08610,CUST4227,Sporting Goods,F,Ship,Mumbai-Chennai,7,2,3630.52,1,43.7,5562,7,11,0,2023-08-06
SHIP08611,CUST8217,Sporting Goods,C,Ship,Kolkata-Delhi,3,2,756.49,0,25.5,1813,5,4,1,2023-08-23
SHIP08612,CUST3690,Books,D,Ship,Delhi-Bangalore,2,5,2324.07,4,52.6,1263,6,7,0,2023-03-03
SHIP08613,CUST6899,Fashion,A,Ship,Mumbai-Chennai,5,4,1556.77,7,36.1,4567,5,4,1,2023-05-29
SHIP08614,CUST2724,Fashion,B,Flight,Delhi-Mumbai,3,3,1751.15,2,20.4,1026,9,10,0,2023-04-12
SHIP08615,CUST2235,Fashion,F,Ship,Bangalore-Chennai,5,3,4260.57,7,3.0,3784,6,7,0,2023-06-28
SHIP08616,CUST7194,Books,B,Flight,Mumbai-Chennai,2,2,1680.29,5,14.0,4411,5,7,0,2023-04-18
SHIP08617,CUST3548,Sporting Goods,F,Road,Delhi-Bangalore,6,3,1715.61,0,41.0,6491,6,7,0,2023-01-14
SHIP08618,CUST8414,Cosmetics,C,Ship,Hyderabad-Pune,4,5,1124.8,8,57.1,2654,10,15,0,2023-05-15
SHIP08619,CUST7917,Electronics,A,Flight,Delhi-Bangalore,3,2,2604.24,3,24.2,4336,5,6,0,2023-09-03
SHIP08620,CUST5604,Home & Garden,C,Flight,Hyderabad-Pune,6,4,707.27,4,39.4,6034,10,14,0,2023-12-02
SHIP08621,CUST3592,Sporting Goods,F,Ship,Kolkata-Delhi,1,4,4522.95,6,45.8,2678,8,13,0,2023-06-11
SHIP08622,CUST1053,Sporting Goods,A,Ship,Kolkata-Delhi,7,4,3274.95,8,26.5,6494,5,4,1,2023-08-13
SHIP08623,CUST7462,Home & Garden,D,Road,Mumbai-Chennai,5,5,3108.22,4,39.3,1612,7,10,0,2023-12-21
SHIP08624,CUST9826,Home & Garden,D,Ship,Bangalore-Chennai,3,1,2921.04,2,25.8,6236,7,9,0,2023-07-10
SHIP08625,CUST1597,Fashion,C,Road,Mumbai-Chennai,7,3,4396.01,2,22.8,4374,6,11,0,2023-07-23
SHIP08626,CUST6249,Home & Garden,A,Ship,Kolkata-Delhi,5,3,1873.26,8,53.7,5963,4,4,1,2023-10-25
SHIP08627,CUST8861,Electronics,B,Flight,Delhi-Mumbai,1,3,926.8,3,23.7,4388,6,7,0,2023-04-09
SHIP08628,CUST1784,Fashion,D,Flight,Delhi-Mumbai,4,2,4958.31,7,57.3,1626,6,6,1,2023-01-31
SHIP08629,CUST8537,Sporting Goods,A,Road,Kolkata-Delhi,1,2,3520.01,0,4.9,5588,7,12,0,2023-09-04
SHIP08630,CUST9450,Cosmetics,A,Flight,Kolkata-Delhi,5,2,726.84,0,55.3,3300,4,9,0,2023-04-06
SHIP08631,CUST4365,Cosmetics,B,Ship,Kolkata-Delhi,1,5,1465.66,6,48.7,1085,5,7,0,2023-11-22
SHIP08632,CUST4921,Cosmetics,A,Road,Bangalore-Chennai,6,2,603.39,3,55.1,6959,9,12,0,2023-12-04
SHIP08633,CUST2872,Fashion,D,Ship,Delhi-Mumbai,1,4,3747.31,8,63.7,1768,6,9,0,2023-05-23
SHIP08634,CUST1112,Books,C,Road,Bangalore-Chennai,7,4,1156.75,7,2.7,2379,8,7,1,2023-09-23
SHIP08635,CUST3861,Electronics,A,Ship,Bangalore-Chennai,7,3,2790.03,8,62.1,2397,10,9,1,2023-01-15
SHIP08636,CUST8012,Cosmetics,C,Flight,Hyderabad-Pune,1,3,4506.61,8,23.3,2649,9,13,0,2023-03-25
SHIP08637,CUST8120,Cosmetics,A,Flight,Kolkata-Delhi,3,2,4149.22,7,14.8,2993,8,13,0,2023-04-26
SHIP08638,CUST2734,Home & Garden,A,Road,Bangalore-Chennai,1,3,3491.93,7,6.9,5430,8,8,1,2023-12-02
SHIP08639,CUST2693,Electronics,A,Ship,Delhi-Bangalore,4,3,2521.39,5,18.8,6493,6,5,1,2023-04-30
SHIP08640,CUST8496,Electronics,D,Road,Delhi-Bangalore,1,3,1342.87,6,54.5,3402,8,12,0,2023-07-21
SHIP08641,CUST7546,Electronics,F,Flight,Kolkata-Delhi,6,3,1285.16,6,26.6,2048,10,13,0,2023-08-27
SHIP08642,CUST9211,Home & Garden,C,Ship,Hyderabad-Pune,6,1,2571.09,3,33.4,6353,8,7,1,2023-03-29
SHIP08643,CUST4288,Electronics,A,Flight,Delhi-Mumbai,1,1,3044.03,5,30.3,2304,5,6,0,2023-05-06
SHIP08644,CUST2457,Books,F,Road,Kolkata-Delhi,4,3,3504.46,0,42.7,3138,7,11,0,2023-12-13
SHIP08645,CUST3243,Electronics,C,Flight,Delhi-Mumbai,7,2,2992.13,6,45.6,6824,5,7,0,2023-12-22
SHIP08646,CUST7704,Sporting Goods,B,Ship,Hyderabad-Pune,4,3,277.74,6,47.9,3110,3,2,1,2023-02-05
SHIP08647,CUST1641,Cosmetics,B,Flight,Bangalore-Chennai,6,3,2025.29,2,2.5,6620,5,9,0,2023-03-28
SHIP08648,CUST5624,Home & Garden,A,Ship,Bangalore-Chennai,1,5,4690.39,4,43.2,6416,5,8,0,2023-05-09
SHIP08649,CUST1688,Books,D,Ship,Bangalore-Chennai,4,2,4018.84,2,5.6,4309,7,12,0,2023-09-04
SHIP08650,CUST5180,Books,D,Flight,Mumbai-Chennai,5,5,1464.81,7,26.1,1554,3,2,1,2023-04-15
SHIP08651,CUST3599,Electronics,D,Road,Delhi-Mumbai,7,1,4657.02,6,38.3,4449,3,7,0,2023-06-11
SHIP08652,CUST8242,Fashion,C,Ship,Mumbai-Chennai,7,4,4284.52,1,51.5,1169,4,4,1,2023-10-09
SHIP08653,CUST6110,Cosmetics,D,Road,Delhi-Mumbai,3,4,3636.25,0,51.8,2582,5,9,0,2023-04-28
SHIP08654,CUST4539,Cosmetics,B,Road,Hyderabad-Pune,5,1,2832.71,6,16.2,2220,4,8,0,2023-04-21
SHIP08655,CUST9596,Books,A,Road,Mumbai-Chennai,3,1,4175.07,3,57.7,4381,4,9,0,2023-01-26
SHIP08656,CUST8907,Fashion,A,Flight,Hyderabad-Pune,3,4,1279.01,6,11.4,4895,7,10,0,2023-03-30
SHIP08657,CUST6757,Home & Garden,D,Road,Delhi-Bangalore,2,1,2523.3,7,42.5,1541,4,5,0,2023-03-22
SHIP08658,CUST8101,Sporting Goods,D,Flight,Delhi-Mumbai,6,3,4757.01,5,25.4,3111,5,9,0,2023-06-25
SHIP08659,CUST7792,Books,A,Flight,Delhi-Bangalore,2,5,932.93,0,13.5,6900,5,9,0,2023-07-20
SHIP08660,CUST9735,Sporting Goods,F,Road,Delhi-Bangalore,5,4,3999.74,5,31.6,3371,3,2,1,2023-11-03
SHIP08661,CUST3078,Sporting Goods,F,Ship,Bangalore-Chennai,7,1,2598.27,6,53.4,6664,6,10,0,2023-05-15
SHIP08662,CUST3866,Electronics,A,Ship,Kolkata-Delhi,2,2,3333.15,7,7.5,1652,5,8,0,2023-09-16
SHIP08663,CUST9452,Books,D,Road,Bangalore-Chennai,5,5,4197.56,3,42.0,2861,9,10,0,2023-09-29
SHIP08664,CUST6870,Fashion,C,Ship,Hyderabad-Pune,4,3,3775.77,4,0.4,6724,5,4,1,2023-04-03
SHIP08665,CUST6394,Books,D,Ship,Kolkata-Delhi,3,1,2148.77,8,5.5,1622,10,13,0,2023-07-30
SHIP08666,CUST7710,Sporting Goods,F,Flight,Delhi-Mumbai,5,5,4068.91,5,23.9,2607,6,11,0,2023-05-27
SHIP08667,CUST9007,Home & Garden,A,Road,Delhi-Mumbai,7,5,1737.07,1,56.3,5579,6,11,0,2023-02-20
SHIP08668,CUST4474,Sporting Goods,C,Ship,Mumbai-Chennai,5,2,2701.99,7,59.9,2912,3,7,0,2023-02-08
SHIP08669,CUST2906,Home & Garden,F,Ship,Bangalore-Chennai,7,4,2544.64,3,23.0,3145,7,8,0,2023-05-04
SHIP08670,CUST8832,Home & Garden,B,Road,Kolkata-Delhi,6,2,4461.56,1,56.1,6234,9,10,0,2023-06-13
SHIP08671,CUST8898,Sporting Goods,D,Ship,Delhi-Bangalore,1,3,667.76,5,41.7,3037,6,6,1,2023-10-11
SHIP08672,CUST2582,Books,D,Flight,Kolkata-Delhi,2,1,1002.65,2,34.7,6366,3,2,1,2023-12-10
SHIP08673,CUST1019,Books,F,Ship,Bangalore-Chennai,4,5,826.01,5,62.9,2149,6,10,0,2023-02-11
SHIP08674,CUST1212,Sporting Goods,B,Road,Bangalore-Chennai,1,5,4503.88,0,4.0,1234,7,11,0,2023-11-29
SHIP08675,CUST7107,Fashion,A,Ship,Delhi-Bangalore,7,5,3632.19,4,30.1,6647,4,4,1,2023-03-08
SHIP08676,CUST1211,Electronics,B,Road,Bangalore-Chennai,1,5,1852.44,3,55.9,3978,5,10,0,2023-08-26
SHIP08677,CUST4960,Electronics,B,Flight,Kolkata-Delhi,3,5,1669.95,5,48.6,2468,3,8,0,2023-07-05
SHIP08678,CUST1544,Home & Garden,A,Ship,Delhi-Mumbai,2,4,4138.22,4,2.7,4506,7,7,1,2023-08-11
SHIP08679,CUST5846,Books,C,Ship,Delhi-Bangalore,4,4,1411.15,7,64.4,6797,3,8,0,2023-01-25
SHIP08680,CUST4630,Cosmetics,D,Ship,Delhi-Mumbai,5,2,1881.11,4,18.6,2284,7,8,0,2023-12-13
SHIP08681,CUST2777,Home & Garden,F,Road,Delhi-Mumbai,6,2,1559.77,1,24.3,6950,10,15,0,2023-10-28
SHIP08682,CUST2313,Fashion,D,Road,Mumbai-Chennai,4,1,1998.25,7,6.7,1312,4,7,0,2023-03-13
SHIP08683,CUST6823,Electronics,F,Ship,Bangalore-Chennai,1,5,387.48,3,37.7,5844,3,5,0,2023-11-11
SHIP08684,CUST9020,Electronics,D,Flight,Hyderabad-Pune,2,3,1163.67,7,23.9,2840,9,12,0,2023-03-22
SHIP08685,CUST3515,Cosmetics,A,Ship,Mumbai-Chennai,5,4,3068.13,6,59.3,6412,3,3,1,2023-07-09
SHIP08686,CUST6103,Books,D,Ship,Delhi-Bangalore,2,1,2041.2,2,18.7,1800,8,10,0,2023-04-11
SHIP08687,CUST4484,Fashion,F,Flight,Delhi-Mumbai,5,2,4811.34,4,9.3,2993,10,11,0,2023-05-08
SHIP08688,CUST4441,Fashion,B,Flight,Mumbai-Chennai,7,4,1448.6,8,56.7,2018,8,13,0,2023-01-16
SHIP08689,CUST1082,Sporting Goods,B,Flight,Delhi-Mumbai,4,5,4499.24,6,34.5,1665,9,9,1,2023-04-17
SHIP08690,CUST1169,Sporting Goods,D,Ship,Hyderabad-Pune,7,2,1360.54,2,37.6,5772,3,8,0,2023-12-16
SHIP08691,CUST4294,Books,F,Flight,Kolkata-Delhi,4,2,3030.7,2,51.1,2827,3,8,0,2023-07-14
SHIP08692,CUST2923,Electronics,B,Flight,Hyderabad-Pune,6,2,1278.89,1,56.8,6731,5,9,0,2023-06-21
SHIP08693,CUST2419,Cosmetics,A,Road,Hyderabad-Pune,7,1,4209.67,6,20.9,6717,7,7,1,2023-01-23
SHIP08694,CUST6578,Sporting Goods,A,Road,Hyderabad-Pune,4,3,4359.68,1,57.8,3322,10,14,0,2023-06-04
SHIP08695,CUST1393,Home & Garden,C,Road,Delhi-Bangalore,1,5,1505.92,2,59.0,4366,5,7,0,2023-04-27
SHIP08696,CUST2696,Sporting Goods,A,Road,Delhi-Bangalore,5,5,1883.76,7,56.0,3909,3,7,0,2023-03-16
SHIP08697,CUST2226,Cosmetics,D,Road,Delhi-Mumbai,7,4,1103.08,5,61.6,6191,3,2,1,2023-12-16
SHIP08698,CUST2576,Fashion,D,Road,Kolkata-Delhi,5,3,4834.04,0,7.2,4263,5,5,1,2023-10-05
SHIP08699,CUST8320,Home & Garden,F,Flight,Kolkata-Delhi,1,2,2003.87,2,26.8,5601,10,10,1,2023-12-18
SHIP08700,CUST5617,Sporting Goods,D,Flight,Delhi-Bangalore,1,5,4544.27,8,8.6,1614,10,10,1,2023-06-01
SHIP08701,CUST2636,Cosmetics,F,Flight,Hyderabad-Pune,6,1,3364.09,1,8.7,4314,4,8,0,2023-03-19
SHIP08702,CUST4573,Fashion,C,Road,Mumbai-Chennai,1,3,2968.33,1,16.6,1226,3,3,1,2023-06-13
SHIP08703,CUST7132,Electronics,D,Flight,Hyderabad-Pune,7,2,4674.93,7,39.4,1775,5,9,0,2023-07-23
SHIP08704,CUST9472,Fashion,D,Road,Delhi-Mumbai,6,5,1051.46,4,5.3,1747,6,7,0,2023-09-09
SHIP08705,CUST7274,Books,F,Road,Bangalore-Chennai,5,1,2869.77,5,51.6,6763,9,12,0,2023-08-05
SHIP08706,CUST1837,Home & Garden,A,Flight,Delhi-Mumbai,6,5,922.48,2,64.0,4699,4,6,0,2023-09-19
SHIP08707,CUST8137,Fashion,C,Flight,Bangalore-Chennai,2,1,145.4,4,32.0,2801,5,8,0,2023-07-20
SHIP08708,CUST5627,Books,A,Flight,Mumbai-Chennai,6,3,1373.68,3,14.8,3677,4,8,0,2023-10-20
SHIP08709,CUST8058,Cosmetics,A,Road,Mumbai-Chennai,6,3,157.98,3,31.7,2621,7,7,1,2023-06-04
SHIP08710,CUST3069,Home & Garden,D,Road,Bangalore-Chennai,5,1,583.05,4,30.5,3372,10,9,1,2023-12-03
SHIP08711,CUST2744,Sporting Goods,B,Flight,Bangalore-Chennai,4,4,396.43,7,32.7,1812,8,13,0,2023-05-02
SHIP08712,CUST5324,Fashion,B,Ship,Hyderabad-Pune,7,1,4130.82,6,18.9,3844,6,11,0,2023-07-03
SHIP08713,CUST6380,Cosmetics,D,Flight,Bangalore-Chennai,6,4,2194.89,1,54.1,2467,3,5,0,2023-11-10
SHIP08714,CUST6397,Sporting Goods,B,Flight,Delhi-Bangalore,2,5,2590.28,6,50.8,5895,3,2,1,2023-04-26
SHIP08715,CUST6278,Books,B,Flight,Mumbai-Chennai,3,5,2258.24,8,6.5,4532,9,8,1,2023-10-31
SHIP08716,CUST7946,Cosmetics,F,Ship,Kolkata-Delhi,6,5,320.81,5,61.0,1594,5,5,1,2023-08-14
SHIP08717,CUST8199,Sporting Goods,C,Road,Kolkata-Delhi,2,2,4077.07,3,44.5,6183,6,6,1,2023-03-01
SHIP08718,CUST1037,Home & Garden,A,Flight,Delhi-Bangalore,1,3,1431.52,1,9.2,3388,6,8,0,2023-10-23
SHIP08719,CUST5085,Sporting Goods,C,Ship,Mumbai-Chennai,7,4,4046.4,6,12.4,2180,10,11,0,2023-07-26
SHIP08720,CUST1321,Fashion,F,Ship,Hyderabad-Pune,1,4,1162.37,6,41.7,3633,4,9,0,2023-07-19
SHIP08721,CUST4203,Fashion,D,Flight,Mumbai-Chennai,5,4,3235.25,0,7.8,3499,4,3,1,2023-04-18
SHIP08722,CUST9201,Sporting Goods,A,Road,Hyderabad-Pune,4,5,271.6,1,17.5,2995,5,10,0,2023-02-16
SHIP08723,CUST8405,Home & Garden,A,Ship,Bangalore-Chennai,1,2,864.73,3,63.6,6479,10,10,1,2023-07-05
SHIP08724,CUST3691,Sporting Goods,F,Road,Delhi-Mumbai,5,2,2799.19,2,2.4,3932,3,2,1,2023-02-09
SHIP08725,CUST6781,Cosmetics,F,Ship,Hyderabad-Pune,4,3,3828.68,4,24.6,4410,8,7,1,2023-10-06
SHIP08726,CUST3433,Electronics,D,Road,Delhi-Bangalore,5,1,4794.85,8,5.3,2456,4,4,1,2023-03-27
SHIP08727,CUST1278,Electronics,B,Flight,Delhi-Mumbai,7,2,1505.32,6,8.3,3742,4,6,0,2023-05-03
SHIP08728,CUST5704,Fashion,D,Flight,Mumbai-Chennai,7,2,3767.55,4,6.9,2446,6,9,0,2023-05-22
SHIP08729,CUST4649,Fashion,A,Road,Kolkata-Delhi,7,4,3625.94,5,2.9,5591,9,12,0,2023-01-10
SHIP08730,CUST4365,Books,F,Flight,Delhi-Mumbai,4,5,3554.67,8,1.2,1530,10,10,1,2023-05-03
SHIP08731,CUST2261,Fashion,B,Ship,Hyderabad-Pune,5,1,3050.71,2,50.6,3331,7,12,0,2023-04-15
SHIP08732,CUST3442,Cosmetics,B,Flight,Mumbai-Chennai,6,5,2023.46,8,46.1,4593,5,6,0,2023-09-26
SHIP08733,CUST6167,Cosmetics,C,Ship,Delhi-Mumbai,7,1,4410.05,1,34.0,6958,10,14,0,2023-02-19
SHIP08734,CUST8709,Books,B,Ship,Mumbai-Chennai,2,3,211.11,3,45.9,2926,6,7,0,2023-08-08
SHIP08735,CUST6199,Cosmetics,A,Flight,Delhi-Mumbai,6,2,2907.59,7,59.2,6590,8,8,1,2023-09-12
SHIP08736,CUST8600,Cosmetics,A,Flight,Delhi-Mumbai,2,3,4849.85,2,49.7,5178,9,11,0,2023-03-09
SHIP08737,CUST2160,Sporting Goods,F,Ship,Mumbai-Chennai,7,4,4436.16,5,26.8,2992,10,15,0,2023-09-24
SHIP08738,CUST1718,Sporting Goods,B,Flight,Delhi-Mumbai,2,2,2706.67,1,48.6,5850,10,15,0,2023-01-05
SHIP08739,CUST4321,Books,B,Flight,Mumbai-Chennai,7,2,3419.6,4,31.5,4654,9,9,1,2023-08-06
SHIP08740,CUST7307,Fashion,B,Flight,Delhi-Bangalore,6,3,4402.42,2,35.0,4504,6,6,1,2023-12-02
SHIP08741,CUST7598,Home & Garden,D,Road,Mumbai-Chennai,2,2,1795.96,5,54.5,4772,9,13,0,2023-01-01
SHIP08742,CUST5719,Electronics,D,Road,Bangalore-Chennai,2,4,1728.65,8,38.8,5745,6,9,0,2023-03-09
SHIP08743,CUST1658,Home & Garden,F,Ship,Bangalore-Chennai,1,4,3619.52,3,16.0,1492,8,12,0,2023-06-17
SHIP08744,CUST2895,Electronics,C,Ship,Hyderabad-Pune,7,3,4672.61,7,40.1,5546,9,13,0,2023-08-22
SHIP08745,CUST2963,Books,D,Ship,Hyderabad-Pune,2,2,243.61,8,34.7,1275,10,10,1,2023-03-18
SHIP08746,CUST8325,Electronics,C,Ship,Delhi-Mumbai,5,2,1240.44,6,17.0,4259,6,7,0,2023-07-08
SHIP08747,CUST7035,Sporting Goods,F,Flight,Mumbai-Chennai,2,2,2772.54,3,23.8,5178,9,8,1,2023-05-25
SHIP08748,CUST7100,Books,C,Ship,Mumbai-Chennai,5,4,108.15,5,56.2,3094,7,9,0,2023-02-27
SHIP08749,CUST6000,Home & Garden,B,Ship,Mumbai-Chennai,6,3,3269.97,3,56.4,6704,4,9,0,2023-04-23
SHIP08750,CUST7036,Cosmetics,B,Flight,Bangalore-Chennai,2,3,3833.2,2,25.8,3940,8,10,0,2023-08-04
SHIP08751,CUST3417,Books,C,Flight,Bangalore-Chennai,1,5,542.47,8,20.9,5538,8,11,0,2023-07-18
SHIP08752,CUST6761,Sporting Goods,F,Road,Hyderabad-Pune,5,2,1447.29,6,54.7,4661,3,2,1,2023-06-06
SHIP08753,CUST4873,Fashion,F,Ship,Kolkata-Delhi,4,3,2845.6,4,57.1,3344,9,10,0,2023-05-17
SHIP08754,CUST6591,Home & Garden,F,Flight,Delhi-Mumbai,4,4,3381.53,1,16.7,4562,10,12,0,2023-05-18
SHIP08755,CUST5828,Books,C,Road,Hyderabad-Pune,2,3,2782.46,5,38.7,6844,7,12,0,2023-12-14
SHIP08756,CUST2360,Home & Garden,B,Flight,Delhi-Bangalore,2,4,1990.94,1,43.6,5514,4,3,1,2023-08-11
SHIP08757,CUST8192,Sporting Goods,A,Ship,Hyderabad-Pune,3,5,4395.24,4,7.0,5638,4,3,1,2023-12-17
SHIP08758,CUST7122,Fashion,B,Flight,Kolkata-Delhi,4,2,3088.18,2,61.7,2699,7,9,0,2023-12-16
SHIP08759,CUST4600,Electronics,C,Ship,Delhi-Bangalore,2,4,153.78,7,53.8,3657,3,7,0,2023-07-06
SHIP08760,CUST3545,Fashion,B,Ship,Hyderabad-Pune,5,4,3940.5,5,33.7,5667,7,9,0,2023-07-23
SHIP08761,CUST8796,Electronics,B,Ship,Delhi-Bangalore,5,3,3039.85,7,20.7,2772,5,6,0,2023-01-25
SHIP08762,CUST7291,Home & Garden,F,Ship,Delhi-Mumbai,3,5,525.15,7,3.5,4885,8,13,0,2023-08-21
SHIP08763,CUST5599,Electronics,F,Ship,Kolkata-Delhi,6,1,988.59,2,2.1,1713,8,12,0,2023-08-28
SHIP08764,CUST3205,Home & Garden,D,Ship,Delhi-Bangalore,4,3,323.35,3,33.4,2688,10,14,0,2023-01-17
SHIP08765,CUST8907,Home & Garden,D,Ship,Kolkata-Delhi,4,4,344.34,1,2.6,6754,9,8,1,2023-07-10
SHIP08766,CUST2375,Books,B,Flight,Bangalore-Chennai,4,4,3852.93,3,33.1,4726,8,7,1,2023-02-27
SHIP08767,CUST4280,Books,C,Road,Kolkata-Delhi,3,3,2738.0,1,51.3,2071,5,8,0,2023-04-25
SHIP08768,CUST6365,Books,C,Ship,Mumbai-Chennai,4,2,1926.75,3,52.9,6637,7,10,0,2023-12-10
SHIP08769,CUST8226,Fashion,F,Flight,Delhi-Mumbai,1,1,4390.98,7,13.0,3507,9,11,0,2023-09-25
SHIP08770,CUST7199,Home & Garden,A,Road,Delhi-Mumbai,7,4,4117.11,1,55.0,5652,5,8,0,2023-05-21
SHIP08771,CUST4523,Electronics,F,Road,Mumbai-Chennai,5,2,3762.64,5,37.5,6080,6,9,0,2023-07-20
SHIP08772,CUST2927,Fashion,B,Road,Delhi-Mumbai,4,1,3419.06,2,59.1,2739,5,10,0,2023-09-25
SHIP08773,CUST5222,Books,A,Road,Mumbai-Chennai,4,1,3535.52,7,36.0,3710,6,11,0,2023-03-26
SHIP08774,CUST6371,Books,D,Road,Kolkata-Delhi,3,1,4730.76,1,7.0,1115,4,7,0,2023-02-24
SHIP08775,CUST9524,Fashion,A,Ship,Kolkata-Delhi,5,2,770.21,3,37.5,4476,8,7,1,2023-09-12
SHIP08776,CUST3137,Sporting Goods,B,Flight,Delhi-Bangalore,7,1,3678.97,7,33.3,5473,9,12,0,2023-09-04
SHIP08777,CUST9304,Books,F,Road,Delhi-Bangalore,6,2,4213.69,0,47.1,3896,3,6,0,2023-12-03
SHIP08778,CUST9384,Sporting Goods,B,Flight,Delhi-Mumbai,6,2,3229.15,6,12.7,3074,5,5,1,2023-05-01
SHIP08779,CUST8096,Cosmetics,A,Road,Mumbai-Chennai,6,1,3764.75,7,53.9,1389,10,12,0,2023-03-14
SHIP08780,CUST8541,Electronics,A,Flight,Delhi-Mumbai,4,3,683.77,5,45.0,2269,10,14,0,2023-04-10
SHIP08781,CUST9642,Cosmetics,F,Ship,Delhi-Bangalore,2,3,133.96,7,58.9,1894,10,9,1,2023-01-10
SHIP08782,CUST4922,Home & Garden,D,Flight,Mumbai-Chennai,5,1,125.24,2,39.6,3210,9,9,1,2023-09-29
SHIP08783,CUST7685,Electronics,F,Road,Kolkata-Delhi,1,1,4192.07,0,31.1,2094,9,11,0,2023-03-26
SHIP08784,CUST8313,Electronics,F,Road,Bangalore-Chennai,7,3,801.47,0,40.7,6549,5,5,1,2023-09-20
SHIP08785,CUST6049,Sporting Goods,A,Road,Delhi-Mumbai,7,1,3643.1,8,29.2,1727,4,8,0,2023-03-01
SHIP08786,CUST2878,Fashion,D,Road,Bangalore-Chennai,4,4,457.03,8,7.6,2355,3,8,0,2023-11-06
SHIP08787,CUST1248,Books,B,Ship,Hyderabad-Pune,2,5,3722.03,1,0.9,6602,6,10,0,2023-02-14
SHIP08788,CUST6110,Electronics,B,Ship,Delhi-Mumbai,3,4,2289.15,7,14.7,1024,6,7,0,2023-09-04
SHIP08789,CUST3998,Sporting Goods,D,Road,Bangalore-Chennai,2,5,445.61,1,47.4,2799,4,8,0,2023-11-13
SHIP08790,CUST1385,Books,F,Road,Mumbai-Chennai,6,1,2556.95,3,2.6,6738,4,6,0,2023-04-10
SHIP08791,CUST6164,Sporting Goods,F,Flight,Kolkata-Delhi,5,2,1446.51,0,28.5,5408,6,8,0,2023-05-25
SHIP08792,CUST2770,Books,F,Road,Delhi-Bangalore,7,1,4748.33,2,38.0,1642,8,11,0,2023-08-03
SHIP08793,CUST4453,Electronics,B,Flight,Hyderabad-Pune,5,3,3448.96,1,10.1,4559,5,7,0,2023-11-30
SHIP08794,CUST7457,Electronics,B,Ship,Delhi-Bangalore,5,4,3405.22,0,50.0,3560,4,9,0,2023-08-06
SHIP08795,CUST7857,Books,C,Ship,Bangalore-Chennai,1,2,1102.8,1,21.5,4910,9,8,1,2023-06-23
SHIP08796,CUST2837,Home & Garden,C,Ship,Kolkata-Delhi,5,5,1183.67,7,49.6,6719,8,13,0,2023-01-04
SHIP08797,CUST3835,Electronics,B,Flight,Mumbai-Chennai,6,1,4327.23,2,57.8,3233,4,4,1,2023-04-12
SHIP08798,CUST4344,Cosmetics,B,Ship,Kolkata-Delhi,4,1,3243.56,5,23.6,1294,7,10,0,2023-09-13
SHIP08799,CUST4268,Cosmetics,D,Road,Delhi-Mumbai,2,1,3701.35,8,6.7,4570,3,7,0,2023-06-14
SHIP08800,CUST3091,Books,A,Road,Hyderabad-Pune,1,5,1999.96,2,44.7,4948,10,12,0,2023-12-07
SHIP08801,CUST3519,Books,F,Flight,Hyderabad-Pune,1,2,3824.74,0,36.6,6178,4,6,0,2023-08-26
SHIP08802,CUST5401,Sporting Goods,B,Ship,Delhi-Mumbai,4,4,3041.76,6,62.7,2744,6,9,0,2023-04-18
SHIP08803,CUST8889,Electronics,F,Road,Hyderabad-Pune,3,4,4774.32,1,53.1,2895,6,5,1,2023-07-19
SHIP08804,CUST3211,Cosmetics,B,Road,Hyderabad-Pune,1,5,1061.14,7,55.7,6960,6,10,0,2023-10-22
SHIP08805,CUST5591,Sporting Goods,B,Road,Bangalore-Chennai,7,3,3373.18,5,48.1,6754,8,8,1,2023-07-14
SHIP08806,CUST2192,Cosmetics,A,Flight,Kolkata-Delhi,7,2,2560.29,2,51.0,5664,8,8,1,2023-05-11
SHIP08807,CUST8926,Books,C,Flight,Bangalore-Chennai,1,5,1402.29,1,15.3,6517,8,13,0,2023-02-13
SHIP08808,CUST4327,Fashion,C,Flight,Delhi-Mumbai,4,5,1118.04,8,54.4,6246,9,11,0,2023-11-28
SHIP08809,CUST5704,Sporting Goods,C,Ship,Kolkata-Delhi,7,5,2479.04,3,11.3,6621,5,7,0,2023-07-04
SHIP08810,CUST4816,Electronics,A,Ship,Delhi-Bangalore,4,2,3643.35,3,50.1,1729,6,5,1,2023-04-25
SHIP08811,CUST6064,Books,B,Ship,Kolkata-Delhi,5,1,3620.18,3,12.4,5383,4,9,0,2023-04-22
SHIP08812,CUST6261,Electronics,A,Ship,Hyderabad-Pune,7,3,855.08,7,52.0,4192,6,6,1,2023-06-26
SHIP08813,CUST6410,Fashion,A,Flight,Kolkata-Delhi,6,4,104.34,3,10.9,4405,6,9,0,2023-03-11
SHIP08814,CUST2295,Books,C,Road,Delhi-Mumbai,7,4,3954.83,4,24.6,6103,7,7,1,2023-02-24
SHIP08815,CUST7725,Cosmetics,A,Flight,Delhi-Bangalore,4,1,4798.66,0,21.8,6268,6,6,1,2023-04-10
SHIP08816,CUST5277,Sporting Goods,A,Flight,Bangalore-Chennai,2,5,4559.18,5,21.6,1662,8,7,1,2023-04-12
SHIP08817,CUST1729,Books,D,Ship,Mumbai-Chennai,6,2,4834.41,6,58.4,2578,7,9,0,2023-11-24
SHIP08818,CUST3950,Home & Garden,B,Ship,Hyderabad-Pune,4,1,2856.68,0,9.8,6712,6,5,1,2023-08-22
SHIP08819,CUST4538,Fashion,B,Flight,Hyderabad-Pune,3,4,192.81,6,2.6,2720,5,10,0,2023-11-30
SHIP08820,CUST9767,Cosmetics,B,Road,Kolkata-Delhi,3,5,3201.16,2,32.3,2176,3,8,0,2023-01-05
SHIP08821,CUST9614,Books,F,Road,Bangalore-Chennai,5,1,2550.08,6,53.7,5950,7,7,1,2023-11-27
SHIP08822,CUST9901,Sporting Goods,C,Flight,Delhi-Bangalore,1,4,2888.44,5,25.0,2048,4,9,0,2023-12-16
SHIP08823,CUST1008,Home & Garden,D,Flight,Bangalore-Chennai,3,1,1365.07,7,11.5,4486,4,7,0,2023-04-14
SHIP08824,CUST1914,Home & Garden,C,Ship,Delhi-Bangalore,1,5,2247.87,6,36.5,3061,10,13,0,2023-10-19
SHIP08825,CUST1359,Fashion,B,Ship,Kolkata-Delhi,6,1,4099.15,0,12.4,6606,4,7,0,2023-12-26
SHIP08826,CUST8039,Home & Garden,C,Flight,Kolkata-Delhi,7,3,4796.28,3,14.6,6508,8,12,0,2023-02-24
SHIP08827,CUST1447,Fashion,D,Road,Bangalore-Chennai,2,1,168.8,5,42.7,1694,4,9,0,2023-07-23
SHIP08828,CUST6212,Fashion,D,Flight,Kolkata-Delhi,7,1,1002.05,2,2.1,5218,10,15,0,2023-04-16
SHIP08829,CUST6022,Home & Garden,F,Flight,Delhi-Mumbai,3,1,2846.86,0,42.7,5031,8,9,0,2023-06-24
SHIP08830,CUST9808,Books,D,Road,Delhi-Mumbai,5,5,3315.91,7,35.6,2273,8,9,0,2023-05-08
SHIP08831,CUST1313,Electronics,F,Ship,Kolkata-Delhi,2,5,3362.33,0,15.5,5573,4,7,0,2023-10-04
SHIP08832,CUST4266,Fashion,D,Road,Delhi-Mumbai,2,2,919.37,2,22.1,2736,6,8,0,2023-03-05
SHIP08833,CUST2128,Electronics,A,Road,Hyderabad-Pune,7,1,1515.75,5,33.1,6637,3,4,0,2023-11-07
SHIP08834,CUST9992,Cosmetics,A,Flight,Mumbai-Chennai,6,2,2282.97,2,24.3,3278,5,5,1,2023-01-13
SHIP08835,CUST5744,Electronics,B,Flight,Delhi-Mumbai,2,2,2871.8,5,43.2,4803,10,10,1,2023-02-08
SHIP08836,CUST6458,Home & Garden,F,Ship,Delhi-Bangalore,4,4,4025.63,1,57.9,6313,5,8,0,2023-07-12
SHIP08837,CUST9520,Electronics,F,Flight,Bangalore-Chennai,7,5,3085.43,7,60.0,5178,9,12,0,2023-06-16
SHIP08838,CUST6687,Electronics,F,Road,Delhi-Mumbai,3,2,3489.0,3,15.6,5492,9,10,0,2023-07-08
SHIP08839,CUST2268,Books,D,Ship,Delhi-Mumbai,4,2,377.29,5,63.7,6401,5,8,0,2023-02-14
SHIP08840,CUST5031,Sporting Goods,F,Ship,Kolkata-Delhi,1,3,4030.39,4,10.9,6880,8,9,0,2023-02-25
SHIP08841,CUST5950,Fashion,C,Flight,Hyderabad-Pune,5,5,805.2,7,65.0,6560,6,9,0,2023-08-22
SHIP08842,CUST9066,Fashion,C,Ship,Delhi-Bangalore,2,4,3423.92,2,8.5,1282,3,7,0,2023-12-07
SHIP08843,CUST9691,Books,D,Flight,Bangalore-Chennai,4,2,4988.56,4,63.5,3530,6,9,0,2023-01-27
SHIP08844,CUST3705,Fashion,F,Ship,Delhi-Bangalore,3,1,4944.63,5,57.6,4237,4,9,0,2023-08-14
SHIP08845,CUST6320,Books,D,Flight,Delhi-Mumbai,5,4,3968.56,6,32.5,2528,5,6,0,2023-08-23
SHIP08846,CUST7106,Books,D,Flight,Delhi-Bangalore,3,4,2840.32,0,28.7,2291,10,14,0,2023-08-23
SHIP08847,CUST5341,Fashion,C,Road,Kolkata-Delhi,5,3,1855.1,8,25.7,6380,8,7,1,2023-01-06
SHIP08848,CUST3209,Cosmetics,C,Road,Hyderabad-Pune,5,4,544.24,3,48.9,1221,3,8,0,2023-06-02
SHIP08849,CUST1524,Home & Garden,C,Ship,Kolkata-Delhi,6,4,1220.99,6,12.7,6923,3,4,0,2023-11-18
SHIP08850,CUST1231,Fashion,D,Flight,Kolkata-Delhi,1,3,2647.55,0,4.4,4500,7,11,0,2023-04-05
SHIP08851,CUST3936,Sporting Goods,C,Flight,Bangalore-Chennai,4,4,3554.39,8,56.1,1578,8,10,0,2023-08-05
SHIP08852,CUST2953,Cosmetics,C,Ship,Kolkata-Delhi,1,4,3862.33,7,53.8,6035,6,11,0,2023-05-26
SHIP08853,CUST9766,Books,C,Flight,Delhi-Bangalore,5,2,2310.68,5,43.6,6004,6,10,0,2023-03-24
SHIP08854,CUST2167,Cosmetics,C,Road,Delhi-Bangalore,4,4,3485.19,8,49.9,1464,9,12,0,2023-04-29
SHIP08855,CUST9909,Fashion,A,Ship,Delhi-Bangalore,3,1,2265.95,5,26.5,1854,4,5,0,2023-11-15
SHIP08856,CUST7210,Books,B,Flight,Bangalore-Chennai,2,3,1703.72,3,37.9,3317,8,7,1,2023-08-02
SHIP08857,CUST6561,Fashion,F,Flight,Delhi-Bangalore,7,1,498.19,4,46.9,5525,4,6,0,2023-01-04
SHIP08858,CUST5630,Books,B,Road,Bangalore-Chennai,2,1,2982.85,3,4.4,6381,5,4,1,2023-03-15
SHIP08859,CUST1391,Fashion,B,Ship,Kolkata-Delhi,5,4,2868.58,2,39.3,2857,10,10,1,2023-10-04
SHIP08860,CUST2560,Sporting Goods,A,Ship,Delhi-Bangalore,4,3,1494.29,1,19.8,5060,3,2,1,2023-05-08
SHIP08861,CUST5214,Cosmetics,B,Road,Mumbai-Chennai,2,5,1257.19,4,11.3,3338,9,8,1,2023-07-16
SHIP08862,CUST9541,Cosmetics,F,Ship,Kolkata-Delhi,3,2,4615.0,7,23.7,3674,3,2,1,2023-09-15
SHIP08863,CUST7469,Fashion,F,Road,Delhi-Mumbai,7,2,4720.48,0,27.4,1746,9,13,0,2023-05-08
SHIP08864,CUST1904,Sporting Goods,F,Road,Kolkata-Delhi,4,2,905.48,0,27.0,6487,6,10,0,2023-12-21
SHIP08865,CUST1094,Electronics,B,Flight,Delhi-Bangalore,7,3,867.53,7,50.8,3264,7,12,0,2023-09-04
SHIP08866,CUST5492,Sporting Goods,B,Road,Delhi-Mumbai,6,4,423.42,3,8.4,6890,5,10,0,2023-08-11
SHIP08867,CUST4929,Books,B,Flight,Kolkata-Delhi,2,4,4190.15,0,24.3,1023,10,11,0,2023-12-31
SHIP08868,CUST1769,Cosmetics,F,Flight,Mumbai-Chennai,2,3,531.89,8,27.1,5539,7,11,0,2023-05-13
SHIP08869,CUST6737,Sporting Goods,C,Ship,Delhi-Bangalore,6,5,3101.88,6,22.9,1359,6,10,0,2023-10-03
SHIP08870,CUST6463,Sporting Goods,F,Ship,Bangalore-Chennai,5,5,2228.73,0,38.9,4077,4,5,0,2023-11-23
SHIP08871,CUST9456,Fashion,C,Road,Hyderabad-Pune,7,5,3413.17,6,27.2,4388,5,6,0,2023-10-19
SHIP08872,CUST5612,Fashion,F,Ship,Bangalore-Chennai,3,5,269.51,3,29.0,4562,6,8,0,2023-03-30
SHIP08873,CUST8915,Sporting Goods,B,Road,Mumbai-Chennai,2,3,2827.79,8,48.6,3297,8,12,0,2023-01-14
SHIP08874,CUST8248,Electronics,B,Flight,Bangalore-Chennai,5,3,3492.99,4,47.2,1598,6,5,1,2023-04-25
SHIP08875,CUST4043,Electronics,B,Road,Bangalore-Chennai,7,5,750.72,1,56.2,6926,6,8,0,2023-05-23
SHIP08876,CUST5997,Fashion,F,Ship,Delhi-Bangalore,6,1,3872.1,3,9.2,3004,3,6,0,2023-12-17
SHIP08877,CUST1374,Books,D,Flight,Delhi-Bangalore,6,4,2842.23,6,63.7,5333,4,7,0,2023-02-05
SHIP08878,CUST3002,Books,C,Road,Hyderabad-Pune,4,5,1818.99,4,10.1,1762,7,9,0,2023-09-16
SHIP08879,CUST3610,Cosmetics,A,Road,Delhi-Bangalore,1,2,3181.21,1,11.1,5636,10,14,0,2023-11-17
SHIP08880,CUST2986,Electronics,D,Road,Mumbai-Chennai,4,4,3536.06,5,24.7,1832,5,9,0,2023-04-28
SHIP08881,CUST9826,Fashion,B,Ship,Kolkata-Delhi,2,5,2832.93,2,42.6,6787,10,14,0,2023-02-15
SHIP08882,CUST2371,Fashion,F,Road,Bangalore-Chennai,4,2,4147.47,7,59.4,1060,10,14,0,2023-05-21
SHIP08883,CUST8033,Electronics,C,Road,Bangalore-Chennai,1,3,3407.31,5,35.5,4006,9,11,0,2023-06-16
SHIP08884,CUST3583,Sporting Goods,C,Flight,Delhi-Bangalore,3,3,226.41,6,10.4,1718,5,4,1,2023-02-05
SHIP08885,CUST9596,Electronics,F,Ship,Hyderabad-Pune,4,1,2503.13,6,50.2,1464,10,11,0,2023-10-01
SHIP08886,CUST6815,Cosmetics,C,Ship,Delhi-Mumbai,4,2,2791.98,5,47.8,3040,7,12,0,2023-11-30
SHIP08887,CUST7732,Sporting Goods,C,Flight,Bangalore-Chennai,1,5,604.69,5,2.4,2111,4,7,0,2023-11-18
SHIP08888,CUST9876,Fashion,F,Flight,Delhi-Bangalore,7,4,4042.21,5,45.6,2317,6,8,0,2024-01-01
SHIP08889,CUST9890,Sporting Goods,F,Ship,Bangalore-Chennai,1,4,4716.06,0,38.5,1613,8,10,0,2023-06-25
SHIP08890,CUST8129,Sporting Goods,A,Ship,Bangalore-Chennai,2,4,3155.67,1,23.7,3247,4,4,1,2023-06-04
SHIP08891,CUST1925,Fashion,D,Flight,Kolkata-Delhi,6,1,1757.61,8,43.0,5797,5,10,0,2023-08-08
SHIP08892,CUST1772,Home & Garden,B,Flight,Kolkata-Delhi,3,4,1705.73,1,63.1,2759,6,6,1,2023-02-15
SHIP08893,CUST9328,Electronics,B,Road,Bangalore-Chennai,5,4,4813.01,4,52.9,5389,4,6,0,2023-04-10
SHIP08894,CUST5978,Sporting Goods,F,Road,Mumbai-Chennai,7,3,1834.88,4,50.0,5832,3,6,0,2023-03-21
SHIP08895,CUST9994,Sporting Goods,A,Road,Delhi-Bangalore,3,3,1379.1,0,35.2,6089,7,9,0,2023-05-04
SHIP08896,CUST8191,Books,C,Flight,Bangalore-Chennai,3,4,3798.42,7,39.4,2133,4,7,0,2023-09-05
SHIP08897,CUST1387,Sporting Goods,A,Road,Mumbai-Chennai,5,3,3258.53,4,19.9,1509,3,4,0,2023-10-19
SHIP08898,CUST6977,Books,C,Ship,Hyderabad-Pune,4,1,4160.32,1,35.0,2125,8,10,0,2023-07-10
SHIP08899,CUST4169,Books,A,Ship,Kolkata-Delhi,5,1,3715.5,5,45.5,4992,6,10,0,2023-03-05
SHIP08900,CUST8949,Electronics,B,Ship,Kolkata-Delhi,6,5,3292.0,4,3.7,2056,10,14,0,2023-10-06
SHIP08901,CUST4714,Home & Garden,F,Road,Hyderabad-Pune,6,1,3539.6,6,43.2,1866,10,12,0,2023-03-08
SHIP08902,CUST3567,Home & Garden,A,Road,Kolkata-Delhi,4,5,2174.37,5,43.7,5539,4,7,0,2023-10-13
SHIP08903,CUST7875,Home & Garden,C,Road,Bangalore-Chennai,7,5,1638.78,4,58.6,4500,9,13,0,2023-05-01
SHIP08904,CUST1306,Sporting Goods,F,Ship,Kolkata-Delhi,7,3,2419.45,2,55.1,6410,10,9,1,2023-07-26
SHIP08905,CUST2324,Fashion,A,Road,Mumbai-Chennai,3,1,4187.93,0,10.6,1003,5,5,1,2023-12-21
SHIP08906,CUST1062,Home & Garden,F,Ship,Kolkata-Delhi,5,3,825.99,0,16.4,5352,10,15,0,2023-07-01
SHIP08907,CUST4897,Cosmetics,C,Road,Hyderabad-Pune,5,4,1589.24,3,10.6,3443,10,11,0,2023-05-01
SHIP08908,CUST4433,Cosmetics,B,Flight,Mumbai-Chennai,4,1,1551.23,8,3.5,2946,3,2,1,2023-08-21
SHIP08909,CUST3738,Fashion,F,Ship,Kolkata-Delhi,4,3,2075.76,1,52.5,2506,5,9,0,2023-09-18
SHIP08910,CUST6334,Electronics,D,Road,Hyderabad-Pune,3,5,4021.46,0,8.8,6086,7,12,0,2023-05-15
SHIP08911,CUST2338,Cosmetics,D,Ship,Delhi-Bangalore,1,3,1139.07,0,51.0,5121,9,10,0,2023-11-07
SHIP08912,CUST7292,Books,D,Road,Hyderabad-Pune,4,2,3484.8,3,33.0,1881,6,10,0,2023-01-24
SHIP08913,CUST6632,Sporting Goods,C,Ship,Delhi-Mumbai,6,5,2658.77,4,7.3,1849,5,7,0,2023-08-25
SHIP08914,CUST9300,Cosmetics,F,Ship,Bangalore-Chennai,3,3,3619.07,6,18.9,2557,6,8,0,2023-11-06
SHIP08915,CUST9663,Books,A,Flight,Kolkata-Delhi,3,4,3165.19,4,10.6,4129,10,14,0,2023-05-06
SHIP08916,CUST2363,Home & Garden,D,Road,Delhi-Mumbai,2,3,4354.07,6,23.1,1059,8,12,0,2023-06-18
SHIP08917,CUST2800,Cosmetics,A,Ship,Mumbai-Chennai,2,4,4167.58,2,57.9,6023,9,12,0,2023-03-21
SHIP08918,CUST5745,Fashion,B,Road,Kolkata-Delhi,3,5,3736.64,0,35.0,6793,4,5,0,2023-12-28
SHIP08919,CUST1584,Cosmetics,F,Ship,Bangalore-Chennai,5,3,3874.88,3,19.2,3778,10,12,0,2023-01-04
SHIP08920,CUST3905,Sporting Goods,D,Road,Kolkata-Delhi,4,2,2871.74,8,54.4,5289,4,6,0,2023-10-21
SHIP08921,CUST8240,Cosmetics,D,Ship,Kolkata-Delhi,4,2,4096.33,6,18.9,6923,7,8,0,2023-04-10
SHIP08922,CUST4483,Fashion,B,Ship,Mumbai-Chennai,5,2,4399.98,8,64.2,2787,3,7,0,2023-10-24
SHIP08923,CUST2470,Electronics,F,Road,Bangalore-Chennai,5,2,796.58,5,62.8,6212,5,5,1,2023-05-12
SHIP08924,CUST3683,Sporting Goods,C,Ship,Hyderabad-Pune,5,4,2200.07,4,31.7,5966,9,10,0,2023-07-15
SHIP08925,CUST6822,Sporting Goods,B,Ship,Delhi-Mumbai,4,5,2667.44,5,36.4,5591,7,9,0,2023-06-25
SHIP08926,CUST4495,Sporting Goods,A,Ship,Delhi-Mumbai,5,3,1465.29,2,12.8,4511,10,15,0,2023-03-03
SHIP08927,CUST9382,Electronics,C,Ship,Mumbai-Chennai,1,2,253.25,1,25.6,2397,8,9,0,2023-01-19
SHIP08928,CUST4691,Books,F,Ship,Delhi-Mumbai,6,5,3988.74,6,21.0,1780,8,7,1,2023-08-28
SHIP08929,CUST3394,Fashion,F,Flight,Delhi-Mumbai,6,4,3374.09,0,13.9,4556,8,12,0,2023-08-05
SHIP08930,CUST5354,Books,F,Road,Mumbai-Chennai,4,2,2746.55,6,23.8,1022,5,5,1,2023-12-12
SHIP08931,CUST9907,Home & Garden,A,Flight,Delhi-Bangalore,3,3,1892.09,2,23.5,2670,4,8,0,2023-09-23
SHIP08932,CUST3736,Sporting Goods,A,Road,Delhi-Bangalore,4,3,4729.83,4,6.3,1082,9,9,1,2023-12-27
SHIP08933,CUST9045,Fashion,C,Flight,Delhi-Bangalore,5,1,3860.44,4,15.5,6955,8,12,0,2023-09-29
SHIP08934,CUST6193,Books,D,Ship,Delhi-Bangalore,1,5,1086.95,2,48.6,1544,5,10,0,2023-07-21
SHIP08935,CUST5324,Electronics,B,Road,Delhi-Mumbai,3,1,2091.56,8,18.4,5712,8,12,0,2023-01-28
SHIP08936,CUST2634,Home & Garden,F,Road,Mumbai-Chennai,1,2,3006.08,4,56.1,6837,5,9,0,2024-01-01
SHIP08937,CUST7823,Sporting Goods,A,Road,Hyderabad-Pune,4,2,4353.29,4,0.6,6359,5,5,1,2023-07-28
SHIP08938,CUST7710,Home & Garden,C,Road,Delhi-Mumbai,7,5,1262.39,4,33.6,5297,5,8,0,2023-03-28
SHIP08939,CUST9300,Home & Garden,D,Road,Kolkata-Delhi,1,4,4332.77,2,29.0,5947,5,7,0,2023-02-28
SHIP08940,CUST5752,Electronics,A,Ship,Bangalore-Chennai,1,4,409.02,6,1.2,4549,10,11,0,2023-12-01
SHIP08941,CUST9594,Sporting Goods,C,Ship,Bangalore-Chennai,7,4,2907.77,4,10.1,2384,8,9,0,2023-10-02
SHIP08942,CUST4685,Home & Garden,A,Ship,Mumbai-Chennai,5,4,226.3,8,5.1,2789,4,7,0,2023-02-10
SHIP08943,CUST5831,Home & Garden,B,Flight,Bangalore-Chennai,7,4,433.66,6,42.2,1240,9,9,1,2023-12-10
SHIP08944,CUST1934,Electronics,F,Road,Bangalore-Chennai,2,5,4182.98,3,59.5,6792,10,10,1,2023-09-24
SHIP08945,CUST4055,Sporting Goods,F,Road,Delhi-Bangalore,2,2,4461.65,5,12.9,3149,7,11,0,2023-09-02
SHIP08946,CUST2428,Electronics,B,Ship,Delhi-Bangalore,3,4,3796.63,8,59.6,2676,6,9,0,2023-07-31
SHIP08947,CUST4547,Cosmetics,A,Road,Kolkata-Delhi,3,1,2023.54,1,8.2,3074,9,12,0,2023-05-22
SHIP08948,CUST6790,Home & Garden,A,Flight,Bangalore-Chennai,4,3,2505.04,2,52.6,3882,8,7,1,2023-01-01
SHIP08949,CUST7095,Books,D,Ship,Hyderabad-Pune,2,2,921.88,8,6.6,4970,4,5,0,2023-08-11
SHIP08950,CUST9147,Fashion,B,Ship,Hyderabad-Pune,1,2,966.43,2,19.7,2284,6,6,1,2023-08-08
SHIP08951,CUST2935,Electronics,A,Ship,Bangalore-Chennai,4,1,3469.71,1,29.8,4951,10,9,1,2023-10-06
SHIP08952,CUST4762,Books,D,Road,Kolkata-Delhi,7,1,749.41,8,47.2,5807,8,12,0,2023-11-24
SHIP08953,CUST8899,Books,D,Flight,Mumbai-Chennai,7,1,3589.79,6,61.3,5054,10,12,0,2023-09-05
SHIP08954,CUST7070,Fashion,D,Flight,Mumbai-Chennai,1,2,1990.95,5,12.7,2495,8,12,0,2023-04-30
SHIP08955,CUST5282,Home & Garden,D,Ship,Delhi-Mumbai,7,4,4278.48,7,42.2,1454,7,7,1,2023-10-14
SHIP08956,CUST5113,Sporting Goods,B,Ship,Bangalore-Chennai,3,5,4866.75,3,52.7,4663,6,9,0,2023-06-28
SHIP08957,CUST2646,Electronics,B,Flight,Delhi-Bangalore,5,2,2899.91,1,56.9,4134,3,6,0,2023-03-24
SHIP08958,CUST1727,Fashion,F,Ship,Bangalore-Chennai,3,2,4816.44,0,63.1,4301,5,7,0,2023-07-28
SHIP08959,CUST9089,Cosmetics,F,Ship,Kolkata-Delhi,1,2,3440.0,1,16.7,3966,6,9,0,2023-02-03
SHIP08960,CUST2435,Cosmetics,F,Flight,Kolkata-Delhi,6,5,1961.39,1,63.7,2873,4,7,0,2023-11-24
SHIP08961,CUST6813,Cosmetics,B,Road,Delhi-Bangalore,6,5,2973.51,2,15.6,4971,5,10,0,2023-12-25
SHIP08962,CUST7444,Electronics,B,Road,Bangalore-Chennai,7,3,3021.79,5,36.0,5725,4,8,0,2023-01-21
SHIP08963,CUST8942,Fashion,B,Ship,Hyderabad-Pune,5,5,4488.85,7,5.2,3048,4,7,0,2023-01-16
SHIP08964,CUST7782,Cosmetics,A,Flight,Delhi-Mumbai,7,2,1429.89,0,21.9,5118,7,11,0,2023-12-18
SHIP08965,CUST5175,Cosmetics,C,Ship,Delhi-Bangalore,6,1,1966.08,5,16.7,6611,10,12,0,2023-01-14
SHIP08966,CUST7157,Electronics,F,Flight,Hyderabad-Pune,3,2,3914.3,5,58.1,2493,9,9,1,2023-10-18
SHIP08967,CUST8473,Sporting Goods,C,Ship,Delhi-Bangalore,3,5,116.89,7,60.4,1371,4,5,0,2023-03-26
SHIP08968,CUST5204,Electronics,D,Ship,Kolkata-Delhi,2,5,4248.75,5,13.9,6691,10,10,1,2023-09-19
SHIP08969,CUST9350,Electronics,A,Flight,Kolkata-Delhi,6,1,2439.95,7,6.5,4215,5,6,0,2023-04-09
SHIP08970,CUST7803,Books,D,Ship,Mumbai-Chennai,2,5,3179.75,3,59.1,3391,9,8,1,2023-08-17
SHIP08971,CUST6335,Sporting Goods,A,Flight,Hyderabad-Pune,5,3,2554.11,5,16.8,6152,9,11,0,2023-07-26
SHIP08972,CUST3483,Books,C,Ship,Delhi-Mumbai,3,1,3457.66,1,63.0,3292,7,10,0,2023-08-21
SHIP08973,CUST8354,Home & Garden,F,Flight,Hyderabad-Pune,4,4,777.15,3,31.0,1576,10,13,0,2023-10-13
SHIP08974,CUST2652,Electronics,C,Ship,Hyderabad-Pune,7,3,359.84,3,21.1,6734,4,5,0,2023-02-03
SHIP08975,CUST8777,Sporting Goods,D,Road,Hyderabad-Pune,4,5,3627.02,6,33.2,6083,3,7,0,2023-09-16
SHIP08976,CUST6704,Home & Garden,C,Flight,Delhi-Mumbai,6,3,4689.52,3,12.7,2605,8,8,1,2023-11-18
SHIP08977,CUST7839,Cosmetics,D,Ship,Kolkata-Delhi,5,2,2222.49,8,48.9,6046,3,6,0,2023-04-07
SHIP08978,CUST7605,Books,F,Road,Bangalore-Chennai,6,2,1566.56,1,26.5,4658,7,6,1,2023-04-09
SHIP08979,CUST4310,Books,A,Ship,Bangalore-Chennai,1,5,2087.29,7,4.2,3159,6,10,0,2023-01-18
SHIP08980,CUST4734,Fashion,D,Ship,Hyderabad-Pune,3,1,484.88,2,16.0,2634,8,8,1,2023-08-16
SHIP08981,CUST4441,Home & Garden,C,Ship,Kolkata-Delhi,1,4,859.61,4,57.2,6927,7,10,0,2023-12-26
SHIP08982,CUST7572,Books,C,Ship,Delhi-Bangalore,2,5,172.32,2,38.8,4280,6,10,0,2023-05-06
SHIP08983,CUST5946,Cosmetics,B,Ship,Delhi-Bangalore,5,2,1994.18,2,7.1,4399,8,12,0,2023-02-16
SHIP08984,CUST6219,Books,D,Ship,Hyderabad-Pune,7,1,4084.55,3,41.5,6978,8,11,0,2023-07-09
SHIP08985,CUST7716,Home & Garden,C,Ship,Mumbai-Chennai,1,1,1762.3,7,54.7,6737,7,10,0,2023-03-20
SHIP08986,CUST8868,Sporting Goods,C,Ship,Kolkata-Delhi,1,4,3150.48,1,61.1,2361,8,10,0,2023-04-20
SHIP08987,CUST9344,Fashion,B,Road,Delhi-Mumbai,4,4,1054.31,8,17.4,4401,10,9,1,2023-12-17
SHIP08988,CUST6902,Cosmetics,D,Ship,Delhi-Mumbai,5,5,4830.75,7,36.1,6555,10,12,0,2023-12-21
SHIP08989,CUST7114,Electronics,C,Road,Hyderabad-Pune,7,2,1808.79,3,39.9,1859,9,10,0,2023-02-07
SHIP08990,CUST8329,Cosmetics,D,Road,Kolkata-Delhi,5,3,1776.85,4,52.7,6247,4,9,0,2023-05-24
SHIP08991,CUST3210,Books,B,Ship,Mumbai-Chennai,3,3,3994.74,3,35.0,3501,5,7,0,2023-08-28
SHIP08992,CUST2444,Cosmetics,B,Flight,Mumbai-Chennai,4,1,4828.75,2,37.8,6101,10,11,0,2023-12-08
SHIP08993,CUST9927,Books,A,Flight,Hyderabad-Pune,3,2,3062.1,4,31.3,5853,6,6,1,2023-10-02
SHIP08994,CUST3040,Cosmetics,D,Road,Bangalore-Chennai,3,1,1732.34,7,2.7,1247,9,8,1,2023-05-27
SHIP08995,CUST7372,Books,B,Flight,Hyderabad-Pune,3,3,208.2,4,20.0,1072,3,5,0,2023-11-12
SHIP08996,CUST9104,Fashion,B,Ship,Delhi-Mumbai,4,4,1770.55,8,30.4,4324,4,8,0,2023-08-09
SHIP08997,CUST6600,Sporting Goods,A,Road,Mumbai-Chennai,5,4,2048.67,8,18.5,2286,7,11,0,2023-07-26
SHIP08998,CUST7298,Fashion,B,Flight,Mumbai-Chennai,4,1,2311.3,5,36.7,6738,10,9,1,2023-07-09
SHIP08999,CUST6244,Cosmetics,F,Road,Delhi-Mumbai,4,4,3389.07,2,21.6,5681,6,7,0,2023-03-08
SHIP09000,CUST2413,Home & Garden,B,Ship,Hyderabad-Pune,6,4,1991.83,3,19.8,4985,8,11,0,2023-03-16
SHIP09001,CUST3336,Cosmetics,F,Flight,Hyderabad-Pune,6,2,1840.79,1,40.1,6629,7,12,0,2023-12-27
SHIP09002,CUST8601,Sporting Goods,D,Ship,Hyderabad-Pune,1,3,4478.66,8,63.6,1563,9,13,0,2023-04-04
SHIP09003,CUST6218,Cosmetics,B,Flight,Mumbai-Chennai,3,2,4228.75,5,4.7,1884,7,9,0,2023-06-05
SHIP09004,CUST2833,Electronics,A,Flight,Delhi-Mumbai,4,2,488.68,3,4.7,2615,3,2,1,2023-01-07
SHIP09005,CUST8498,Cosmetics,D,Ship,Delhi-Mumbai,6,2,1202.3,2,59.2,3123,8,13,0,2023-08-02
SHIP09006,CUST1149,Fashion,F,Flight,Bangalore-Chennai,7,4,4850.17,3,9.9,4362,5,8,0,2023-08-15
SHIP09007,CUST3369,Home & Garden,D,Ship,Delhi-Bangalore,6,5,4455.38,6,21.7,3770,5,4,1,2023-07-09
SHIP09008,CUST8961,Fashion,F,Ship,Kolkata-Delhi,6,1,1825.38,1,25.0,4460,6,11,0,2023-11-30
SHIP09009,CUST3081,Sporting Goods,C,Road,Mumbai-Chennai,7,1,887.9,4,2.4,2242,9,8,1,2023-12-18
SHIP09010,CUST1546,Home & Garden,B,Flight,Bangalore-Chennai,1,3,3071.0,4,26.6,3179,5,10,0,2023-05-16
SHIP09011,CUST6376,Fashion,D,Flight,Hyderabad-Pune,3,2,1925.6,5,28.0,5191,10,11,0,2023-04-28
SHIP09012,CUST1044,Cosmetics,A,Ship,Kolkata-Delhi,4,2,3979.45,6,59.6,4102,7,9,0,2023-12-17
SHIP09013,CUST2062,Home & Garden,A,Flight,Hyderabad-Pune,3,4,810.18,4,57.7,2479,4,7,0,2023-12-03
SHIP09014,CUST6449,Books,B,Ship,Delhi-Mumbai,1,5,2796.99,6,12.3,4586,8,11,0,2023-07-05
SHIP09015,CUST1540,Home & Garden,F,Road,Mumbai-Chennai,3,3,3840.19,6,2.0,1561,9,14,0,2023-01-15
SHIP09016,CUST5544,Sporting Goods,B,Road,Delhi-Bangalore,2,2,3545.81,7,62.2,1772,4,6,0,2023-12-28
SHIP09017,CUST6804,Home & Garden,D,Ship,Kolkata-Delhi,3,5,1581.17,7,3.2,5738,8,11,0,2023-06-27
SHIP09018,CUST2713,Electronics,A,Road,Delhi-Mumbai,6,5,160.37,4,13.0,5084,10,13,0,2023-10-09
SHIP09019,CUST8346,Sporting Goods,D,Ship,Hyderabad-Pune,6,2,3257.32,7,18.7,4941,3,5,0,2023-02-07
SHIP09020,CUST7462,Cosmetics,D,Ship,Delhi-Mumbai,6,4,2975.03,6,7.5,6781,6,10,0,2023-04-24
SHIP09021,CUST8786,Books,A,Flight,Kolkata-Delhi,1,5,2351.05,8,51.3,1373,10,12,0,2023-07-12
SHIP09022,CUST9412,Fashion,D,Flight,Hyderabad-Pune,4,3,1574.47,6,5.5,6538,4,6,0,2023-10-01
SHIP09023,CUST9105,Sporting Goods,B,Flight,Bangalore-Chennai,4,4,4806.08,4,33.8,5347,3,3,1,2023-03-28
SHIP09024,CUST9354,Home & Garden,A,Ship,Kolkata-Delhi,2,4,4463.19,2,5.0,5026,8,7,1,2023-10-06
SHIP09025,CUST2647,Electronics,D,Flight,Delhi-Bangalore,7,3,4908.8,5,51.7,2903,9,12,0,2023-04-14
SHIP09026,CUST5201,Cosmetics,F,Road,Mumbai-Chennai,3,1,3543.55,3,15.8,4715,9,12,0,2023-04-17
SHIP09027,CUST2669,Books,B,Flight,Kolkata-Delhi,1,1,4379.97,5,11.9,6131,3,3,1,2023-07-17
SHIP09028,CUST1173,Cosmetics,B,Road,Kolkata-Delhi,1,1,4657.61,3,49.8,2934,6,5,1,2023-11-04
SHIP09029,CUST4903,Cosmetics,B,Flight,Delhi-Mumbai,1,1,2778.21,1,39.4,4478,7,10,0,2023-01-12
SHIP09030,CUST1205,Books,F,Ship,Bangalore-Chennai,5,3,3473.96,8,23.9,5234,5,5,1,2023-07-29
SHIP09031,CUST7363,Cosmetics,D,Flight,Hyderabad-Pune,6,3,642.95,4,48.7,5591,9,14,0,2023-08-19
SHIP09032,CUST9761,Fashion,D,Road,Delhi-Bangalore,2,2,2344.56,6,44.2,5501,8,13,0,2023-11-16
SHIP09033,CUST7650,Sporting Goods,F,Flight,Delhi-Bangalore,1,5,3683.19,4,25.0,1523,6,6,1,2023-12-19
SHIP09034,CUST1157,Books,F,Ship,Mumbai-Chennai,6,4,925.39,6,39.7,4777,3,5,0,2023-06-24
SHIP09035,CUST7876,Home & Garden,F,Road,Hyderabad-Pune,4,1,1318.8,3,22.6,2649,10,11,0,2023-06-19
SHIP09036,CUST8277,Sporting Goods,C,Ship,Delhi-Bangalore,2,4,3000.46,7,60.5,1763,7,10,0,2023-04-22
SHIP09037,CUST7050,Electronics,B,Ship,Mumbai-Chennai,4,1,2511.99,7,9.6,4379,10,15,0,2023-05-25
SHIP09038,CUST7423,Home & Garden,D,Ship,Delhi-Bangalore,7,1,1769.45,6,54.8,1913,9,12,0,2023-02-19
SHIP09039,CUST9224,Books,A,Road,Delhi-Bangalore,4,3,3902.02,3,48.0,1471,8,11,0,2023-10-28
SHIP09040,CUST4407,Electronics,A,Ship,Delhi-Bangalore,4,3,1073.49,1,31.5,6384,6,10,0,2023-12-03
SHIP09041,CUST3357,Books,C,Ship,Delhi-Bangalore,2,5,2872.93,1,62.9,6468,8,12,0,2023-09-30
SHIP09042,CUST1075,Fashion,C,Ship,Delhi-Mumbai,4,3,4127.61,4,28.3,5387,7,12,0,2023-01-27
SHIP09043,CUST9639,Home & Garden,B,Flight,Kolkata-Delhi,2,4,3568.59,7,48.8,2931,4,7,0,2023-07-27
SHIP09044,CUST3752,Sporting Goods,C,Ship,Hyderabad-Pune,6,4,1804.97,8,24.6,1928,3,8,0,2023-07-01
SHIP09045,CUST5743,Cosmetics,B,Ship,Delhi-Bangalore,2,5,2708.45,7,64.9,4461,3,3,1,2023-12-11
SHIP09046,CUST9452,Electronics,D,Road,Delhi-Bangalore,1,2,823.01,5,61.1,1615,6,9,0,2023-11-15
SHIP09047,CUST2999,Home & Garden,F,Road,Delhi-Bangalore,1,4,4454.88,3,47.1,5420,10,9,1,2023-10-19
SHIP09048,CUST1397,Cosmetics,F,Ship,Bangalore-Chennai,1,5,3199.26,4,48.6,3672,3,6,0,2023-07-03
SHIP09049,CUST2541,Sporting Goods,D,Road,Delhi-Bangalore,5,1,3391.64,2,7.9,2337,10,10,1,2023-03-15
SHIP09050,CUST6215,Sporting Goods,B,Road,Delhi-Bangalore,4,5,590.86,5,36.4,4524,8,7,1,2023-09-25
SHIP09051,CUST3945,Cosmetics,B,Ship,Bangalore-Chennai,4,5,4900.25,2,58.8,1362,10,13,0,2023-05-20
SHIP09052,CUST3748,Electronics,F,Ship,Mumbai-Chennai,7,5,1187.76,7,13.5,1398,10,11,0,2023-04-24
SHIP09053,CUST4819,Home & Garden,D,Flight,Bangalore-Chennai,4,3,1120.11,6,58.8,4024,4,8,0,2023-04-12
SHIP09054,CUST6617,Books,B,Road,Delhi-Mumbai,3,1,1411.41,5,32.9,3315,5,9,0,2023-01-25
SHIP09055,CUST3613,Sporting Goods,F,Road,Delhi-Bangalore,1,3,2961.96,7,23.4,5832,10,9,1,2023-10-22
SHIP09056,CUST2076,Fashion,A,Ship,Hyderabad-Pune,4,5,2774.73,2,51.7,1327,8,13,0,2023-11-18
SHIP09057,CUST3650,Electronics,A,Ship,Delhi-Mumbai,3,1,2527.6,0,5.6,3803,5,6,0,2023-05-30
SHIP09058,CUST5138,Books,A,Ship,Delhi-Mumbai,6,5,1447.48,0,13.0,5156,9,8,1,2023-07-26
SHIP09059,CUST3065,Cosmetics,D,Road,Delhi-Mumbai,1,5,1486.11,6,35.1,3067,5,4,1,2023-05-26
SHIP09060,CUST7278,Sporting Goods,B,Road,Delhi-Mumbai,1,5,1553.88,6,22.4,6563,5,6,0,2023-02-25
SHIP09061,CUST3991,Fashion,B,Flight,Bangalore-Chennai,7,3,4525.18,5,55.5,1706,7,11,0,2023-12-31
SHIP09062,CUST5837,Home & Garden,C,Ship,Delhi-Bangalore,4,2,2062.65,8,55.6,2167,4,4,1,2023-06-23
SHIP09063,CUST4295,Home & Garden,F,Road,Bangalore-Chennai,5,3,648.0,1,29.6,1541,7,11,0,2023-10-10
SHIP09064,CUST8340,Fashion,D,Flight,Bangalore-Chennai,4,5,1029.38,2,61.7,1854,4,5,0,2023-08-10
SHIP09065,CUST5065,Home & Garden,F,Flight,Bangalore-Chennai,1,5,1454.4,3,56.5,4106,10,15,0,2023-09-06
SHIP09066,CUST7655,Electronics,A,Flight,Mumbai-Chennai,1,5,1965.07,6,27.5,2256,7,9,0,2023-07-14
SHIP09067,CUST3072,Sporting Goods,D,Road,Delhi-Mumbai,3,1,3581.3,4,12.5,5943,6,7,0,2023-08-01
SHIP09068,CUST7814,Books,A,Ship,Hyderabad-Pune,2,5,495.08,6,8.0,5431,4,6,0,2023-08-18
SHIP09069,CUST7836,Books,C,Road,Mumbai-Chennai,3,3,505.1,2,52.8,2651,9,8,1,2023-01-19
SHIP09070,CUST1895,Home & Garden,B,Road,Delhi-Mumbai,3,1,4696.12,0,6.5,3549,4,9,0,2023-03-10
SHIP09071,CUST7975,Electronics,B,Road,Hyderabad-Pune,1,2,785.35,4,40.7,5267,6,9,0,2023-04-22
SHIP09072,CUST1042,Home & Garden,D,Road,Delhi-Bangalore,4,3,2346.71,3,17.2,2656,3,5,0,2023-04-22
SHIP09073,CUST1120,Home & Garden,C,Ship,Delhi-Mumbai,3,1,1103.64,3,63.3,5889,8,10,0,2023-07-30
SHIP09074,CUST4116,Fashion,F,Road,Mumbai-Chennai,1,5,1576.9,5,61.6,2760,7,12,0,2023-12-20
SHIP09075,CUST8523,Home & Garden,C,Ship,Mumbai-Chennai,6,5,2850.73,5,50.1,4641,10,13,0,2023-01-30
SHIP09076,CUST8598,Sporting Goods,F,Road,Bangalore-Chennai,3,1,1547.75,6,9.5,2398,6,11,0,2023-02-11
SHIP09077,CUST7632,Home & Garden,A,Flight,Delhi-Mumbai,4,4,386.2,3,3.9,4180,5,8,0,2023-07-18
SHIP09078,CUST4108,Electronics,C,Road,Delhi-Bangalore,1,1,779.4,6,53.2,5350,6,8,0,2023-01-09
SHIP09079,CUST3738,Books,D,Road,Kolkata-Delhi,3,4,3006.3,6,0.4,2583,4,7,0,2023-10-21
SHIP09080,CUST2466,Home & Garden,B,Ship,Mumbai-Chennai,5,3,1942.67,6,61.7,6607,5,4,1,2023-10-18
SHIP09081,CUST6122,Home & Garden,B,Ship,Hyderabad-Pune,6,2,981.21,6,16.6,6812,5,5,1,2023-09-28
SHIP09082,CUST4325,Sporting Goods,C,Flight,Kolkata-Delhi,5,3,3967.51,0,32.9,1893,4,5,0,2023-02-20
SHIP09083,CUST7299,Books,A,Flight,Mumbai-Chennai,2,5,265.95,3,52.9,4593,7,11,0,2023-04-26
SHIP09084,CUST1407,Sporting Goods,B,Flight,Delhi-Mumbai,1,2,3809.88,8,16.1,1502,7,7,1,2023-07-04
SHIP09085,CUST9873,Sporting Goods,C,Flight,Delhi-Bangalore,3,5,3149.06,4,17.2,3456,7,11,0,2023-01-26
SHIP09086,CUST4312,Electronics,F,Ship,Mumbai-Chennai,3,5,3455.25,8,5.3,5143,8,13,0,2023-06-16
SHIP09087,CUST5161,Books,C,Road,Mumbai-Chennai,7,5,222.35,0,30.2,4899,8,8,1,2023-06-08
SHIP09088,CUST2209,Cosmetics,F,Flight,Delhi-Mumbai,6,5,1610.25,1,6.6,3435,7,10,0,2023-06-29
SHIP09089,CUST8798,Home & Garden,A,Flight,Delhi-Bangalore,2,3,2261.47,2,23.3,1619,7,11,0,2023-01-28
SHIP09090,CUST1171,Electronics,B,Road,Bangalore-Chennai,4,3,964.84,4,49.9,3638,6,11,0,2023-01-10
SHIP09091,CUST8374,Home & Garden,B,Ship,Kolkata-Delhi,7,2,1199.41,7,46.6,1529,8,11,0,2023-03-17
SHIP09092,CUST2943,Sporting Goods,F,Road,Bangalore-Chennai,2,4,3097.56,8,45.0,1817,5,7,0,2023-06-13
SHIP09093,CUST6184,Sporting Goods,D,Flight,Hyderabad-Pune,3,4,465.18,1,2.8,1106,9,14,0,2023-04-17
SHIP09094,CUST3290,Sporting Goods,C,Road,Kolkata-Delhi,7,5,1277.06,7,17.9,5386,4,3,1,2023-03-17
SHIP09095,CUST8436,Cosmetics,F,Ship,Delhi-Mumbai,2,2,4319.57,4,31.0,1745,6,8,0,2023-12-09
SHIP09096,CUST7580,Home & Garden,F,Flight,Delhi-Mumbai,5,5,997.26,3,21.8,1934,10,10,1,2023-06-13
SHIP09097,CUST3665,Home & Garden,D,Flight,Delhi-Bangalore,3,4,1662.8,8,39.0,1736,9,11,0,2023-01-26
SHIP09098,CUST9066,Fashion,B,Road,Kolkata-Delhi,1,5,1190.98,3,20.5,5308,9,8,1,2023-11-05
SHIP09099,CUST8682,Cosmetics,F,Ship,Kolkata-Delhi,3,5,2298.68,0,25.1,2437,3,6,0,2023-10-01
SHIP09100,CUST2720,Fashion,C,Road,Bangalore-Chennai,2,2,3606.93,3,46.3,2140,10,13,0,2023-08-11
SHIP09101,CUST7178,Electronics,C,Road,Delhi-Mumbai,1,4,2057.35,4,61.3,6455,4,3,1,2023-02-21
SHIP09102,CUST4308,Electronics,F,Flight,Mumbai-Chennai,1,1,4629.74,0,6.9,4561,5,7,0,2023-07-24
SHIP09103,CUST2571,Cosmetics,F,Flight,Hyderabad-Pune,2,2,2979.35,1,17.9,4469,7,8,0,2023-09-26
SHIP09104,CUST4328,Books,A,Flight,Bangalore-Chennai,2,3,4644.21,3,59.2,1181,4,9,0,2023-03-20
SHIP09105,CUST8827,Cosmetics,B,Ship,Delhi-Bangalore,4,3,219.25,7,61.4,3694,6,9,0,2023-10-25
SHIP09106,CUST4757,Electronics,B,Ship,Mumbai-Chennai,3,3,4782.25,1,8.0,5706,7,6,1,2023-08-02
SHIP09107,CUST4515,Electronics,D,Road,Delhi-Bangalore,6,4,4728.98,0,25.2,4003,10,10,1,2023-08-01
SHIP09108,CUST5855,Sporting Goods,D,Ship,Hyderabad-Pune,4,2,2180.75,0,10.3,1771,8,13,0,2023-03-03
SHIP09109,CUST7529,Cosmetics,B,Flight,Delhi-Bangalore,6,5,4648.79,1,47.6,4639,6,11,0,2023-10-13
SHIP09110,CUST5688,Home & Garden,A,Road,Delhi-Bangalore,7,4,3545.12,4,50.3,1444,3,8,0,2024-01-01
SHIP09111,CUST8834,Cosmetics,B,Ship,Bangalore-Chennai,3,4,4142.19,4,62.1,5888,6,11,0,2023-05-10
SHIP09112,CUST2098,Cosmetics,F,Flight,Mumbai-Chennai,1,2,2838.32,2,42.9,3596,6,6,1,2023-04-24
SHIP09113,CUST1144,Books,A,Road,Kolkata-Delhi,4,4,3510.25,3,58.1,6094,5,7,0,2023-01-30
SHIP09114,CUST9478,Sporting Goods,B,Flight,Hyderabad-Pune,3,1,4350.39,1,44.5,1124,7,11,0,2023-12-10
SHIP09115,CUST3047,Electronics,A,Road,Mumbai-Chennai,5,2,330.33,7,33.1,2894,9,12,0,2023-12-02
SHIP09116,CUST3864,Sporting Goods,F,Road,Mumbai-Chennai,6,4,2451.67,4,34.9,2749,3,2,1,2023-07-27
SHIP09117,CUST6779,Books,C,Road,Bangalore-Chennai,3,5,3915.67,2,47.4,1980,3,8,0,2023-08-25
SHIP09118,CUST1295,Home & Garden,B,Flight,Delhi-Mumbai,6,3,2733.58,0,46.3,4632,6,9,0,2023-08-27
SHIP09119,CUST3535,Fashion,C,Road,Hyderabad-Pune,1,3,3450.3,2,47.1,4334,10,10,1,2023-12-13
SHIP09120,CUST3256,Electronics,C,Flight,Delhi-Bangalore,1,3,3611.74,7,41.7,1240,8,7,1,2023-02-08
SHIP09121,CUST1285,Electronics,C,Flight,Bangalore-Chennai,3,3,2219.44,7,35.9,6119,6,11,0,2023-04-30
SHIP09122,CUST7480,Home & Garden,A,Ship,Bangalore-Chennai,1,2,4810.67,2,28.5,4105,10,11,0,2023-05-30
SHIP09123,CUST6623,Sporting Goods,F,Road,Mumbai-Chennai,2,2,3461.86,0,27.0,5537,6,9,0,2023-08-19
SHIP09124,CUST1665,Sporting Goods,C,Ship,Mumbai-Chennai,5,4,4925.95,7,13.5,3546,7,9,0,2023-11-01
SHIP09125,CUST2897,Fashion,A,Road,Delhi-Bangalore,1,1,2957.93,1,18.1,1587,8,13,0,2023-11-15
SHIP09126,CUST9839,Cosmetics,C,Road,Bangalore-Chennai,4,3,3691.17,2,9.7,1342,9,13,0,2023-11-27
SHIP09127,CUST5310,Home & Garden,A,Flight,Hyderabad-Pune,6,4,1423.42,7,57.5,6368,3,7,0,2023-10-07
SHIP09128,CUST3646,Sporting Goods,A,Flight,Mumbai-Chennai,3,5,2437.56,8,39.5,2447,9,11,0,2023-08-31
SHIP09129,CUST8907,Fashion,D,Flight,Bangalore-Chennai,7,4,2334.04,8,17.7,5062,7,11,0,2023-08-08
SHIP09130,CUST9455,Fashion,C,Flight,Delhi-Bangalore,1,4,1736.07,7,2.1,6176,8,7,1,2023-09-14
SHIP09131,CUST9983,Books,B,Ship,Kolkata-Delhi,2,2,1285.71,1,46.1,3738,6,5,1,2023-02-02
SHIP09132,CUST2844,Fashion,C,Road,Delhi-Bangalore,4,4,4654.7,7,42.9,4558,8,13,0,2023-11-26
SHIP09133,CUST1131,Cosmetics,A,Road,Kolkata-Delhi,2,5,4177.75,6,18.1,5006,7,6,1,2023-09-02
SHIP09134,CUST4966,Cosmetics,D,Flight,Delhi-Mumbai,2,3,301.78,5,2.9,2176,5,9,0,2023-10-18
SHIP09135,CUST2253,Sporting Goods,D,Ship,Delhi-Bangalore,5,5,1967.57,6,63.8,5292,9,10,0,2023-12-17
SHIP09136,CUST3772,Electronics,D,Road,Mumbai-Chennai,2,2,3957.61,1,36.2,5512,9,8,1,2023-06-26
SHIP09137,CUST7586,Cosmetics,F,Ship,Hyderabad-Pune,4,3,4146.11,8,26.3,2982,4,8,0,2023-03-01
SHIP09138,CUST4178,Home & Garden,F,Flight,Bangalore-Chennai,2,4,4414.28,0,33.2,6874,6,6,1,2023-03-19
SHIP09139,CUST8974,Electronics,F,Ship,Mumbai-Chennai,7,2,3094.34,6,60.8,2494,6,7,0,2023-12-14
SHIP09140,CUST5252,Sporting Goods,B,Flight,Delhi-Bangalore,2,2,314.27,6,32.5,2152,3,8,0,2023-05-07
SHIP09141,CUST3029,Electronics,B,Ship,Delhi-Mumbai,1,2,3437.55,8,58.5,5103,4,8,0,2023-12-31
SHIP09142,CUST4222,Cosmetics,C,Road,Delhi-Mumbai,2,2,3768.72,4,3.1,6639,9,12,0,2023-02-04
SHIP09143,CUST9297,Fashion,C,Flight,Hyderabad-Pune,1,1,332.74,2,27.3,6937,5,5,1,2023-01-31
SHIP09144,CUST3076,Cosmetics,D,Road,Mumbai-Chennai,6,2,2079.96,4,34.4,4603,6,11,0,2023-02-15
SHIP09145,CUST7490,Electronics,B,Road,Kolkata-Delhi,3,5,3074.12,7,56.1,1355,7,10,0,2023-07-06
SHIP09146,CUST6194,Home & Garden,C,Ship,Delhi-Mumbai,7,1,655.71,3,35.5,5977,9,11,0,2023-04-08
SHIP09147,CUST7791,Electronics,A,Road,Delhi-Mumbai,5,5,1094.37,1,59.7,2777,5,4,1,2023-05-23
SHIP09148,CUST4722,Electronics,C,Ship,Delhi-Mumbai,4,1,111.18,4,40.8,2643,7,7,1,2023-12-03
SHIP09149,CUST2821,Books,B,Ship,Delhi-Mumbai,3,5,2385.36,3,22.8,3312,5,5,1,2023-12-05
SHIP09150,CUST8361,Books,C,Ship,Delhi-Mumbai,6,3,603.93,1,19.3,2743,9,9,1,2023-07-11
SHIP09151,CUST9211,Fashion,C,Ship,Mumbai-Chennai,7,3,194.2,3,22.2,2769,8,10,0,2023-03-18
SHIP09152,CUST5649,Books,C,Ship,Kolkata-Delhi,3,5,2738.09,7,27.0,3179,3,7,0,2023-03-03
SHIP09153,CUST8441,Books,F,Road,Delhi-Mumbai,4,2,1929.81,1,18.9,5920,9,12,0,2023-05-22
SHIP09154,CUST2234,Sporting Goods,C,Road,Hyderabad-Pune,5,2,1359.7,1,4.8,1186,6,10,0,2023-01-15
SHIP09155,CUST9879,Sporting Goods,B,Flight,Delhi-Mumbai,6,5,1657.45,3,14.6,4077,10,9,1,2023-03-10
SHIP09156,CUST5303,Sporting Goods,C,Ship,Hyderabad-Pune,2,3,1103.74,4,50.5,5385,7,8,0,2023-11-20
SHIP09157,CUST5241,Home & Garden,A,Road,Kolkata-Delhi,2,3,423.53,4,4.1,2210,4,7,0,2023-08-11
SHIP09158,CUST2558,Home & Garden,C,Ship,Delhi-Bangalore,2,1,4251.55,0,57.3,1887,10,12,0,2023-06-08
SHIP09159,CUST3195,Books,A,Flight,Delhi-Bangalore,1,1,169.33,1,47.9,4546,4,3,1,2023-10-27
SHIP09160,CUST9373,Home & Garden,C,Flight,Bangalore-Chennai,5,2,1601.58,7,33.4,5912,8,13,0,2023-08-05
SHIP09161,CUST8859,Cosmetics,D,Flight,Delhi-Bangalore,4,1,3568.43,6,29.2,5125,10,9,1,2023-04-03
SHIP09162,CUST7781,Sporting Goods,B,Flight,Delhi-Mumbai,4,5,2575.36,6,55.3,2503,8,8,1,2023-08-16
SHIP09163,CUST7696,Sporting Goods,B,Road,Kolkata-Delhi,4,3,1664.41,4,48.6,1222,3,5,0,2023-11-25
SHIP09164,CUST7809,Books,C,Road,Kolkata-Delhi,5,3,2059.0,8,26.3,5857,10,10,1,2023-04-24
SHIP09165,CUST1512,Sporting Goods,B,Ship,Mumbai-Chennai,1,1,2916.91,0,8.9,1639,4,4,1,2023-05-14
SHIP09166,CUST1610,Electronics,C,Road,Kolkata-Delhi,5,5,1248.89,8,54.5,1311,6,8,0,2023-12-13
SHIP09167,CUST1093,Sporting Goods,C,Ship,Hyderabad-Pune,4,2,386.79,7,48.8,4177,5,7,0,2023-06-04
SHIP09168,CUST1297,Sporting Goods,F,Road,Hyderabad-Pune,2,3,368.79,6,3.0,5918,8,13,0,2023-10-21
SHIP09169,CUST9178,Sporting Goods,B,Flight,Hyderabad-Pune,1,2,3525.16,7,49.2,5835,9,10,0,2023-07-26
SHIP09170,CUST8279,Home & Garden,C,Flight,Delhi-Bangalore,5,2,3477.47,5,32.5,1762,7,12,0,2023-02-21
SHIP09171,CUST8644,Home & Garden,A,Flight,Bangalore-Chennai,4,2,2696.15,2,9.2,3154,7,7,1,2023-04-22
SHIP09172,CUST6044,Sporting Goods,D,Flight,Delhi-Bangalore,7,2,4426.28,4,50.7,2204,10,13,0,2023-08-15
SHIP09173,CUST4952,Books,F,Road,Delhi-Bangalore,4,5,2199.48,1,61.9,1909,7,9,0,2023-06-05
SHIP09174,CUST4482,Home & Garden,C,Ship,Mumbai-Chennai,7,5,1816.7,2,26.3,6287,5,5,1,2023-05-28
SHIP09175,CUST5310,Cosmetics,F,Ship,Delhi-Bangalore,7,5,2548.72,1,12.9,1839,7,9,0,2023-10-31
SHIP09176,CUST2546,Fashion,C,Road,Hyderabad-Pune,1,4,2110.18,8,5.8,3414,4,6,0,2023-11-07
SHIP09177,CUST2193,Electronics,F,Flight,Mumbai-Chennai,3,3,391.27,7,17.7,3394,10,9,1,2023-09-09
SHIP09178,CUST2140,Sporting Goods,B,Road,Kolkata-Delhi,2,3,4210.22,6,9.8,4654,9,11,0,2023-11-10
SHIP09179,CUST7347,Cosmetics,F,Road,Delhi-Mumbai,7,1,3228.81,6,53.9,4410,9,9,1,2023-03-21
SHIP09180,CUST9851,Fashion,A,Ship,Kolkata-Delhi,6,3,625.69,4,57.0,2612,4,7,0,2023-12-08
SHIP09181,CUST9263,Cosmetics,B,Ship,Kolkata-Delhi,6,4,2755.97,7,0.5,1198,5,7,0,2023-01-14
SHIP09182,CUST1611,Sporting Goods,A,Flight,Bangalore-Chennai,2,4,265.43,0,23.8,3461,4,8,0,2023-12-21
SHIP09183,CUST6893,Electronics,F,Ship,Delhi-Bangalore,5,2,546.47,5,55.7,4463,6,9,0,2023-04-12
SHIP09184,CUST2669,Electronics,A,Ship,Delhi-Bangalore,1,3,1684.93,3,8.4,4873,5,9,0,2023-06-21
SHIP09185,CUST8722,Electronics,D,Ship,Mumbai-Chennai,7,3,3657.81,8,50.1,2455,3,7,0,2023-11-20
SHIP09186,CUST1677,Fashion,F,Ship,Hyderabad-Pune,3,1,3562.24,8,0.1,6595,6,6,1,2023-08-29
SHIP09187,CUST1189,Electronics,C,Road,Mumbai-Chennai,3,5,586.29,8,49.8,3673,10,15,0,2023-02-23
SHIP09188,CUST4515,Cosmetics,B,Ship,Bangalore-Chennai,6,3,139.48,2,52.6,3929,10,9,1,2024-01-01
SHIP09189,CUST7391,Home & Garden,A,Road,Bangalore-Chennai,6,2,4416.11,7,48.5,3740,7,9,0,2023-01-07
SHIP09190,CUST7100,Electronics,B,Flight,Kolkata-Delhi,1,2,2013.89,7,4.3,5142,5,4,1,2023-07-04
SHIP09191,CUST2191,Fashion,C,Ship,Delhi-Bangalore,1,4,1156.44,6,50.1,5439,7,10,0,2023-06-13
SHIP09192,CUST4216,Sporting Goods,D,Road,Delhi-Bangalore,7,1,3853.27,4,17.2,4078,6,10,0,2023-11-15
SHIP09193,CUST7191,Fashion,D,Road,Delhi-Mumbai,2,4,2546.44,2,21.1,5096,4,5,0,2023-07-10
SHIP09194,CUST3612,Sporting Goods,F,Flight,Kolkata-Delhi,1,5,1458.4,4,24.6,6979,4,9,0,2023-06-28
SHIP09195,CUST1116,Home & Garden,A,Road,Delhi-Bangalore,7,4,4729.8,3,25.2,1938,5,7,0,2023-06-20
SHIP09196,CUST2261,Cosmetics,D,Flight,Delhi-Mumbai,1,2,2691.16,0,51.9,4762,5,5,1,2023-01-22
SHIP09197,CUST3556,Electronics,B,Ship,Kolkata-Delhi,4,3,840.17,1,11.4,2205,10,10,1,2023-02-16
SHIP09198,CUST1320,Books,C,Ship,Delhi-Bangalore,6,1,966.69,4,25.7,4840,9,11,0,2023-05-06
SHIP09199,CUST8026,Cosmetics,A,Flight,Delhi-Mumbai,2,3,2193.03,6,26.3,6932,7,11,0,2023-07-26
SHIP09200,CUST3119,Fashion,F,Road,Mumbai-Chennai,6,1,1603.46,1,61.9,2373,8,9,0,2023-07-23
SHIP09201,CUST7239,Home & Garden,D,Ship,Delhi-Mumbai,5,5,3947.15,8,57.6,6469,5,7,0,2023-07-06
SHIP09202,CUST4221,Books,C,Road,Delhi-Mumbai,4,4,2568.01,6,17.9,6442,3,2,1,2023-04-15
SHIP09203,CUST2156,Fashion,C,Flight,Kolkata-Delhi,5,4,4531.12,7,4.6,3480,5,5,1,2023-06-29
SHIP09204,CUST8978,Fashion,A,Flight,Delhi-Mumbai,3,4,1429.26,6,38.9,4186,5,7,0,2023-11-04
SHIP09205,CUST6719,Books,B,Flight,Bangalore-Chennai,1,1,1643.1,3,35.5,1236,6,7,0,2023-06-03
SHIP09206,CUST2829,Cosmetics,B,Flight,Delhi-Mumbai,6,3,1785.48,1,8.3,3364,4,5,0,2023-06-26
SHIP09207,CUST7903,Home & Garden,B,Road,Hyderabad-Pune,2,1,2165.19,1,55.2,4508,5,10,0,2023-04-04
SHIP09208,CUST1091,Cosmetics,C,Ship,Bangalore-Chennai,3,1,2358.66,2,14.6,6361,3,8,0,2023-06-25
SHIP09209,CUST9923,Cosmetics,C,Road,Hyderabad-Pune,2,5,3710.08,3,47.9,6610,8,9,0,2023-03-26
SHIP09210,CUST1538,Cosmetics,A,Ship,Delhi-Bangalore,1,3,851.69,0,24.9,2808,7,11,0,2023-03-18
SHIP09211,CUST2272,Home & Garden,F,Flight,Hyderabad-Pune,4,1,3231.2,8,18.4,3873,3,3,1,2023-11-02
SHIP09212,CUST6129,Home & Garden,F,Road,Hyderabad-Pune,6,2,3765.87,1,28.1,3814,10,14,0,2023-01-20
SHIP09213,CUST6813,Cosmetics,A,Flight,Kolkata-Delhi,3,5,2355.7,4,48.2,2110,3,2,1,2023-05-27
SHIP09214,CUST5053,Sporting Goods,F,Road,Bangalore-Chennai,5,2,4370.76,5,0.9,1157,7,10,0,2023-04-03
SHIP09215,CUST5947,Cosmetics,B,Flight,Bangalore-Chennai,4,1,3466.55,5,55.8,5061,3,8,0,2023-01-06
SHIP09216,CUST1822,Cosmetics,D,Flight,Delhi-Mumbai,3,1,1441.3,1,27.1,2113,9,9,1,2023-03-23
SHIP09217,CUST3727,Fashion,C,Flight,Delhi-Bangalore,7,5,2622.34,1,43.8,3877,9,12,0,2023-03-07
SHIP09218,CUST8722,Books,D,Ship,Delhi-Mumbai,2,1,1347.44,6,10.8,5333,3,2,1,2023-08-29
SHIP09219,CUST4872,Cosmetics,C,Flight,Hyderabad-Pune,6,3,2107.98,6,8.9,1684,8,13,0,2023-08-22
SHIP09220,CUST1954,Fashion,C,Ship,Mumbai-Chennai,6,1,2169.32,2,44.2,2971,5,4,1,2023-09-24
SHIP09221,CUST7074,Sporting Goods,B,Ship,Hyderabad-Pune,1,5,218.97,4,25.5,6676,5,7,0,2023-02-21
SHIP09222,CUST8707,Sporting Goods,A,Ship,Delhi-Bangalore,1,3,2908.17,5,6.3,4778,3,3,1,2023-09-17
SHIP09223,CUST7347,Home & Garden,D,Road,Delhi-Mumbai,2,2,508.88,2,35.1,6523,10,11,0,2023-12-21
SHIP09224,CUST4737,Electronics,B,Ship,Mumbai-Chennai,7,5,3445.32,5,8.8,1397,5,8,0,2023-10-01
SHIP09225,CUST8562,Sporting Goods,D,Flight,Delhi-Mumbai,4,3,2794.59,0,33.0,5952,4,3,1,2023-10-31
SHIP09226,CUST7014,Sporting Goods,F,Road,Delhi-Bangalore,6,3,3237.04,1,28.3,2087,10,15,0,2023-05-01
SHIP09227,CUST5410,Electronics,C,Ship,Mumbai-Chennai,4,2,719.11,7,51.9,2183,4,4,1,2023-11-13
SHIP09228,CUST6978,Books,F,Road,Delhi-Mumbai,3,3,4425.23,0,42.2,3086,6,8,0,2023-08-16
SHIP09229,CUST8452,Sporting Goods,D,Flight,Kolkata-Delhi,4,1,4839.91,1,42.5,5117,4,9,0,2023-10-25
SHIP09230,CUST2124,Sporting Goods,C,Flight,Bangalore-Chennai,3,5,1609.26,2,47.7,6931,8,8,1,2023-10-06
SHIP09231,CUST5518,Books,B,Road,Kolkata-Delhi,7,1,4702.28,1,61.7,4035,9,14,0,2023-02-06
SHIP09232,CUST7030,Fashion,C,Road,Kolkata-Delhi,2,1,2520.96,1,51.3,5036,9,12,0,2023-11-29
SHIP09233,CUST9501,Fashion,A,Flight,Kolkata-Delhi,7,5,512.67,5,47.7,2122,7,6,1,2023-05-16
SHIP09234,CUST6116,Home & Garden,F,Ship,Delhi-Mumbai,2,5,3103.14,0,29.2,3342,9,8,1,2023-07-22
SHIP09235,CUST6962,Books,F,Flight,Delhi-Mumbai,3,4,4623.77,7,35.1,1728,7,9,0,2023-08-17
SHIP09236,CUST1017,Fashion,B,Ship,Delhi-Mumbai,3,2,482.97,5,41.2,2697,7,12,0,2023-08-10
SHIP09237,CUST8636,Books,D,Flight,Bangalore-Chennai,3,5,3336.92,1,44.1,4067,5,5,1,2023-01-06
SHIP09238,CUST3561,Cosmetics,C,Road,Delhi-Mumbai,6,1,2322.65,8,26.6,5241,10,14,0,2023-01-18
SHIP09239,CUST4085,Sporting Goods,F,Road,Delhi-Mumbai,4,4,4829.18,2,51.2,3074,10,13,0,2023-06-23
SHIP09240,CUST7726,Sporting Goods,C,Road,Delhi-Bangalore,5,2,1272.72,1,53.3,2393,4,7,0,2023-08-03
SHIP09241,CUST4507,Electronics,F,Flight,Mumbai-Chennai,6,3,3027.96,7,38.6,4217,6,7,0,2023-07-27
SHIP09242,CUST7594,Books,A,Flight,Delhi-Bangalore,2,5,558.43,8,43.4,2602,6,9,0,2023-01-22
SHIP09243,CUST9512,Books,B,Ship,Kolkata-Delhi,7,5,2657.63,3,4.5,5161,6,6,1,2023-06-05
SHIP09244,CUST9613,Fashion,B,Ship,Mumbai-Chennai,3,1,2626.63,3,55.4,3504,5,9,0,2023-12-13
SHIP09245,CUST9709,Cosmetics,F,Road,Bangalore-Chennai,4,5,1204.51,2,37.2,2182,10,11,0,2023-05-12
SHIP09246,CUST2974,Books,B,Road,Mumbai-Chennai,7,5,2816.44,4,50.7,5272,9,13,0,2023-09-09
SHIP09247,CUST4492,Home & Garden,B,Ship,Bangalore-Chennai,2,5,2990.46,6,56.9,1503,7,8,0,2023-03-31
SHIP09248,CUST1341,Home & Garden,B,Flight,Delhi-Mumbai,3,1,1898.21,2,21.4,4343,3,3,1,2023-08-01
SHIP09249,CUST5093,Electronics,C,Flight,Hyderabad-Pune,2,3,2545.63,0,27.9,4437,7,8,0,2023-08-21
SHIP09250,CUST1405,Fashion,D,Flight,Mumbai-Chennai,2,1,3467.04,1,49.8,5028,6,6,1,2023-01-16
SHIP09251,CUST6660,Sporting Goods,F,Ship,Hyderabad-Pune,2,1,4912.64,2,64.4,6888,3,6,0,2023-02-10
SHIP09252,CUST3765,Home & Garden,C,Ship,Delhi-Bangalore,2,2,3337.44,3,24.0,6174,10,9,1,2023-08-14
SHIP09253,CUST2084,Cosmetics,A,Ship,Mumbai-Chennai,2,2,378.71,0,23.6,6386,5,7,0,2023-10-21
SHIP09254,CUST1920,Fashion,B,Road,Bangalore-Chennai,7,3,3331.69,2,56.7,1037,9,9,1,2023-12-11
SHIP09255,CUST6453,Sporting Goods,D,Road,Bangalore-Chennai,7,4,2723.35,0,28.2,3571,4,3,1,2023-12-26
SHIP09256,CUST9312,Cosmetics,D,Ship,Mumbai-Chennai,2,2,4031.17,3,31.2,1300,5,8,0,2023-02-15
SHIP09257,CUST6868,Electronics,D,Ship,Bangalore-Chennai,4,4,2263.68,7,22.8,4011,6,6,1,2023-10-21
SHIP09258,CUST6109,Sporting Goods,B,Ship,Delhi-Mumbai,3,4,1036.61,3,63.9,2994,10,12,0,2023-01-01
SHIP09259,CUST8149,Fashion,D,Road,Hyderabad-Pune,1,4,4439.63,6,50.5,1944,4,4,1,2023-07-27
SHIP09260,CUST9221,Electronics,C,Road,Mumbai-Chennai,7,3,3364.58,4,47.9,3176,3,7,0,2023-08-05
SHIP09261,CUST4167,Cosmetics,D,Flight,Kolkata-Delhi,5,2,622.13,7,7.7,3862,8,12,0,2023-03-15
SHIP09262,CUST7972,Home & Garden,B,Flight,Bangalore-Chennai,3,3,4312.26,2,51.1,1090,4,6,0,2023-07-11
SHIP09263,CUST3698,Books,D,Ship,Hyderabad-Pune,6,5,3634.84,3,2.4,6941,4,9,0,2023-04-27
SHIP09264,CUST5731,Fashion,C,Flight,Bangalore-Chennai,4,4,580.15,7,1.4,3096,3,5,0,2023-02-11
SHIP09265,CUST7063,Sporting Goods,B,Flight,Bangalore-Chennai,3,4,364.42,6,1.8,2691,8,11,0,2023-08-03
SHIP09266,CUST3745,Electronics,B,Ship,Mumbai-Chennai,4,1,2763.03,7,18.1,5587,3,4,0,2023-09-27
SHIP09267,CUST2856,Sporting Goods,F,Flight,Mumbai-Chennai,6,4,1451.23,7,17.3,5716,6,7,0,2023-10-18
SHIP09268,CUST8391,Electronics,B,Ship,Hyderabad-Pune,1,5,2927.74,8,47.2,1974,5,7,0,2023-12-24
SHIP09269,CUST9424,Fashion,C,Ship,Mumbai-Chennai,1,1,322.45,5,35.7,5446,8,10,0,2023-02-08
SHIP09270,CUST8751,Fashion,C,Road,Delhi-Mumbai,7,4,4463.67,5,52.6,6416,5,10,0,2023-09-18
SHIP09271,CUST5778,Books,A,Road,Delhi-Bangalore,5,1,457.14,2,28.1,1124,9,11,0,2023-07-28
SHIP09272,CUST4462,Home & Garden,C,Ship,Hyderabad-Pune,7,2,893.57,5,4.5,3983,4,8,0,2023-09-16
SHIP09273,CUST1498,Books,C,Flight,Delhi-Bangalore,3,2,655.76,7,3.9,1863,3,3,1,2023-01-30
SHIP09274,CUST3146,Books,D,Road,Delhi-Mumbai,6,5,4251.5,2,33.4,1282,7,11,0,2023-02-26
SHIP09275,CUST3948,Electronics,B,Ship,Kolkata-Delhi,2,1,4912.69,3,16.4,3264,3,8,0,2023-07-19
SHIP09276,CUST1698,Fashion,F,Flight,Hyderabad-Pune,1,1,3328.7,2,64.7,4940,6,8,0,2023-03-18
SHIP09277,CUST8621,Fashion,A,Road,Mumbai-Chennai,1,3,2721.02,3,13.9,1523,9,10,0,2023-01-04
SHIP09278,CUST5149,Home & Garden,D,Road,Hyderabad-Pune,7,1,1066.0,0,6.7,1368,8,9,0,2023-02-14
SHIP09279,CUST7876,Sporting Goods,F,Road,Hyderabad-Pune,1,2,2104.69,7,1.8,2779,6,5,1,2023-09-28
SHIP09280,CUST8042,Fashion,B,Ship,Mumbai-Chennai,5,2,2223.3,6,10.1,2696,9,14,0,2023-02-16
SHIP09281,CUST9711,Electronics,B,Road,Delhi-Mumbai,5,3,4870.41,2,24.2,3581,10,11,0,2023-01-05
SHIP09282,CUST5806,Cosmetics,F,Road,Delhi-Mumbai,6,4,894.63,8,45.8,2457,9,14,0,2023-09-28
SHIP09283,CUST5135,Electronics,F,Road,Bangalore-Chennai,4,3,1950.78,2,58.8,3780,10,15,0,2023-03-26
SHIP09284,CUST6008,Fashion,A,Flight,Delhi-Bangalore,7,4,2437.22,4,45.9,6417,9,11,0,2023-05-05
SHIP09285,CUST1430,Home & Garden,D,Flight,Delhi-Bangalore,1,5,3242.23,5,35.6,3196,10,9,1,2023-02-07
SHIP09286,CUST7008,Books,F,Ship,Hyderabad-Pune,4,2,2573.43,5,18.3,4239,6,5,1,2023-06-11
SHIP09287,CUST7037,Electronics,A,Flight,Mumbai-Chennai,4,2,2041.85,2,8.5,5583,8,11,0,2023-09-03
SHIP09288,CUST3347,Fashion,A,Ship,Kolkata-Delhi,1,3,2432.45,7,39.8,2325,7,7,1,2023-01-14
SHIP09289,CUST4799,Cosmetics,B,Road,Mumbai-Chennai,2,3,4163.59,3,50.6,6700,10,9,1,2023-03-09
SHIP09290,CUST5246,Cosmetics,D,Ship,Hyderabad-Pune,3,3,1926.31,2,52.8,2296,5,5,1,2023-01-13
SHIP09291,CUST7734,Cosmetics,F,Flight,Kolkata-Delhi,5,2,2506.36,5,37.0,5156,9,8,1,2023-09-17
SHIP09292,CUST7229,Electronics,A,Flight,Kolkata-Delhi,3,3,2231.09,2,47.8,6743,7,10,0,2023-10-10
SHIP09293,CUST7952,Cosmetics,C,Road,Delhi-Mumbai,5,5,214.34,0,22.1,2625,10,9,1,2023-06-01
SHIP09294,CUST3594,Electronics,F,Road,Mumbai-Chennai,1,4,2881.33,7,24.1,1728,4,5,0,2023-07-27
SHIP09295,CUST4638,Cosmetics,F,Road,Delhi-Mumbai,4,4,2105.08,3,43.3,1905,4,7,0,2023-07-23
SHIP09296,CUST3410,Books,D,Ship,Mumbai-Chennai,3,5,3956.59,3,36.9,1680,10,14,0,2023-04-13
SHIP09297,CUST6319,Electronics,C,Flight,Mumbai-Chennai,4,1,2203.85,0,61.2,4533,10,10,1,2023-03-19
SHIP09298,CUST1407,Fashion,D,Road,Delhi-Mumbai,5,5,1629.13,7,2.4,1209,7,11,0,2023-11-09
SHIP09299,CUST5518,Sporting Goods,B,Ship,Delhi-Bangalore,3,3,3459.62,7,50.7,3909,7,12,0,2023-06-22
SHIP09300,CUST9197,Home & Garden,F,Flight,Delhi-Mumbai,2,3,1706.37,2,12.1,6707,6,7,0,2023-04-12
SHIP09301,CUST3170,Sporting Goods,D,Road,Bangalore-Chennai,7,1,4642.79,6,8.4,6214,7,9,0,2023-04-12
SHIP09302,CUST2693,Fashion,C,Ship,Hyderabad-Pune,7,2,867.49,3,50.9,2866,6,10,0,2023-10-23
SHIP09303,CUST7731,Books,D,Road,Delhi-Mumbai,1,4,4755.79,4,24.9,3068,8,11,0,2023-02-10
SHIP09304,CUST3274,Electronics,D,Ship,Delhi-Mumbai,1,3,4760.08,8,26.4,5059,6,9,0,2023-11-15
SHIP09305,CUST6150,Cosmetics,F,Flight,Kolkata-Delhi,3,3,133.67,1,33.5,6541,5,8,0,2023-12-18
SHIP09306,CUST6596,Books,A,Road,Mumbai-Chennai,7,2,901.99,4,17.7,5743,3,3,1,2023-07-11
SHIP09307,CUST9041,Home & Garden,C,Flight,Kolkata-Delhi,4,1,2468.78,0,38.1,6832,10,15,0,2023-03-22
SHIP09308,CUST1673,Sporting Goods,C,Flight,Delhi-Mumbai,5,3,4827.87,5,25.7,3988,9,8,1,2023-09-04
SHIP09309,CUST6107,Sporting Goods,B,Road,Delhi-Mumbai,1,2,1083.01,5,57.5,1336,3,8,0,2023-11-27
SHIP09310,CUST5848,Books,A,Ship,Hyderabad-Pune,7,2,855.31,1,1.3,6802,10,14,0,2023-06-22
SHIP09311,CUST7925,Home & Garden,A,Flight,Delhi-Bangalore,3,5,2668.32,0,42.2,1522,5,10,0,2023-05-20
SHIP09312,CUST6934,Electronics,A,Road,Delhi-Mumbai,2,3,4651.64,1,12.3,4223,3,7,0,2023-03-13
SHIP09313,CUST3250,Cosmetics,F,Road,Kolkata-Delhi,4,2,4359.07,7,58.6,5592,4,6,0,2023-08-28
SHIP09314,CUST5762,Sporting Goods,B,Flight,Kolkata-Delhi,7,1,591.24,6,47.1,6140,6,10,0,2023-03-07
SHIP09315,CUST4813,Books,F,Flight,Bangalore-Chennai,1,5,693.33,3,32.9,4816,4,6,0,2023-04-24
SHIP09316,CUST8148,Sporting Goods,D,Road,Kolkata-Delhi,7,2,2306.5,3,3.8,1260,6,6,1,2023-03-29
SHIP09317,CUST2945,Cosmetics,F,Ship,Hyderabad-Pune,4,1,4278.94,4,29.0,2948,6,8,0,2023-12-24
SHIP09318,CUST6749,Fashion,F,Road,Bangalore-Chennai,5,2,3884.37,5,3.6,4814,5,7,0,2023-12-29
SHIP09319,CUST1068,Home & Garden,F,Ship,Hyderabad-Pune,5,4,390.92,7,50.3,5876,7,12,0,2023-10-31
SHIP09320,CUST6852,Books,F,Road,Delhi-Bangalore,7,3,1853.24,4,54.4,3269,4,7,0,2023-02-16
SHIP09321,CUST8976,Home & Garden,B,Ship,Delhi-Mumbai,5,2,3988.29,1,58.8,3313,9,11,0,2023-12-19
SHIP09322,CUST9957,Books,A,Ship,Delhi-Mumbai,5,5,3866.12,7,51.5,6058,6,11,0,2023-12-14
SHIP09323,CUST2738,Cosmetics,A,Road,Delhi-Mumbai,7,2,2000.95,7,51.5,3779,4,9,0,2023-10-30
SHIP09324,CUST6312,Fashion,B,Ship,Kolkata-Delhi,1,5,2223.22,5,32.9,4830,6,9,0,2023-12-12
SHIP09325,CUST4879,Cosmetics,D,Flight,Hyderabad-Pune,3,1,2995.86,1,63.2,5617,4,8,0,2023-04-18
SHIP09326,CUST9547,Electronics,F,Ship,Bangalore-Chennai,7,3,3053.61,7,32.4,5208,9,13,0,2023-06-01
SHIP09327,CUST7486,Home & Garden,F,Road,Kolkata-Delhi,7,2,2332.47,0,29.8,1032,4,8,0,2023-05-10
SHIP09328,CUST3843,Sporting Goods,A,Road,Bangalore-Chennai,4,3,3046.17,2,41.2,6979,10,14,0,2023-09-25
SHIP09329,CUST6630,Books,F,Road,Kolkata-Delhi,2,5,1311.86,2,54.4,5427,3,4,0,2023-07-31
SHIP09330,CUST8722,Books,B,Ship,Kolkata-Delhi,7,5,2717.1,1,43.5,3422,10,14,0,2023-01-14
SHIP09331,CUST5743,Fashion,A,Road,Delhi-Bangalore,7,4,4748.74,7,53.3,5560,10,13,0,2023-09-17
SHIP09332,CUST1092,Sporting Goods,A,Ship,Kolkata-Delhi,6,1,2645.05,0,29.9,1304,9,12,0,2023-09-20
SHIP09333,CUST5891,Sporting Goods,C,Ship,Bangalore-Chennai,1,1,2319.57,5,7.0,4558,3,5,0,2023-08-15
SHIP09334,CUST9986,Fashion,C,Ship,Kolkata-Delhi,5,1,1296.03,1,4.9,1749,10,12,0,2023-12-03
SHIP09335,CUST3775,Electronics,B,Road,Hyderabad-Pune,2,5,4685.46,6,21.4,1990,7,6,1,2023-06-14
SHIP09336,CUST4504,Electronics,C,Flight,Delhi-Mumbai,3,5,2812.15,7,60.6,4211,9,9,1,2023-02-09
SHIP09337,CUST6271,Sporting Goods,F,Ship,Delhi-Bangalore,2,4,2115.4,7,8.8,6887,9,8,1,2023-01-04
SHIP09338,CUST9501,Books,D,Flight,Mumbai-Chennai,7,2,121.32,4,59.1,2776,3,4,0,2023-08-21
SHIP09339,CUST7555,Sporting Goods,A,Flight,Mumbai-Chennai,4,4,1333.97,5,40.1,6224,10,15,0,2023-06-08
SHIP09340,CUST5081,Fashion,D,Road,Delhi-Bangalore,1,3,4212.84,2,26.6,6328,7,8,0,2023-01-07
SHIP09341,CUST6047,Books,A,Flight,Delhi-Bangalore,2,1,1050.45,6,35.0,3324,9,14,0,2023-06-02
SHIP09342,CUST6536,Home & Garden,D,Flight,Bangalore-Chennai,1,4,4888.32,0,17.1,1252,6,11,0,2023-09-25
SHIP09343,CUST6362,Sporting Goods,F,Flight,Mumbai-Chennai,3,3,2825.27,2,20.3,1771,8,10,0,2023-05-01
SHIP09344,CUST9738,Fashion,D,Ship,Hyderabad-Pune,1,5,2882.12,0,13.7,5498,8,10,0,2023-01-24
SHIP09345,CUST6973,Sporting Goods,A,Ship,Bangalore-Chennai,6,2,3861.69,0,56.1,5704,4,4,1,2023-07-04
SHIP09346,CUST3797,Books,C,Flight,Delhi-Bangalore,5,4,3832.15,4,41.5,3171,3,7,0,2023-04-29
SHIP09347,CUST5838,Cosmetics,D,Road,Bangalore-Chennai,6,4,3315.47,4,11.8,5345,7,12,0,2023-11-09
SHIP09348,CUST4952,Home & Garden,D,Ship,Hyderabad-Pune,4,3,553.42,2,16.6,6282,8,10,0,2023-11-10
SHIP09349,CUST6061,Fashion,C,Flight,Delhi-Mumbai,5,2,328.12,0,61.7,6112,10,15,0,2023-11-07
SHIP09350,CUST9845,Home & Garden,A,Road,Bangalore-Chennai,2,3,2346.47,5,10.9,4088,8,8,1,2023-03-12
SHIP09351,CUST7217,Sporting Goods,D,Ship,Hyderabad-Pune,5,5,152.67,5,2.7,2606,6,10,0,2023-07-17
SHIP09352,CUST3956,Electronics,D,Flight,Hyderabad-Pune,3,2,4050.35,6,35.3,6039,7,12,0,2023-08-30
SHIP09353,CUST9647,Sporting Goods,F,Flight,Hyderabad-Pune,2,2,4222.85,7,2.9,4326,5,5,1,2023-03-26
SHIP09354,CUST9215,Sporting Goods,A,Ship,Mumbai-Chennai,2,5,3409.24,5,40.3,4953,10,11,0,2023-11-26
SHIP09355,CUST6837,Home & Garden,F,Ship,Delhi-Mumbai,5,3,1150.06,8,19.1,5929,9,10,0,2023-11-02
SHIP09356,CUST8745,Electronics,B,Road,Mumbai-Chennai,1,3,758.92,4,4.5,1910,10,9,1,2023-06-01
SHIP09357,CUST3860,Sporting Goods,D,Ship,Bangalore-Chennai,5,2,3250.92,0,56.7,5604,7,8,0,2023-10-02
SHIP09358,CUST4490,Cosmetics,D,Ship,Bangalore-Chennai,6,1,1230.49,1,15.0,4738,3,6,0,2023-07-27
SHIP09359,CUST6840,Fashion,A,Flight,Kolkata-Delhi,6,1,4473.26,5,24.8,5377,4,8,0,2023-07-28
SHIP09360,CUST3256,Cosmetics,F,Ship,Hyderabad-Pune,7,1,440.57,8,40.2,6197,10,10,1,2023-06-19
SHIP09361,CUST5858,Sporting Goods,C,Ship,Delhi-Mumbai,5,5,1497.79,7,21.6,4577,10,15,0,2023-07-04
SHIP09362,CUST9438,Cosmetics,F,Ship,Delhi-Bangalore,2,2,1799.45,1,47.6,1424,6,10,0,2023-05-02
SHIP09363,CUST9137,Fashion,D,Flight,Mumbai-Chennai,4,2,3017.39,1,64.9,2127,10,9,1,2023-01-19
SHIP09364,CUST5855,Fashion,D,Road,Kolkata-Delhi,2,4,353.89,6,17.5,5261,4,3,1,2023-07-21
SHIP09365,CUST8520,Books,F,Flight,Delhi-Bangalore,3,5,3434.96,5,45.4,2477,10,13,0,2023-03-13
SHIP09366,CUST4130,Electronics,D,Ship,Kolkata-Delhi,4,4,4305.09,8,39.0,5490,6,10,0,2023-07-12
SHIP09367,CUST2614,Fashion,F,Road,Mumbai-Chennai,4,2,1273.24,1,24.4,4529,6,9,0,2023-10-05
SHIP09368,CUST3122,Cosmetics,D,Road,Kolkata-Delhi,7,5,2889.41,1,29.2,1590,8,7,1,2023-03-07
SHIP09369,CUST7600,Sporting Goods,C,Road,Kolkata-Delhi,7,1,530.43,5,26.0,4676,9,13,0,2023-05-15
SHIP09370,CUST7157,Fashion,D,Flight,Mumbai-Chennai,2,3,4233.31,6,22.3,2813,6,10,0,2023-10-06
SHIP09371,CUST9392,Fashion,C,Road,Delhi-Bangalore,6,3,2935.43,6,44.6,4163,9,9,1,2023-02-10
SHIP09372,CUST7493,Cosmetics,F,Ship,Hyderabad-Pune,2,2,3087.51,4,23.0,4327,4,8,0,2023-04-06
SHIP09373,CUST3721,Books,B,Road,Delhi-Bangalore,1,4,2272.39,3,56.0,4011,7,12,0,2023-10-26
SHIP09374,CUST5883,Electronics,C,Ship,Hyderabad-Pune,7,5,3317.32,6,50.3,3932,10,10,1,2023-07-04
SHIP09375,CUST7442,Electronics,A,Flight,Delhi-Bangalore,5,5,4967.83,4,37.6,3524,8,7,1,2023-01-08
SHIP09376,CUST1026,Fashion,C,Road,Delhi-Bangalore,4,2,4451.36,6,6.4,6275,4,4,1,2023-11-29
SHIP09377,CUST6299,Fashion,B,Road,Bangalore-Chennai,7,4,3559.92,6,56.4,2535,5,5,1,2023-09-05
SHIP09378,CUST8125,Sporting Goods,A,Road,Bangalore-Chennai,4,4,1567.6,6,60.9,6424,3,8,0,2023-06-16
SHIP09379,CUST3583,Home & Garden,C,Flight,Hyderabad-Pune,3,4,2185.0,0,35.1,5103,10,10,1,2023-11-20
SHIP09380,CUST2494,Fashion,B,Ship,Mumbai-Chennai,2,2,1259.44,5,43.6,2990,6,5,1,2023-12-11
SHIP09381,CUST1222,Fashion,A,Road,Delhi-Mumbai,2,2,1399.4,4,6.3,2942,10,15,0,2023-07-07
SHIP09382,CUST3940,Home & Garden,C,Flight,Kolkata-Delhi,5,2,1137.17,7,38.5,4916,6,6,1,2023-11-20
SHIP09383,CUST4241,Sporting Goods,B,Road,Hyderabad-Pune,5,3,4706.32,4,42.1,4260,3,6,0,2023-07-23
SHIP09384,CUST2446,Electronics,A,Ship,Delhi-Bangalore,1,5,614.73,5,16.4,4284,10,14,0,2023-04-01
SHIP09385,CUST2207,Sporting Goods,D,Road,Mumbai-Chennai,7,4,2747.96,7,15.2,3735,8,7,1,2023-01-08
SHIP09386,CUST7863,Sporting Goods,A,Flight,Bangalore-Chennai,2,4,3304.46,4,49.4,3251,9,14,0,2023-02-15
SHIP09387,CUST5998,Electronics,C,Road,Bangalore-Chennai,2,3,1389.0,2,25.6,3992,3,2,1,2023-12-29
SHIP09388,CUST3840,Cosmetics,B,Flight,Hyderabad-Pune,1,2,4687.05,8,55.7,4731,3,8,0,2023-11-10
SHIP09389,CUST4865,Electronics,B,Ship,Kolkata-Delhi,1,5,3554.65,3,35.3,2989,10,15,0,2023-07-16
SHIP09390,CUST1135,Books,D,Road,Delhi-Mumbai,5,4,180.8,4,63.0,6098,5,7,0,2023-06-27
SHIP09391,CUST4501,Home & Garden,D,Ship,Bangalore-Chennai,1,4,3964.44,8,26.1,6877,10,12,0,2023-01-03
SHIP09392,CUST7854,Fashion,A,Flight,Mumbai-Chennai,7,5,4483.68,3,1.7,1635,8,9,0,2023-11-30
SHIP09393,CUST8895,Books,D,Flight,Delhi-Bangalore,5,1,3104.27,5,3.2,3303,9,8,1,2023-01-15
SHIP09394,CUST2149,Books,B,Road,Delhi-Mumbai,6,4,1258.05,4,41.7,5638,6,8,0,2023-02-05
SHIP09395,CUST5291,Fashion,C,Road,Kolkata-Delhi,4,3,4202.74,3,33.8,6244,4,5,0,2023-04-28
SHIP09396,CUST5707,Home & Garden,C,Ship,Hyderabad-Pune,2,3,4039.66,5,17.0,4340,5,10,0,2023-12-12
SHIP09397,CUST7677,Home & Garden,D,Flight,Mumbai-Chennai,1,1,2376.54,2,2.8,3532,5,10,0,2023-08-01
SHIP09398,CUST1786,Fashion,A,Flight,Mumbai-Chennai,5,3,4523.48,1,20.2,1086,7,6,1,2023-05-01
SHIP09399,CUST5219,Fashion,B,Ship,Delhi-Mumbai,2,1,3174.07,0,47.3,4216,9,11,0,2023-12-18
SHIP09400,CUST3496,Electronics,A,Ship,Delhi-Bangalore,2,1,1494.71,2,19.9,6892,8,8,1,2023-04-09
SHIP09401,CUST2680,Cosmetics,A,Flight,Hyderabad-Pune,2,2,1280.13,3,40.0,2076,4,5,0,2023-10-21
SHIP09402,CUST9997,Electronics,D,Ship,Hyderabad-Pune,7,2,4225.53,3,27.2,5568,8,8,1,2023-07-08
SHIP09403,CUST8519,Home & Garden,B,Road,Hyderabad-Pune,1,1,3247.09,2,26.3,1908,7,6,1,2023-01-29
SHIP09404,CUST4607,Fashion,B,Road,Delhi-Bangalore,2,1,2187.89,8,33.9,1981,10,9,1,2023-12-10
SHIP09405,CUST3414,Cosmetics,A,Flight,Mumbai-Chennai,6,5,762.2,7,26.5,3565,4,6,0,2023-04-14
SHIP09406,CUST4460,Home & Garden,A,Ship,Hyderabad-Pune,7,4,2929.29,4,19.3,2114,4,6,0,2023-01-21
SHIP09407,CUST4135,Fashion,A,Ship,Hyderabad-Pune,3,2,3360.18,5,17.4,5629,8,10,0,2023-06-17
SHIP09408,CUST5656,Home & Garden,A,Flight,Hyderabad-Pune,5,1,334.71,7,4.6,6917,10,11,0,2023-05-01
SHIP09409,CUST8395,Electronics,C,Road,Delhi-Mumbai,7,5,833.07,3,59.7,4392,5,4,1,2023-01-12
SHIP09410,CUST3543,Books,A,Ship,Bangalore-Chennai,5,1,4547.12,6,62.8,5991,3,7,0,2023-05-15
SHIP09411,CUST9098,Fashion,F,Flight,Delhi-Mumbai,4,1,2226.3,8,61.3,5194,8,12,0,2023-06-04
SHIP09412,CUST2690,Home & Garden,D,Flight,Bangalore-Chennai,6,2,1094.45,5,63.8,1676,10,11,0,2023-04-26
SHIP09413,CUST2141,Electronics,D,Flight,Hyderabad-Pune,5,3,4824.18,5,40.4,4704,6,6,1,2023-11-04
SHIP09414,CUST6687,Cosmetics,B,Ship,Mumbai-Chennai,5,4,3876.87,1,63.5,1081,10,14,0,2023-08-30
SHIP09415,CUST2720,Cosmetics,D,Ship,Kolkata-Delhi,6,2,1285.34,2,50.4,3458,7,9,0,2023-09-03
SHIP09416,CUST2961,Electronics,C,Road,Kolkata-Delhi,5,2,339.85,2,25.7,1294,5,7,0,2023-03-08
SHIP09417,CUST6905,Electronics,A,Flight,Bangalore-Chennai,7,3,4668.09,3,33.2,3566,4,5,0,2023-06-29
SHIP09418,CUST4140,Home & Garden,F,Flight,Bangalore-Chennai,7,3,4661.9,7,43.4,6938,6,5,1,2023-11-18
SHIP09419,CUST5506,Books,A,Flight,Delhi-Bangalore,1,5,460.1,8,28.7,5975,9,13,0,2023-05-05
SHIP09420,CUST1228,Sporting Goods,D,Road,Kolkata-Delhi,2,4,1332.8,4,7.8,4768,5,10,0,2023-01-03
SHIP09421,CUST3863,Cosmetics,A,Ship,Delhi-Mumbai,2,4,601.18,5,39.0,1723,7,7,1,2023-08-12
SHIP09422,CUST8512,Sporting Goods,F,Flight,Hyderabad-Pune,3,1,2087.18,1,11.0,1552,6,6,1,2023-04-05
SHIP09423,CUST2773,Electronics,F,Flight,Delhi-Mumbai,6,1,3127.84,7,63.7,4466,8,12,0,2023-07-30
SHIP09424,CUST7588,Cosmetics,A,Ship,Hyderabad-Pune,4,1,1543.79,0,19.8,4125,9,13,0,2023-05-24
SHIP09425,CUST5886,Fashion,D,Flight,Bangalore-Chennai,6,1,1726.02,8,47.9,6260,4,5,0,2023-08-15
SHIP09426,CUST3573,Cosmetics,F,Ship,Delhi-Bangalore,4,4,1560.95,0,38.7,3140,5,7,0,2023-05-26
SHIP09427,CUST3867,Home & Garden,D,Road,Delhi-Bangalore,2,1,547.86,0,4.4,1375,4,6,0,2023-07-26
SHIP09428,CUST7215,Cosmetics,D,Flight,Hyderabad-Pune,2,5,3983.81,6,32.3,3213,7,8,0,2023-11-04
SHIP09429,CUST8228,Cosmetics,F,Flight,Mumbai-Chennai,4,3,3943.31,4,64.0,2085,9,9,1,2023-11-07
SHIP09430,CUST8531,Fashion,A,Flight,Bangalore-Chennai,1,4,2843.0,5,14.6,6202,8,7,1,2023-12-09
SHIP09431,CUST1188,Sporting Goods,F,Road,Bangalore-Chennai,1,1,1012.0,6,48.7,3955,9,9,1,2023-04-15
SHIP09432,CUST1620,Sporting Goods,F,Ship,Mumbai-Chennai,6,3,2839.98,5,40.6,4420,3,2,1,2023-10-08
SHIP09433,CUST6869,Home & Garden,B,Road,Kolkata-Delhi,6,2,566.75,7,29.3,1136,6,11,0,2023-12-01
SHIP09434,CUST3201,Sporting Goods,D,Ship,Hyderabad-Pune,1,1,115.91,3,26.7,6469,3,8,0,2023-09-17
SHIP09435,CUST5415,Cosmetics,F,Ship,Delhi-Mumbai,2,2,2494.1,7,27.5,3564,9,10,0,2023-08-25
SHIP09436,CUST8939,Cosmetics,A,Ship,Bangalore-Chennai,5,2,1405.73,7,17.9,4555,6,5,1,2023-02-28
SHIP09437,CUST3596,Electronics,F,Ship,Delhi-Bangalore,6,3,2228.68,3,14.2,2946,8,8,1,2023-05-05
SHIP09438,CUST8131,Electronics,A,Flight,Delhi-Mumbai,6,3,2743.69,1,52.5,6374,9,10,0,2023-09-04
SHIP09439,CUST3233,Fashion,C,Ship,Hyderabad-Pune,4,5,2233.03,7,17.7,2512,4,9,0,2023-04-24
SHIP09440,CUST1977,Home & Garden,D,Road,Mumbai-Chennai,1,4,3862.79,5,3.6,4594,7,8,0,2023-10-24
SHIP09441,CUST4649,Cosmetics,C,Road,Delhi-Bangalore,2,2,3194.18,5,17.8,3793,4,8,0,2023-06-02
SHIP09442,CUST1020,Electronics,D,Road,Mumbai-Chennai,4,4,2088.53,0,19.5,3791,6,9,0,2023-11-28
SHIP09443,CUST9620,Cosmetics,D,Road,Hyderabad-Pune,7,2,3192.01,5,60.7,5930,10,9,1,2023-10-12
SHIP09444,CUST3717,Home & Garden,B,Road,Delhi-Mumbai,2,2,1988.87,1,38.4,6566,8,7,1,2023-09-09
SHIP09445,CUST8142,Cosmetics,F,Road,Hyderabad-Pune,2,4,1372.82,0,41.5,2717,5,5,1,2023-09-16
SHIP09446,CUST8727,Books,A,Ship,Kolkata-Delhi,2,2,2006.64,7,55.1,2229,10,10,1,2023-02-17
SHIP09447,CUST4668,Books,F,Ship,Bangalore-Chennai,6,5,4056.43,2,34.0,5369,6,7,0,2023-04-12
SHIP09448,CUST6263,Books,B,Road,Kolkata-Delhi,4,1,4151.98,2,56.1,6103,6,7,0,2023-10-20
SHIP09449,CUST9282,Sporting Goods,A,Ship,Bangalore-Chennai,3,2,3732.87,3,63.0,6080,4,9,0,2023-05-12
SHIP09450,CUST7227,Cosmetics,F,Road,Hyderabad-Pune,3,3,2674.85,1,13.3,3211,8,8,1,2023-09-14
SHIP09451,CUST7396,Home & Garden,D,Ship,Kolkata-Delhi,6,4,1141.18,3,11.1,2874,6,6,1,2023-12-21
SHIP09452,CUST9716,Books,C,Road,Bangalore-Chennai,1,5,3954.46,6,1.2,6319,6,5,1,2023-08-25
SHIP09453,CUST2709,Books,B,Ship,Delhi-Bangalore,1,2,2635.25,8,56.0,5899,8,13,0,2023-10-19
SHIP09454,CUST8422,Cosmetics,D,Road,Delhi-Mumbai,1,4,4593.62,2,52.2,3015,9,10,0,2023-06-27
SHIP09455,CUST1537,Electronics,F,Road,Hyderabad-Pune,4,4,2351.39,3,44.7,3922,9,10,0,2023-07-24
SHIP09456,CUST5226,Sporting Goods,C,Road,Hyderabad-Pune,4,5,3108.76,5,32.6,5270,9,14,0,2023-05-19
SHIP09457,CUST8278,Sporting Goods,A,Flight,Bangalore-Chennai,7,3,4869.44,5,42.4,3128,9,8,1,2023-05-01
SHIP09458,CUST8073,Home & Garden,F,Flight,Kolkata-Delhi,3,3,4885.2,5,26.6,6957,9,11,0,2023-01-06
SHIP09459,CUST1956,Sporting Goods,D,Road,Bangalore-Chennai,4,3,3189.89,3,29.9,3020,3,7,0,2023-12-30
SHIP09460,CUST1952,Books,C,Flight,Hyderabad-Pune,4,3,2737.77,0,31.3,5071,6,7,0,2023-12-16
SHIP09461,CUST7245,Sporting Goods,A,Ship,Delhi-Mumbai,3,4,3075.19,4,35.5,3128,9,9,1,2023-10-10
SHIP09462,CUST5521,Fashion,B,Flight,Kolkata-Delhi,4,4,3861.86,1,27.9,4649,7,6,1,2023-03-01
SHIP09463,CUST5545,Fashion,F,Flight,Kolkata-Delhi,2,2,3032.84,8,15.9,1663,5,10,0,2023-03-13
SHIP09464,CUST6289,Electronics,B,Ship,Hyderabad-Pune,1,5,1618.62,6,29.3,3998,4,9,0,2023-02-28
SHIP09465,CUST1545,Home & Garden,C,Ship,Delhi-Mumbai,7,1,924.03,8,21.2,5004,6,6,1,2023-05-09
SHIP09466,CUST5401,Cosmetics,D,Ship,Bangalore-Chennai,3,5,993.88,8,44.5,4087,9,12,0,2023-02-16
SHIP09467,CUST1450,Home & Garden,A,Ship,Delhi-Bangalore,4,5,348.08,4,12.4,3960,4,6,0,2023-10-02
SHIP09468,CUST6450,Home & Garden,C,Flight,Mumbai-Chennai,5,5,1743.01,5,37.6,4170,8,9,0,2023-01-30
SHIP09469,CUST3170,Home & Garden,C,Road,Hyderabad-Pune,2,5,741.3,2,49.8,5772,7,11,0,2023-10-27
SHIP09470,CUST7547,Cosmetics,C,Road,Bangalore-Chennai,6,4,1649.31,0,12.8,2509,6,8,0,2023-05-15
SHIP09471,CUST2844,Home & Garden,A,Flight,Kolkata-Delhi,3,5,3894.67,5,46.1,3570,8,11,0,2023-06-08
SHIP09472,CUST4112,Electronics,B,Road,Delhi-Mumbai,1,3,3650.1,1,20.5,5345,9,10,0,2023-02-24
SHIP09473,CUST7457,Electronics,B,Road,Mumbai-Chennai,4,4,1904.27,7,17.9,6205,8,13,0,2023-04-07
SHIP09474,CUST5301,Cosmetics,C,Road,Mumbai-Chennai,1,3,477.2,8,5.1,2184,4,7,0,2023-04-01
SHIP09475,CUST3290,Books,F,Ship,Hyderabad-Pune,3,4,1918.13,2,10.5,4688,5,9,0,2023-03-29
SHIP09476,CUST6380,Cosmetics,A,Road,Delhi-Bangalore,2,4,2295.63,2,32.7,3505,4,7,0,2023-09-09
SHIP09477,CUST7154,Fashion,F,Road,Bangalore-Chennai,4,1,4592.04,8,16.8,3686,10,13,0,2023-11-20
SHIP09478,CUST3526,Fashion,B,Road,Bangalore-Chennai,4,2,4614.75,7,0.7,4867,8,9,0,2023-05-16
SHIP09479,CUST2852,Fashion,B,Ship,Bangalore-Chennai,4,1,3769.43,4,23.3,2639,9,10,0,2023-10-24
SHIP09480,CUST2806,Home & Garden,C,Road,Hyderabad-Pune,5,2,4215.07,5,17.9,1419,10,11,0,2023-09-07
SHIP09481,CUST3345,Cosmetics,A,Road,Kolkata-Delhi,3,1,1487.48,5,16.2,4995,5,7,0,2023-05-25
SHIP09482,CUST9646,Cosmetics,A,Ship,Delhi-Mumbai,6,3,102.81,2,22.8,2943,6,6,1,2023-08-12
SHIP09483,CUST7151,Home & Garden,F,Road,Hyderabad-Pune,4,1,3136.84,1,40.0,3130,7,8,0,2023-08-27
SHIP09484,CUST2489,Home & Garden,C,Ship,Kolkata-Delhi,1,4,4063.48,1,21.5,5080,4,3,1,2023-01-16
SHIP09485,CUST2703,Sporting Goods,D,Ship,Bangalore-Chennai,4,1,1420.93,4,39.4,6731,5,9,0,2023-10-19
SHIP09486,CUST3515,Cosmetics,D,Flight,Mumbai-Chennai,3,1,4105.59,3,58.5,3792,5,5,1,2023-01-07
SHIP09487,CUST8387,Home & Garden,A,Flight,Mumbai-Chennai,7,4,437.74,2,5.2,6853,8,8,1,2023-03-09
SHIP09488,CUST9673,Books,C,Flight,Delhi-Mumbai,4,2,4250.51,0,14.5,1773,4,8,0,2023-12-12
SHIP09489,CUST4180,Books,F,Road,Hyderabad-Pune,4,1,1173.08,5,49.5,4056,3,8,0,2023-04-19
SHIP09490,CUST6558,Fashion,D,Flight,Bangalore-Chennai,2,1,3676.69,7,40.1,1900,8,10,0,2023-11-12
SHIP09491,CUST8363,Electronics,C,Ship,Hyderabad-Pune,7,3,264.65,6,27.3,6062,8,10,0,2023-10-24
SHIP09492,CUST2768,Cosmetics,F,Ship,Kolkata-Delhi,3,4,3383.4,4,61.2,5113,10,13,0,2024-01-01
SHIP09493,CUST8613,Books,B,Ship,Delhi-Mumbai,1,4,3103.98,5,57.5,4080,3,3,1,2023-08-03
SHIP09494,CUST1099,Electronics,C,Flight,Bangalore-Chennai,5,2,2303.5,2,11.9,1135,3,5,0,2023-12-01
SHIP09495,CUST8674,Books,F,Flight,Hyderabad-Pune,3,5,4335.87,0,49.6,6386,9,13,0,2023-11-14
SHIP09496,CUST8030,Cosmetics,C,Ship,Hyderabad-Pune,1,4,1658.02,2,56.3,1833,9,14,0,2023-05-09
SHIP09497,CUST7730,Sporting Goods,F,Road,Hyderabad-Pune,3,4,3212.17,3,35.1,2826,7,7,1,2023-10-25
SHIP09498,CUST2925,Fashion,F,Ship,Mumbai-Chennai,1,3,4966.95,4,23.0,5479,7,6,1,2023-04-28
SHIP09499,CUST5318,Electronics,A,Road,Hyderabad-Pune,6,5,204.6,5,13.7,6553,4,4,1,2023-06-17
SHIP09500,CUST8937,Fashion,B,Flight,Delhi-Mumbai,1,5,4970.74,7,54.4,5041,5,10,0,2023-10-29
SHIP09501,CUST2537,Fashion,C,Ship,Kolkata-Delhi,6,5,3420.3,8,51.0,2784,10,13,0,2023-06-14
SHIP09502,CUST3920,Electronics,A,Flight,Bangalore-Chennai,7,1,2917.66,2,18.3,3966,6,10,0,2023-10-30
SHIP09503,CUST7411,Home & Garden,C,Ship,Delhi-Bangalore,7,3,701.03,8,29.4,1256,3,7,0,2023-12-16
SHIP09504,CUST2203,Cosmetics,D,Flight,Bangalore-Chennai,6,1,4322.34,2,1.0,5877,5,8,0,2023-02-21
SHIP09505,CUST1853,Cosmetics,D,Ship,Kolkata-Delhi,2,2,2301.38,2,48.0,4086,5,6,0,2023-07-21
SHIP09506,CUST6287,Fashion,F,Ship,Delhi-Bangalore,1,1,1289.59,0,2.6,2069,4,4,1,2023-10-03
SHIP09507,CUST9967,Electronics,A,Road,Bangalore-Chennai,4,4,3014.7,8,5.6,3032,3,7,0,2023-07-09
SHIP09508,CUST3084,Sporting Goods,A,Road,Kolkata-Delhi,1,4,592.37,5,30.4,2267,9,8,1,2023-11-27
SHIP09509,CUST8769,Books,C,Road,Hyderabad-Pune,6,1,4434.85,0,65.0,5249,7,9,0,2023-03-19
SHIP09510,CUST9470,Home & Garden,A,Road,Delhi-Mumbai,2,1,348.34,2,28.5,4658,4,5,0,2023-05-31
SHIP09511,CUST5688,Electronics,F,Flight,Mumbai-Chennai,3,4,1145.37,0,1.1,1153,6,5,1,2023-07-18
SHIP09512,CUST5352,Sporting Goods,F,Flight,Mumbai-Chennai,6,5,3000.52,4,41.5,2850,6,7,0,2023-01-09
SHIP09513,CUST9454,Sporting Goods,D,Road,Mumbai-Chennai,2,2,2864.44,6,51.9,2511,4,7,0,2023-08-29
SHIP09514,CUST2218,Books,D,Flight,Bangalore-Chennai,4,4,1173.89,5,13.7,2236,6,8,0,2023-02-08
SHIP09515,CUST2533,Fashion,A,Ship,Kolkata-Delhi,3,4,4414.1,4,39.3,5539,4,3,1,2023-06-10
SHIP09516,CUST6236,Cosmetics,B,Road,Kolkata-Delhi,3,1,1386.09,4,9.7,6996,8,11,0,2023-12-14
SHIP09517,CUST2026,Sporting Goods,B,Road,Bangalore-Chennai,1,1,3949.78,5,32.0,2208,9,13,0,2023-08-02
SHIP09518,CUST4313,Fashion,D,Road,Delhi-Mumbai,6,3,1173.42,8,64.3,5090,6,7,0,2023-06-19
SHIP09519,CUST1064,Books,B,Road,Delhi-Bangalore,7,5,1854.59,4,20.7,3501,3,4,0,2023-05-05
SHIP09520,CUST5732,Cosmetics,F,Ship,Bangalore-Chennai,2,1,2174.13,0,60.5,1264,4,7,0,2023-02-25
SHIP09521,CUST1857,Electronics,B,Flight,Kolkata-Delhi,2,1,2794.54,1,5.2,1550,3,7,0,2023-12-28
SHIP09522,CUST4875,Sporting Goods,B,Road,Bangalore-Chennai,4,3,2188.71,5,38.8,2036,5,6,0,2023-12-01
SHIP09523,CUST6892,Sporting Goods,B,Ship,Delhi-Mumbai,3,2,1599.13,6,17.2,2824,6,8,0,2023-06-15
SHIP09524,CUST5814,Fashion,F,Ship,Hyderabad-Pune,6,2,176.73,2,55.1,4612,3,7,0,2023-03-19
SHIP09525,CUST2588,Sporting Goods,F,Ship,Delhi-Bangalore,2,3,3661.11,8,18.9,2858,6,7,0,2023-08-17
SHIP09526,CUST9130,Home & Garden,C,Ship,Bangalore-Chennai,1,5,1447.74,4,17.5,6407,10,9,1,2023-08-23
SHIP09527,CUST1921,Books,B,Flight,Hyderabad-Pune,6,3,3177.55,7,54.0,6405,6,8,0,2023-02-13
SHIP09528,CUST2088,Cosmetics,B,Flight,Delhi-Bangalore,7,3,4334.17,5,53.7,5332,5,8,0,2023-03-20
SHIP09529,CUST7798,Home & Garden,D,Road,Delhi-Bangalore,4,1,2704.66,0,24.7,2890,4,3,1,2023-07-17
SHIP09530,CUST2699,Fashion,B,Flight,Kolkata-Delhi,7,2,1229.28,4,3.6,1273,8,11,0,2023-06-21
SHIP09531,CUST6011,Home & Garden,D,Flight,Bangalore-Chennai,4,1,4330.91,5,42.0,6342,9,12,0,2023-11-28
SHIP09532,CUST1295,Books,A,Flight,Hyderabad-Pune,2,3,588.94,4,48.0,2468,10,15,0,2023-08-27
SHIP09533,CUST2091,Sporting Goods,B,Ship,Delhi-Bangalore,6,5,2857.81,1,51.4,6832,9,12,0,2023-05-06
SHIP09534,CUST4343,Electronics,F,Flight,Mumbai-Chennai,4,4,4878.33,1,49.5,3718,6,11,0,2023-07-01
SHIP09535,CUST9249,Books,B,Flight,Hyderabad-Pune,3,2,1856.97,0,32.3,2874,7,9,0,2023-04-16
SHIP09536,CUST6673,Electronics,C,Ship,Bangalore-Chennai,1,2,2636.48,4,31.4,2820,4,8,0,2023-09-10
SHIP09537,CUST1072,Home & Garden,A,Road,Kolkata-Delhi,4,5,4316.06,2,25.0,4797,7,12,0,2023-03-17
SHIP09538,CUST4647,Home & Garden,C,Ship,Delhi-Bangalore,4,2,1051.12,5,32.5,1359,6,5,1,2023-03-15
SHIP09539,CUST5206,Electronics,C,Ship,Hyderabad-Pune,1,2,2107.21,1,53.6,2673,5,8,0,2023-09-17
SHIP09540,CUST3350,Electronics,A,Flight,Delhi-Mumbai,1,3,3826.38,4,60.1,1440,10,10,1,2023-10-24
SHIP09541,CUST8306,Cosmetics,B,Ship,Bangalore-Chennai,6,2,1101.64,2,25.2,1246,7,8,0,2023-06-29
SHIP09542,CUST2867,Electronics,F,Ship,Hyderabad-Pune,3,3,399.96,5,17.3,5598,4,6,0,2023-05-03
SHIP09543,CUST8690,Books,C,Flight,Bangalore-Chennai,1,3,1669.35,3,28.8,1977,5,10,0,2023-10-16
SHIP09544,CUST2972,Books,A,Road,Delhi-Bangalore,3,5,3057.43,2,51.2,4839,3,3,1,2023-01-05
SHIP09545,CUST6637,Cosmetics,D,Road,Kolkata-Delhi,7,2,3832.49,5,18.5,6503,4,5,0,2023-11-07
SHIP09546,CUST4047,Home & Garden,A,Road,Hyderabad-Pune,4,2,1223.92,2,51.5,1715,3,3,1,2023-07-26
SHIP09547,CUST1539,Electronics,F,Ship,Delhi-Bangalore,3,3,226.9,5,56.1,5967,7,7,1,2023-02-24
SHIP09548,CUST9490,Cosmetics,B,Road,Mumbai-Chennai,3,3,489.56,3,64.2,5436,4,4,1,2023-10-24
SHIP09549,CUST7311,Books,F,Road,Kolkata-Delhi,7,1,3437.36,2,20.0,3345,8,10,0,2023-02-14
SHIP09550,CUST3185,Sporting Goods,C,Flight,Mumbai-Chennai,5,2,3328.32,2,30.1,3757,6,6,1,2023-10-14
SHIP09551,CUST7656,Electronics,A,Road,Mumbai-Chennai,1,2,643.13,7,3.8,2853,5,10,0,2023-12-16
SHIP09552,CUST5114,Home & Garden,F,Flight,Delhi-Mumbai,4,3,4613.0,1,9.1,5530,3,4,0,2023-05-17
SHIP09553,CUST5623,Home & Garden,C,Ship,Delhi-Bangalore,1,2,1495.98,0,54.1,6951,4,8,0,2023-06-03
SHIP09554,CUST2064,Books,B,Flight,Hyderabad-Pune,5,4,2026.41,2,16.7,6851,7,6,1,2023-03-05
SHIP09555,CUST9384,Books,A,Road,Bangalore-Chennai,1,3,1491.81,0,63.7,3304,9,12,0,2023-09-09
SHIP09556,CUST6033,Books,B,Road,Delhi-Bangalore,5,2,4318.91,2,32.7,6364,10,13,0,2023-10-25
SHIP09557,CUST1118,Fashion,D,Flight,Delhi-Mumbai,6,4,2457.7,2,31.8,5796,6,9,0,2023-08-31
SHIP09558,CUST9219,Books,A,Ship,Hyderabad-Pune,1,1,4029.79,6,8.4,4153,3,8,0,2023-10-15
SHIP09559,CUST9328,Sporting Goods,B,Road,Delhi-Mumbai,1,1,3410.62,1,61.8,3526,6,10,0,2023-09-01
SHIP09560,CUST7769,Sporting Goods,C,Ship,Delhi-Bangalore,3,5,2725.78,7,13.0,5867,3,6,0,2023-04-08
SHIP09561,CUST6058,Home & Garden,D,Road,Mumbai-Chennai,6,2,3664.02,4,18.4,6047,5,9,0,2023-10-21
SHIP09562,CUST5680,Sporting Goods,A,Ship,Hyderabad-Pune,1,3,4187.04,5,19.3,2901,10,13,0,2023-01-18
SHIP09563,CUST7689,Cosmetics,C,Flight,Mumbai-Chennai,6,3,3624.22,6,62.0,4982,9,10,0,2023-02-13
SHIP09564,CUST8861,Electronics,A,Flight,Kolkata-Delhi,1,1,2600.91,2,14.7,6619,4,3,1,2023-09-12
SHIP09565,CUST7260,Home & Garden,F,Road,Delhi-Mumbai,2,2,3265.21,7,63.8,5840,7,11,0,2023-08-02
SHIP09566,CUST7509,Sporting Goods,D,Flight,Kolkata-Delhi,7,5,3915.87,1,43.2,3045,10,10,1,2023-08-21
SHIP09567,CUST2733,Electronics,F,Road,Delhi-Bangalore,2,3,4834.27,4,25.9,4680,4,5,0,2023-07-12
SHIP09568,CUST5452,Books,C,Road,Kolkata-Delhi,3,1,4053.76,8,55.8,6419,3,7,0,2023-01-21
SHIP09569,CUST6927,Cosmetics,C,Ship,Hyderabad-Pune,6,2,578.15,2,6.6,2817,3,6,0,2023-02-06
SHIP09570,CUST1848,Cosmetics,D,Flight,Mumbai-Chennai,4,5,3598.45,0,13.2,5970,3,6,0,2023-02-26
SHIP09571,CUST6735,Cosmetics,A,Ship,Delhi-Bangalore,5,5,302.7,4,47.8,1481,3,5,0,2023-11-24
SHIP09572,CUST8998,Home & Garden,F,Ship,Kolkata-Delhi,3,3,1677.01,6,33.5,3771,9,9,1,2023-08-02
SHIP09573,CUST7739,Fashion,C,Road,Kolkata-Delhi,4,4,1048.05,0,16.4,5755,8,10,0,2023-07-23
SHIP09574,CUST7304,Books,A,Road,Bangalore-Chennai,7,1,1216.07,2,60.1,3908,9,14,0,2023-12-17
SHIP09575,CUST7286,Home & Garden,F,Ship,Hyderabad-Pune,3,5,3526.71,7,37.3,1746,6,10,0,2023-01-25
SHIP09576,CUST1481,Sporting Goods,B,Ship,Delhi-Bangalore,6,3,4675.54,8,64.2,4759,7,10,0,2023-01-21
SHIP09577,CUST2527,Electronics,B,Ship,Hyderabad-Pune,5,5,1136.69,3,60.9,4494,9,10,0,2023-07-17
SHIP09578,CUST1963,Electronics,D,Road,Bangalore-Chennai,1,1,3716.92,7,28.8,3776,4,6,0,2023-08-15
SHIP09579,CUST2713,Sporting Goods,F,Ship,Mumbai-Chennai,2,5,265.44,3,34.6,4336,3,8,0,2023-03-23
SHIP09580,CUST4295,Electronics,F,Road,Delhi-Mumbai,1,4,3969.06,3,6.9,1937,8,13,0,2023-02-16
SHIP09581,CUST1239,Electronics,B,Flight,Kolkata-Delhi,5,5,1084.61,7,2.0,6478,3,3,1,2023-02-25
SHIP09582,CUST4416,Electronics,F,Flight,Kolkata-Delhi,1,2,2663.09,0,63.5,4099,10,12,0,2023-12-23
SHIP09583,CUST5971,Fashion,F,Ship,Bangalore-Chennai,7,4,736.42,8,6.0,3642,3,2,1,2023-09-13
SHIP09584,CUST7199,Fashion,C,Flight,Bangalore-Chennai,3,5,244.54,7,36.2,1583,4,3,1,2023-06-12
SHIP09585,CUST5298,Sporting Goods,A,Ship,Mumbai-Chennai,1,5,222.61,1,8.9,3703,8,11,0,2023-09-19
SHIP09586,CUST6442,Home & Garden,C,Ship,Mumbai-Chennai,5,1,3374.5,0,7.0,4027,3,3,1,2023-08-27
SHIP09587,CUST2416,Home & Garden,F,Ship,Bangalore-Chennai,2,3,2502.38,4,30.9,4082,8,9,0,2023-11-22
SHIP09588,CUST9106,Cosmetics,B,Ship,Kolkata-Delhi,3,3,3890.89,1,42.4,4831,7,9,0,2023-04-24
SHIP09589,CUST1648,Home & Garden,F,Ship,Delhi-Mumbai,3,2,659.96,4,6.8,6303,10,12,0,2023-05-04
SHIP09590,CUST8716,Books,B,Road,Bangalore-Chennai,2,4,3169.0,2,40.9,5161,6,6,1,2023-02-26
SHIP09591,CUST6191,Fashion,A,Flight,Delhi-Bangalore,2,4,2531.97,1,35.7,5681,8,9,0,2023-02-10
SHIP09592,CUST3504,Sporting Goods,A,Road,Delhi-Bangalore,5,3,4976.09,3,36.5,4479,6,10,0,2023-04-14
SHIP09593,CUST2069,Electronics,D,Road,Hyderabad-Pune,1,5,4056.54,7,62.2,5007,7,7,1,2023-07-01
SHIP09594,CUST8609,Home & Garden,C,Flight,Delhi-Bangalore,6,1,1985.04,0,59.7,1030,10,15,0,2023-09-10
SHIP09595,CUST6806,Sporting Goods,C,Ship,Hyderabad-Pune,1,1,1695.96,3,9.8,2154,3,8,0,2023-11-13
SHIP09596,CUST1688,Fashion,C,Road,Mumbai-Chennai,4,5,3845.37,8,3.1,1096,10,12,0,2023-11-28
SHIP09597,CUST5209,Home & Garden,D,Ship,Delhi-Bangalore,6,4,2517.24,2,34.3,4647,7,9,0,2023-03-31
SHIP09598,CUST1880,Electronics,C,Flight,Kolkata-Delhi,4,5,278.91,7,57.0,3145,5,4,1,2023-01-26
SHIP09599,CUST6171,Fashion,F,Road,Kolkata-Delhi,1,1,2074.28,8,52.4,3324,5,9,0,2023-07-04
SHIP09600,CUST1701,Home & Garden,A,Flight,Kolkata-Delhi,2,3,3927.67,5,34.0,5090,10,14,0,2023-09-19
SHIP09601,CUST7516,Books,C,Flight,Delhi-Bangalore,4,3,2491.23,4,8.9,4096,7,11,0,2023-02-18
SHIP09602,CUST6926,Sporting Goods,B,Road,Delhi-Bangalore,1,3,3426.47,8,5.7,6737,9,8,1,2023-01-21
SHIP09603,CUST8850,Home & Garden,F,Road,Hyderabad-Pune,6,2,4292.58,7,59.8,6957,6,8,0,2023-03-05
SHIP09604,CUST4169,Home & Garden,C,Ship,Bangalore-Chennai,2,4,3716.93,5,46.2,6412,4,5,0,2023-08-19
SHIP09605,CUST3238,Fashion,D,Ship,Bangalore-Chennai,6,4,4124.31,8,40.2,4089,7,7,1,2023-04-24
SHIP09606,CUST5495,Home & Garden,D,Flight,Mumbai-Chennai,3,3,4922.53,7,1.6,4977,4,5,0,2023-02-10
SHIP09607,CUST2819,Sporting Goods,C,Ship,Hyderabad-Pune,2,2,196.64,6,21.7,4733,8,8,1,2023-03-11
SHIP09608,CUST9142,Fashion,D,Flight,Delhi-Mumbai,3,5,3085.21,8,42.1,2329,3,7,0,2023-03-25
SHIP09609,CUST9971,Sporting Goods,A,Road,Hyderabad-Pune,5,2,3354.3,0,64.4,6640,4,6,0,2023-11-06
SHIP09610,CUST8125,Cosmetics,B,Flight,Delhi-Mumbai,4,2,4549.94,8,29.0,6374,10,14,0,2023-11-22
SHIP09611,CUST1723,Fashion,A,Ship,Mumbai-Chennai,6,3,3172.39,0,23.7,1706,4,6,0,2023-02-03
SHIP09612,CUST3804,Fashion,F,Road,Bangalore-Chennai,2,1,1423.71,5,22.9,3469,7,12,0,2023-11-06
SHIP09613,CUST4244,Electronics,D,Flight,Kolkata-Delhi,1,3,4319.22,0,33.4,3843,4,9,0,2023-07-01
SHIP09614,CUST8214,Home & Garden,A,Flight,Kolkata-Delhi,3,5,1440.19,5,5.9,2071,9,10,0,2023-02-08
SHIP09615,CUST2645,Fashion,F,Road,Bangalore-Chennai,1,4,3551.39,6,6.5,2405,5,4,1,2023-03-13
SHIP09616,CUST8493,Cosmetics,A,Ship,Delhi-Bangalore,5,1,4282.23,7,59.5,1234,9,10,0,2023-12-25
SHIP09617,CUST6691,Home & Garden,F,Ship,Delhi-Bangalore,2,2,2595.15,1,60.0,1453,3,3,1,2023-09-24
SHIP09618,CUST5036,Fashion,B,Road,Kolkata-Delhi,1,4,4736.63,6,51.0,4517,4,7,0,2023-01-03
SHIP09619,CUST8021,Fashion,C,Ship,Delhi-Bangalore,1,5,2303.52,1,62.1,5739,9,10,0,2023-02-14
SHIP09620,CUST5447,Sporting Goods,F,Ship,Hyderabad-Pune,7,4,1227.17,6,4.3,6168,7,8,0,2023-05-14
SHIP09621,CUST3923,Books,D,Ship,Hyderabad-Pune,5,2,1067.67,0,16.9,6847,9,14,0,2023-02-22
SHIP09622,CUST8298,Cosmetics,D,Ship,Bangalore-Chennai,5,5,1732.01,2,28.4,4348,6,8,0,2023-08-31
SHIP09623,CUST2129,Home & Garden,A,Road,Hyderabad-Pune,2,2,1579.71,1,5.7,6195,3,4,0,2023-08-05
SHIP09624,CUST3732,Sporting Goods,C,Ship,Mumbai-Chennai,1,5,3980.92,6,15.1,4671,9,13,0,2023-03-26
SHIP09625,CUST2872,Electronics,B,Ship,Hyderabad-Pune,5,2,2740.62,0,32.4,5175,4,7,0,2023-12-26
SHIP09626,CUST8648,Electronics,A,Road,Delhi-Bangalore,7,3,4306.44,5,56.0,5741,7,6,1,2023-11-16
SHIP09627,CUST4958,Electronics,D,Road,Kolkata-Delhi,6,3,3317.93,2,30.0,5674,4,6,0,2023-04-29
SHIP09628,CUST1589,Sporting Goods,A,Road,Hyderabad-Pune,6,2,4668.72,4,64.3,5732,10,12,0,2023-12-10
SHIP09629,CUST7390,Books,C,Ship,Delhi-Bangalore,7,4,1198.09,3,56.0,1752,3,5,0,2023-08-20
SHIP09630,CUST3951,Home & Garden,D,Road,Kolkata-Delhi,3,4,2696.15,8,23.7,6892,9,10,0,2023-08-13
SHIP09631,CUST7834,Electronics,C,Road,Delhi-Mumbai,3,2,3562.18,3,55.3,1415,4,6,0,2023-04-02
SHIP09632,CUST2158,Cosmetics,C,Ship,Hyderabad-Pune,3,2,757.52,5,64.4,1025,5,5,1,2023-06-21
SHIP09633,CUST5149,Home & Garden,C,Flight,Delhi-Mumbai,6,1,3139.05,6,6.4,5895,8,12,0,2023-09-12
SHIP09634,CUST1630,Books,B,Flight,Mumbai-Chennai,1,3,2348.36,7,59.2,6086,4,7,0,2023-10-10
SHIP09635,CUST6304,Home & Garden,F,Flight,Delhi-Mumbai,7,1,1655.08,8,37.6,2285,3,8,0,2023-06-16
SHIP09636,CUST6825,Sporting Goods,F,Flight,Mumbai-Chennai,7,2,1221.62,3,23.7,4403,10,15,0,2023-01-18
SHIP09637,CUST5767,Books,F,Road,Mumbai-Chennai,4,3,1725.66,4,6.3,6893,8,12,0,2023-07-07
SHIP09638,CUST1261,Home & Garden,F,Flight,Delhi-Bangalore,7,3,853.71,2,16.2,6313,5,10,0,2023-07-13
SHIP09639,CUST2629,Home & Garden,B,Flight,Delhi-Bangalore,4,4,1132.03,2,57.5,2185,8,10,0,2023-02-03
SHIP09640,CUST1437,Cosmetics,D,Flight,Bangalore-Chennai,3,5,3851.54,3,40.6,5323,9,14,0,2023-05-12
SHIP09641,CUST8203,Fashion,A,Ship,Delhi-Mumbai,1,2,1098.14,4,5.7,2683,8,12,0,2023-09-17
SHIP09642,CUST4515,Home & Garden,C,Road,Kolkata-Delhi,3,3,630.45,4,48.2,6862,5,5,1,2023-06-27
SHIP09643,CUST4954,Sporting Goods,B,Ship,Kolkata-Delhi,5,1,2597.77,4,24.6,5794,3,8,0,2023-04-27
SHIP09644,CUST8237,Home & Garden,F,Road,Mumbai-Chennai,3,4,4311.17,6,37.7,1665,6,10,0,2023-08-01
SHIP09645,CUST8586,Books,D,Flight,Delhi-Mumbai,1,1,3205.43,1,7.0,1646,8,11,0,2023-07-31
SHIP09646,CUST9309,Cosmetics,A,Flight,Hyderabad-Pune,3,3,4146.05,5,53.5,3274,5,10,0,2023-11-03
SHIP09647,CUST5727,Home & Garden,B,Ship,Delhi-Bangalore,2,1,3531.9,8,61.9,4699,4,9,0,2023-03-10
SHIP09648,CUST3058,Sporting Goods,D,Road,Delhi-Bangalore,7,3,2301.63,1,54.6,3731,8,9,0,2023-07-25
SHIP09649,CUST3417,Electronics,C,Flight,Delhi-Mumbai,1,1,3034.35,3,21.1,1118,3,6,0,2023-05-19
SHIP09650,CUST4175,Fashion,B,Road,Bangalore-Chennai,5,4,4296.95,0,53.5,1343,3,2,1,2023-07-19
SHIP09651,CUST1882,Electronics,B,Ship,Hyderabad-Pune,7,5,1936.1,0,18.2,2141,10,15,0,2023-10-30
SHIP09652,CUST7742,Electronics,F,Flight,Bangalore-Chennai,6,3,4674.67,1,35.4,1996,3,8,0,2023-06-27
SHIP09653,CUST6041,Cosmetics,F,Flight,Kolkata-Delhi,2,2,2533.73,5,1.9,6111,8,9,0,2023-09-13
SHIP09654,CUST2143,Electronics,C,Ship,Hyderabad-Pune,6,5,1100.16,2,11.2,4833,10,15,0,2023-12-10
SHIP09655,CUST8557,Books,B,Ship,Bangalore-Chennai,2,2,1612.24,2,33.8,6030,7,9,0,2023-12-02
SHIP09656,CUST9760,Fashion,D,Flight,Hyderabad-Pune,4,2,909.75,4,46.6,1187,4,3,1,2023-12-20
SHIP09657,CUST5074,Electronics,F,Flight,Mumbai-Chennai,6,4,4733.42,0,37.5,4047,4,8,0,2023-10-30
SHIP09658,CUST6339,Fashion,D,Ship,Bangalore-Chennai,6,3,2525.62,8,18.7,5379,5,10,0,2023-03-18
SHIP09659,CUST4194,Electronics,A,Flight,Mumbai-Chennai,2,2,1493.9,0,20.5,3494,6,10,0,2023-10-03
SHIP09660,CUST3748,Books,F,Ship,Kolkata-Delhi,5,4,4042.21,3,9.9,1530,6,7,0,2023-06-19
SHIP09661,CUST4850,Books,B,Road,Hyderabad-Pune,6,2,2885.59,3,16.9,2633,8,7,1,2023-12-06
SHIP09662,CUST5356,Home & Garden,B,Flight,Mumbai-Chennai,5,2,3876.96,4,32.9,3372,10,13,0,2023-12-31
SHIP09663,CUST7736,Electronics,F,Flight,Bangalore-Chennai,1,2,2632.53,3,3.8,4782,8,12,0,2023-11-03
SHIP09664,CUST3652,Cosmetics,F,Road,Hyderabad-Pune,3,3,136.34,6,31.0,3612,5,4,1,2023-01-26
SHIP09665,CUST8015,Sporting Goods,C,Ship,Mumbai-Chennai,3,2,4799.09,6,30.6,5516,3,4,0,2023-08-21
SHIP09666,CUST3504,Home & Garden,F,Flight,Bangalore-Chennai,2,3,4815.97,1,19.6,4226,3,3,1,2023-04-06
SHIP09667,CUST3325,Home & Garden,F,Road,Delhi-Bangalore,4,4,2471.26,3,37.9,5688,9,14,0,2023-12-06
SHIP09668,CUST4502,Books,C,Flight,Kolkata-Delhi,3,4,3969.02,1,41.0,6166,6,5,1,2023-01-07
SHIP09669,CUST5566,Books,D,Flight,Kolkata-Delhi,6,3,284.69,0,23.9,1827,7,12,0,2023-03-20
SHIP09670,CUST5705,Cosmetics,C,Road,Kolkata-Delhi,1,4,3177.11,7,35.6,5688,9,8,1,2023-09-26
SHIP09671,CUST9680,Home & Garden,B,Ship,Delhi-Bangalore,2,5,4558.39,2,41.2,3157,9,14,0,2023-01-23
SHIP09672,CUST2838,Electronics,C,Flight,Delhi-Bangalore,2,5,4482.98,5,47.6,4141,3,7,0,2023-11-16
SHIP09673,CUST5787,Fashion,A,Ship,Kolkata-Delhi,7,1,1448.75,6,36.7,3833,8,13,0,2023-01-21
SHIP09674,CUST6046,Cosmetics,F,Road,Kolkata-Delhi,3,4,4643.24,0,60.3,6046,10,10,1,2023-05-03
SHIP09675,CUST6318,Sporting Goods,F,Ship,Delhi-Mumbai,2,4,2949.34,6,8.9,6488,7,9,0,2023-10-10
SHIP09676,CUST4078,Fashion,A,Flight,Delhi-Bangalore,4,1,4059.84,2,13.8,4649,3,6,0,2023-04-13
SHIP09677,CUST2393,Books,F,Flight,Delhi-Bangalore,7,2,3227.07,7,38.0,5545,10,11,0,2023-08-03
SHIP09678,CUST4953,Sporting Goods,B,Ship,Kolkata-Delhi,7,3,2084.61,5,55.9,3329,7,7,1,2023-11-22
SHIP09679,CUST6170,Books,B,Flight,Hyderabad-Pune,3,3,1892.24,1,11.9,6509,6,5,1,2023-01-09
SHIP09680,CUST5797,Sporting Goods,B,Ship,Delhi-Bangalore,4,3,4224.04,7,20.4,2745,10,12,0,2023-03-08
SHIP09681,CUST2455,Fashion,B,Road,Hyderabad-Pune,7,1,1374.59,0,13.8,2414,7,6,1,2023-03-16
SHIP09682,CUST5453,Cosmetics,D,Ship,Mumbai-Chennai,4,3,2588.37,5,40.9,2991,5,8,0,2023-02-04
SHIP09683,CUST5012,Books,B,Road,Hyderabad-Pune,5,2,2772.27,3,25.3,2874,7,9,0,2023-11-02
SHIP09684,CUST6157,Fashion,F,Ship,Hyderabad-Pune,3,4,4484.17,5,19.0,6286,6,10,0,2023-07-19
SHIP09685,CUST3940,Cosmetics,B,Flight,Delhi-Mumbai,6,2,4179.17,3,56.7,1744,3,2,1,2023-08-31
SHIP09686,CUST6028,Sporting Goods,C,Road,Kolkata-Delhi,4,2,3939.38,3,9.2,6999,4,4,1,2023-08-14
SHIP09687,CUST7098,Sporting Goods,D,Flight,Kolkata-Delhi,6,4,645.44,6,53.9,1758,7,8,0,2023-12-30
SHIP09688,CUST2896,Books,C,Road,Delhi-Bangalore,6,1,4356.17,7,9.3,4062,8,7,1,2023-04-18
SHIP09689,CUST2859,Electronics,D,Road,Hyderabad-Pune,1,3,378.81,8,61.6,2140,9,11,0,2023-11-24
SHIP09690,CUST1292,Cosmetics,A,Road,Hyderabad-Pune,6,1,1981.77,4,45.0,3264,4,6,0,2023-09-21
SHIP09691,CUST7902,Electronics,A,Road,Delhi-Bangalore,5,1,2660.68,1,1.9,4528,7,9,0,2023-05-09
SHIP09692,CUST7754,Sporting Goods,F,Ship,Hyderabad-Pune,3,1,3759.04,3,37.1,5376,5,9,0,2023-07-13
SHIP09693,CUST4001,Sporting Goods,C,Flight,Delhi-Bangalore,1,2,3747.47,0,19.3,4835,5,4,1,2023-01-05
SHIP09694,CUST5591,Fashion,F,Ship,Bangalore-Chennai,4,2,2092.85,7,28.4,5719,4,4,1,2023-04-01
SHIP09695,CUST7546,Electronics,C,Road,Delhi-Bangalore,6,3,1985.6,1,10.8,3239,5,7,0,2023-01-11
SHIP09696,CUST7923,Sporting Goods,D,Ship,Delhi-Bangalore,2,5,1560.4,4,22.0,1379,10,9,1,2023-08-23
SHIP09697,CUST3564,Books,B,Road,Kolkata-Delhi,2,5,722.85,8,0.9,5955,5,5,1,2023-09-03
SHIP09698,CUST8671,Sporting Goods,B,Flight,Delhi-Bangalore,5,1,3663.77,2,8.9,6830,7,7,1,2023-10-12
SHIP09699,CUST5532,Books,F,Flight,Kolkata-Delhi,4,2,2551.04,1,14.7,5260,5,10,0,2023-01-03
SHIP09700,CUST7140,Books,F,Road,Bangalore-Chennai,3,1,391.35,2,62.8,4749,7,11,0,2023-08-03
SHIP09701,CUST2464,Electronics,F,Ship,Hyderabad-Pune,4,5,666.02,3,28.6,6559,9,10,0,2023-02-15
SHIP09702,CUST8839,Books,B,Road,Delhi-Mumbai,3,1,462.7,6,59.2,4833,4,6,0,2023-01-08
SHIP09703,CUST2097,Sporting Goods,C,Road,Mumbai-Chennai,5,4,3604.36,8,49.5,1797,6,8,0,2023-12-05
SHIP09704,CUST3416,Cosmetics,C,Road,Delhi-Bangalore,3,4,694.5,8,50.8,2886,7,12,0,2023-02-24
SHIP09705,CUST5392,Home & Garden,C,Road,Kolkata-Delhi,4,4,4657.59,3,39.7,6326,3,4,0,2023-01-20
SHIP09706,CUST8889,Cosmetics,A,Ship,Delhi-Mumbai,2,4,793.61,1,3.3,4412,4,9,0,2023-11-09
SHIP09707,CUST2606,Cosmetics,F,Flight,Delhi-Mumbai,7,2,4608.41,8,59.2,1727,10,13,0,2023-06-26
SHIP09708,CUST2724,Home & Garden,C,Flight,Kolkata-Delhi,4,4,2592.65,5,49.9,2946,3,2,1,2023-08-22
SHIP09709,CUST6809,Books,D,Flight,Kolkata-Delhi,2,1,321.11,1,38.3,2201,4,3,1,2023-07-07
SHIP09710,CUST7099,Electronics,F,Road,Kolkata-Delhi,7,1,4079.81,8,32.6,3147,3,7,0,2023-08-11
SHIP09711,CUST6474,Home & Garden,B,Ship,Mumbai-Chennai,7,1,2001.56,4,47.9,3419,9,10,0,2023-01-21
SHIP09712,CUST4400,Electronics,D,Ship,Delhi-Mumbai,4,2,4649.76,7,19.8,2992,4,6,0,2023-09-10
SHIP09713,CUST3405,Books,B,Ship,Delhi-Mumbai,6,3,1823.89,3,27.6,3170,5,10,0,2023-11-13
SHIP09714,CUST2151,Fashion,C,Flight,Delhi-Bangalore,4,3,4739.46,4,42.4,3294,8,13,0,2023-11-29
SHIP09715,CUST8390,Sporting Goods,C,Ship,Delhi-Mumbai,2,1,2926.88,2,25.4,3488,4,4,1,2023-05-30
SHIP09716,CUST7344,Electronics,A,Ship,Delhi-Mumbai,3,4,3839.2,4,53.0,2143,7,10,0,2023-08-28
SHIP09717,CUST8926,Sporting Goods,C,Road,Mumbai-Chennai,5,1,1375.57,8,29.7,2451,3,3,1,2023-01-06
SHIP09718,CUST3018,Books,D,Flight,Delhi-Bangalore,1,1,3703.11,0,16.8,5930,5,10,0,2023-11-07
SHIP09719,CUST8086,Books,D,Flight,Delhi-Mumbai,3,2,1995.43,7,56.0,4070,3,5,0,2023-11-19
SHIP09720,CUST7392,Cosmetics,C,Road,Delhi-Mumbai,1,2,4093.32,1,59.7,6612,9,12,0,2023-01-04
SHIP09721,CUST3876,Fashion,D,Flight,Bangalore-Chennai,3,3,1998.74,5,56.5,3112,9,14,0,2023-05-25
SHIP09722,CUST6765,Books,A,Flight,Delhi-Bangalore,1,3,1339.94,6,54.6,4822,5,5,1,2023-07-22
SHIP09723,CUST6030,Home & Garden,B,Flight,Bangalore-Chennai,2,3,2096.38,1,2.1,2912,5,8,0,2023-05-30
SHIP09724,CUST7641,Books,B,Road,Hyderabad-Pune,7,4,1785.96,8,54.4,4521,9,12,0,2023-02-20
SHIP09725,CUST7756,Fashion,F,Road,Mumbai-Chennai,6,5,785.4,2,62.3,6005,8,12,0,2023-01-21
SHIP09726,CUST3208,Sporting Goods,A,Ship,Kolkata-Delhi,5,4,1398.04,6,61.1,3388,10,11,0,2023-01-06
SHIP09727,CUST4362,Electronics,C,Road,Kolkata-Delhi,5,2,845.41,0,56.2,2189,9,11,0,2023-09-09
SHIP09728,CUST4166,Electronics,C,Ship,Mumbai-Chennai,1,5,1445.82,4,47.3,2131,4,7,0,2023-02-13
SHIP09729,CUST1652,Cosmetics,B,Road,Delhi-Bangalore,5,5,4652.26,2,3.1,2396,4,3,1,2023-12-26
SHIP09730,CUST1995,Fashion,B,Flight,Delhi-Bangalore,6,1,1787.4,5,48.9,3250,10,12,0,2023-07-31
SHIP09731,CUST2384,Fashion,C,Ship,Kolkata-Delhi,7,1,3573.71,6,0.6,4857,8,12,0,2023-02-04
SHIP09732,CUST4736,Electronics,C,Ship,Kolkata-Delhi,4,2,4590.96,2,21.6,4528,4,4,1,2023-02-05
SHIP09733,CUST8412,Books,B,Road,Bangalore-Chennai,7,3,3679.4,2,53.3,4241,6,11,0,2023-04-24
SHIP09734,CUST1101,Fashion,A,Flight,Delhi-Mumbai,1,2,253.61,0,62.5,5024,9,11,0,2023-07-01
SHIP09735,CUST1772,Electronics,A,Flight,Delhi-Bangalore,2,4,950.4,4,8.2,1207,9,11,0,2023-03-21
SHIP09736,CUST6545,Books,A,Ship,Mumbai-Chennai,4,3,527.43,2,31.4,6757,6,5,1,2023-11-13
SHIP09737,CUST7129,Books,C,Ship,Kolkata-Delhi,5,5,2955.46,4,21.9,5599,7,7,1,2023-07-24
SHIP09738,CUST8250,Cosmetics,F,Road,Hyderabad-Pune,7,3,4973.46,6,1.3,2479,6,8,0,2023-05-08
SHIP09739,CUST1669,Electronics,A,Ship,Mumbai-Chennai,2,2,108.98,1,21.9,4046,7,9,0,2023-05-16
SHIP09740,CUST5287,Home & Garden,B,Flight,Hyderabad-Pune,2,5,4440.69,5,15.3,4591,6,8,0,2023-06-20
SHIP09741,CUST3302,Books,B,Flight,Delhi-Mumbai,6,4,1366.46,3,36.8,1963,9,10,0,2023-03-14
SHIP09742,CUST2158,Electronics,C,Ship,Delhi-Bangalore,6,5,1290.94,1,53.5,6477,4,9,0,2023-08-12
SHIP09743,CUST9363,Fashion,F,Road,Mumbai-Chennai,2,3,839.46,3,2.2,3945,6,7,0,2023-04-20
SHIP09744,CUST5437,Electronics,F,Road,Delhi-Mumbai,3,5,4777.04,6,38.8,2806,10,15,0,2023-08-27
SHIP09745,CUST1039,Cosmetics,D,Road,Delhi-Bangalore,5,3,585.3,3,26.4,6354,10,9,1,2023-04-19
SHIP09746,CUST8038,Sporting Goods,D,Road,Delhi-Bangalore,5,1,4143.98,1,54.4,1383,4,3,1,2023-04-18
SHIP09747,CUST6693,Fashion,C,Flight,Mumbai-Chennai,5,5,3767.73,7,28.3,3456,4,8,0,2023-07-08
SHIP09748,CUST3459,Electronics,B,Ship,Kolkata-Delhi,1,3,4473.52,8,37.9,2808,8,9,0,2023-05-10
SHIP09749,CUST6859,Cosmetics,D,Flight,Bangalore-Chennai,2,2,4430.74,5,57.0,2539,9,11,0,2023-06-04
SHIP09750,CUST1875,Electronics,A,Ship,Delhi-Mumbai,6,2,1660.45,2,23.1,1812,3,4,0,2023-02-27
SHIP09751,CUST4185,Books,B,Ship,Kolkata-Delhi,7,4,3788.51,3,15.7,1483,6,9,0,2023-08-01
SHIP09752,CUST5755,Cosmetics,F,Ship,Bangalore-Chennai,5,5,550.58,0,8.7,3937,10,14,0,2023-03-04
SHIP09753,CUST4534,Electronics,D,Ship,Bangalore-Chennai,7,1,2359.29,2,44.8,2918,7,8,0,2023-10-08
SHIP09754,CUST2081,Cosmetics,D,Road,Delhi-Bangalore,3,1,521.18,0,55.0,2804,3,5,0,2023-07-09
SHIP09755,CUST9389,Electronics,D,Flight,Kolkata-Delhi,7,5,3506.87,4,63.3,3606,7,10,0,2023-08-05
SHIP09756,CUST2012,Books,B,Ship,Hyderabad-Pune,2,3,3586.28,3,22.9,5236,5,6,0,2023-03-10
SHIP09757,CUST1697,Books,A,Flight,Kolkata-Delhi,3,4,4886.29,7,39.1,6699,4,7,0,2023-09-29
SHIP09758,CUST6546,Sporting Goods,A,Flight,Bangalore-Chennai,7,5,2615.68,7,61.0,4025,7,8,0,2023-01-27
SHIP09759,CUST3145,Books,B,Ship,Kolkata-Delhi,3,2,1884.3,2,18.5,6185,8,9,0,2023-03-24
SHIP09760,CUST1801,Cosmetics,F,Ship,Kolkata-Delhi,5,4,4050.36,0,62.8,6804,5,5,1,2023-03-07
SHIP09761,CUST1339,Fashion,A,Ship,Hyderabad-Pune,7,4,4611.83,2,0.7,6546,8,7,1,2023-11-16
SHIP09762,CUST6850,Home & Garden,B,Road,Delhi-Mumbai,1,5,2711.88,2,26.6,5866,7,6,1,2023-10-02
SHIP09763,CUST8431,Fashion,D,Flight,Hyderabad-Pune,3,1,4410.84,8,47.3,2545,5,7,0,2023-07-20
SHIP09764,CUST7302,Fashion,B,Flight,Bangalore-Chennai,1,3,1572.56,1,44.7,5164,9,12,0,2023-06-10
SHIP09765,CUST4935,Electronics,A,Flight,Delhi-Bangalore,6,2,1270.46,4,41.7,2957,8,10,0,2023-07-07
SHIP09766,CUST4536,Home & Garden,F,Ship,Mumbai-Chennai,7,1,4333.98,7,27.8,3927,9,9,1,2024-01-01
SHIP09767,CUST9738,Cosmetics,C,Ship,Hyderabad-Pune,4,4,2262.26,7,51.1,5000,3,8,0,2023-08-13
SHIP09768,CUST3822,Fashion,D,Road,Delhi-Bangalore,3,3,4504.55,1,5.1,5570,4,8,0,2023-06-06
SHIP09769,CUST4353,Electronics,F,Ship,Delhi-Bangalore,4,3,4137.64,4,27.1,6748,5,7,0,2023-03-27
SHIP09770,CUST8903,Fashion,F,Road,Mumbai-Chennai,6,3,4797.18,2,31.9,1482,10,14,0,2023-06-22
SHIP09771,CUST2616,Books,D,Ship,Kolkata-Delhi,7,1,4369.38,2,60.7,5987,8,7,1,2023-05-16
SHIP09772,CUST1770,Cosmetics,A,Road,Delhi-Mumbai,2,3,3396.12,4,21.1,5096,3,5,0,2023-11-03
SHIP09773,CUST6292,Electronics,D,Ship,Delhi-Mumbai,6,3,2802.92,2,34.2,6843,7,9,0,2023-10-11
SHIP09774,CUST4996,Fashion,A,Road,Delhi-Mumbai,4,3,4698.18,4,28.3,6913,6,6,1,2023-12-25
SHIP09775,CUST9427,Fashion,F,Ship,Mumbai-Chennai,1,4,1642.73,4,10.9,2231,10,12,0,2023-10-16
SHIP09776,CUST6159,Fashion,B,Ship,Hyderabad-Pune,1,2,4252.62,2,17.2,3483,3,3,1,2023-09-27
SHIP09777,CUST7783,Cosmetics,B,Road,Hyderabad-Pune,5,4,2633.67,3,7.2,4080,5,6,0,2023-06-07
SHIP09778,CUST3603,Books,B,Flight,Mumbai-Chennai,7,5,3642.35,0,17.5,5296,9,14,0,2023-11-20
SHIP09779,CUST8466,Sporting Goods,C,Ship,Bangalore-Chennai,7,5,2555.86,3,61.6,1954,8,12,0,2023-09-08
SHIP09780,CUST3898,Sporting Goods,C,Road,Hyderabad-Pune,5,3,2089.37,7,47.6,2192,4,9,0,2023-01-23
SHIP09781,CUST1554,Sporting Goods,A,Road,Hyderabad-Pune,4,4,120.82,0,22.5,3229,5,10,0,2023-09-04
SHIP09782,CUST8342,Cosmetics,B,Flight,Hyderabad-Pune,4,1,655.95,8,28.1,2402,3,5,0,2023-07-07
SHIP09783,CUST1500,Cosmetics,C,Ship,Hyderabad-Pune,2,3,2478.07,8,37.8,2489,5,5,1,2023-03-22
SHIP09784,CUST8611,Cosmetics,A,Flight,Mumbai-Chennai,1,4,4748.69,1,32.1,1240,10,12,0,2023-11-20
SHIP09785,CUST6335,Books,C,Ship,Mumbai-Chennai,3,2,4680.53,1,62.3,1818,9,9,1,2023-10-02
SHIP09786,CUST1608,Home & Garden,F,Ship,Bangalore-Chennai,2,4,699.68,8,21.1,6747,4,6,0,2023-08-13
SHIP09787,CUST2524,Sporting Goods,D,Ship,Delhi-Mumbai,3,3,673.36,6,50.5,2056,5,10,0,2023-01-07
SHIP09788,CUST7800,Home & Garden,F,Flight,Delhi-Mumbai,4,2,1637.03,2,64.9,2207,9,13,0,2023-03-12
SHIP09789,CUST3586,Fashion,B,Flight,Mumbai-Chennai,5,1,3241.41,1,17.5,4302,6,5,1,2023-05-14
SHIP09790,CUST5989,Home & Garden,D,Road,Mumbai-Chennai,2,5,164.05,5,43.1,6079,3,6,0,2023-02-20
SHIP09791,CUST4831,Fashion,B,Road,Delhi-Bangalore,3,5,1489.11,0,37.7,2648,7,6,1,2023-02-09
SHIP09792,CUST9797,Home & Garden,F,Ship,Delhi-Mumbai,1,5,4446.66,5,27.2,3098,9,14,0,2023-02-08
SHIP09793,CUST3620,Cosmetics,B,Road,Mumbai-Chennai,7,4,3717.03,0,48.3,2588,8,8,1,2023-06-08
SHIP09794,CUST9951,Books,B,Flight,Mumbai-Chennai,4,4,2772.21,3,4.8,2088,7,9,0,2023-03-20
SHIP09795,CUST4466,Cosmetics,F,Road,Delhi-Bangalore,1,3,4686.28,2,50.8,4842,4,3,1,2023-12-06
SHIP09796,CUST2543,Electronics,C,Ship,Mumbai-Chennai,2,1,1098.42,7,51.3,4535,6,10,0,2023-06-01
SHIP09797,CUST5693,Cosmetics,F,Ship,Mumbai-Chennai,6,3,3090.51,1,2.9,2259,10,13,0,2023-04-14
SHIP09798,CUST4738,Books,F,Flight,Delhi-Mumbai,4,3,4274.7,1,35.5,3046,5,8,0,2023-09-30
SHIP09799,CUST4046,Books,C,Flight,Hyderabad-Pune,7,2,3603.82,4,60.8,2471,6,9,0,2023-04-03
SHIP09800,CUST2429,Sporting Goods,F,Flight,Kolkata-Delhi,2,4,4547.28,7,41.4,4365,7,11,0,2023-10-29
SHIP09801,CUST2269,Fashion,A,Ship,Kolkata-Delhi,2,1,511.81,7,35.1,4365,5,10,0,2023-07-28
SHIP09802,CUST4564,Home & Garden,C,Flight,Bangalore-Chennai,4,2,4750.56,7,62.5,6831,7,12,0,2023-11-21
SHIP09803,CUST3309,Sporting Goods,D,Ship,Kolkata-Delhi,2,4,2944.68,3,60.2,2016,8,12,0,2023-03-17
SHIP09804,CUST8139,Sporting Goods,F,Flight,Hyderabad-Pune,2,2,4230.04,2,23.2,3320,6,11,0,2023-08-20
SHIP09805,CUST6087,Home & Garden,D,Ship,Bangalore-Chennai,6,1,491.12,2,62.2,3665,5,5,1,2023-07-22
SHIP09806,CUST4521,Home & Garden,A,Ship,Mumbai-Chennai,5,3,4375.87,0,11.4,4740,3,3,1,2023-02-16
SHIP09807,CUST8416,Cosmetics,D,Ship,Hyderabad-Pune,6,4,4738.37,4,11.5,4161,6,10,0,2023-07-28
SHIP09808,CUST9386,Fashion,F,Flight,Delhi-Mumbai,1,3,1248.1,3,62.2,1750,3,3,1,2023-11-25
SHIP09809,CUST4168,Books,B,Ship,Delhi-Bangalore,1,4,3462.14,1,14.0,5195,9,10,0,2023-05-08
SHIP09810,CUST1348,Sporting Goods,F,Road,Mumbai-Chennai,3,4,3130.89,4,32.1,4185,8,8,1,2023-04-06
SHIP09811,CUST1019,Electronics,D,Road,Kolkata-Delhi,6,2,2297.05,7,21.4,6608,10,9,1,2023-06-27
SHIP09812,CUST1827,Cosmetics,C,Ship,Delhi-Bangalore,6,4,2499.7,7,21.5,3486,5,4,1,2023-10-30
SHIP09813,CUST4159,Electronics,F,Flight,Delhi-Mumbai,5,4,2363.75,4,39.2,6386,3,8,0,2023-07-02
SHIP09814,CUST7599,Sporting Goods,B,Flight,Bangalore-Chennai,2,3,4248.1,3,6.7,1082,8,11,0,2023-04-23
SHIP09815,CUST4163,Electronics,F,Ship,Mumbai-Chennai,4,4,4584.86,6,46.0,1770,5,4,1,2023-12-29
SHIP09816,CUST5217,Fashion,F,Road,Kolkata-Delhi,1,4,4386.1,0,12.5,4566,10,14,0,2023-05-23
SHIP09817,CUST2892,Electronics,F,Road,Hyderabad-Pune,4,1,2688.09,8,12.6,2379,6,9,0,2023-07-05
SHIP09818,CUST1736,Cosmetics,F,Ship,Delhi-Mumbai,1,4,2065.29,3,14.3,4184,10,13,0,2023-04-15
SHIP09819,CUST5771,Fashion,F,Ship,Hyderabad-Pune,5,5,2934.23,4,3.5,5672,10,10,1,2023-03-22
SHIP09820,CUST7622,Electronics,F,Ship,Mumbai-Chennai,3,2,160.3,6,22.7,2574,4,3,1,2023-02-20
SHIP09821,CUST6219,Fashion,A,Flight,Bangalore-Chennai,4,4,1975.58,8,24.1,1271,4,8,0,2023-08-20
SHIP09822,CUST8547,Fashion,C,Road,Hyderabad-Pune,1,1,2412.57,0,50.7,6221,3,7,0,2023-01-15
SHIP09823,CUST7288,Cosmetics,C,Road,Delhi-Bangalore,4,3,4137.33,8,11.2,4390,5,5,1,2023-08-06
SHIP09824,CUST2299,Cosmetics,A,Road,Kolkata-Delhi,7,5,2896.42,6,22.5,5713,6,8,0,2023-08-03
SHIP09825,CUST7954,Books,D,Road,Bangalore-Chennai,2,1,2041.14,7,54.8,4296,3,4,0,2023-04-19
SHIP09826,CUST4270,Cosmetics,D,Ship,Kolkata-Delhi,2,3,677.2,3,19.6,3103,10,13,0,2023-08-03
SHIP09827,CUST7765,Electronics,D,Flight,Mumbai-Chennai,3,4,4537.0,2,56.1,2452,8,8,1,2023-08-29
SHIP09828,CUST3806,Cosmetics,D,Road,Kolkata-Delhi,7,3,2673.65,7,0.4,3304,6,8,0,2023-07-07
SHIP09829,CUST4807,Fashion,A,Road,Delhi-Bangalore,6,2,2495.55,5,41.6,5298,7,10,0,2023-02-07
SHIP09830,CUST7326,Electronics,A,Flight,Delhi-Bangalore,6,1,3112.31,2,4.6,5103,10,12,0,2023-08-23
SHIP09831,CUST3107,Electronics,D,Flight,Bangalore-Chennai,4,4,2568.02,8,40.4,5178,6,9,0,2023-08-12
SHIP09832,CUST4612,Cosmetics,C,Flight,Bangalore-Chennai,4,1,631.92,2,40.7,6557,6,10,0,2023-12-09
SHIP09833,CUST9132,Sporting Goods,A,Flight,Delhi-Bangalore,7,5,3666.03,2,24.2,3586,3,7,0,2023-06-21
SHIP09834,CUST2322,Books,D,Road,Mumbai-Chennai,1,1,1758.31,0,11.4,2145,6,7,0,2023-07-29
SHIP09835,CUST8567,Sporting Goods,C,Flight,Bangalore-Chennai,3,5,4074.71,6,61.0,4244,3,4,0,2023-07-02
SHIP09836,CUST7228,Cosmetics,A,Flight,Hyderabad-Pune,3,3,4570.31,4,39.1,6065,4,6,0,2023-03-19
SHIP09837,CUST8476,Cosmetics,B,Flight,Delhi-Bangalore,2,3,1435.15,8,57.9,3196,7,8,0,2023-06-08
SHIP09838,CUST1412,Books,B,Road,Kolkata-Delhi,5,5,1824.26,6,43.5,3003,5,5,1,2023-10-27
SHIP09839,CUST3505,Sporting Goods,C,Ship,Hyderabad-Pune,5,5,4026.03,7,4.8,3409,9,12,0,2023-10-08
SHIP09840,CUST6717,Sporting Goods,D,Road,Bangalore-Chennai,5,2,3316.63,8,16.5,4950,3,3,1,2023-04-07
SHIP09841,CUST2777,Sporting Goods,C,Road,Kolkata-Delhi,2,1,4567.85,2,21.6,5461,8,9,0,2023-08-26
SHIP09842,CUST7354,Home & Garden,F,Road,Mumbai-Chennai,1,2,2865.26,0,44.1,6413,6,7,0,2023-08-09
SHIP09843,CUST7264,Electronics,B,Flight,Kolkata-Delhi,2,1,1674.26,6,45.6,5914,5,7,0,2023-03-30
SHIP09844,CUST1813,Home & Garden,F,Ship,Delhi-Mumbai,2,2,2480.05,7,17.4,1185,4,6,0,2023-02-16
SHIP09845,CUST4656,Electronics,F,Road,Hyderabad-Pune,6,1,804.65,0,45.2,5770,4,3,1,2023-05-09
SHIP09846,CUST9950,Fashion,D,Road,Mumbai-Chennai,7,5,4541.34,0,11.3,4291,3,7,0,2023-10-02
SHIP09847,CUST4477,Cosmetics,A,Flight,Kolkata-Delhi,3,1,600.78,3,58.6,4482,6,7,0,2023-11-26
SHIP09848,CUST8689,Fashion,C,Road,Kolkata-Delhi,3,1,3385.23,3,27.5,4434,6,10,0,2023-09-10
SHIP09849,CUST1022,Cosmetics,B,Flight,Delhi-Bangalore,7,3,4113.11,0,40.8,2335,4,8,0,2023-05-11
SHIP09850,CUST6260,Electronics,C,Ship,Mumbai-Chennai,2,2,3492.98,4,60.7,3409,7,6,1,2023-07-30
SHIP09851,CUST5010,Books,F,Road,Bangalore-Chennai,3,1,2435.64,7,17.3,1714,10,11,0,2023-02-27
SHIP09852,CUST9562,Cosmetics,D,Ship,Hyderabad-Pune,2,3,2687.25,7,55.7,2679,7,7,1,2023-12-13
SHIP09853,CUST1833,Electronics,D,Ship,Hyderabad-Pune,4,5,539.27,4,31.2,6454,5,4,1,2023-11-12
SHIP09854,CUST8255,Fashion,C,Road,Delhi-Mumbai,2,3,332.36,6,10.3,6580,8,7,1,2023-09-05
SHIP09855,CUST7299,Sporting Goods,C,Flight,Delhi-Mumbai,3,3,4721.57,4,23.2,2675,6,8,0,2023-01-27
SHIP09856,CUST4389,Fashion,B,Ship,Hyderabad-Pune,5,3,492.76,2,40.1,4970,10,10,1,2023-02-16
SHIP09857,CUST4994,Home & Garden,C,Flight,Mumbai-Chennai,5,5,1611.91,7,46.3,6419,9,14,0,2023-07-11
SHIP09858,CUST9033,Cosmetics,D,Ship,Bangalore-Chennai,2,4,3237.96,1,23.5,1560,5,4,1,2023-12-18
SHIP09859,CUST4036,Cosmetics,D,Ship,Delhi-Mumbai,4,1,2979.01,5,29.5,1834,4,8,0,2023-02-21
SHIP09860,CUST9270,Electronics,A,Ship,Hyderabad-Pune,4,5,3905.45,6,56.2,1859,7,9,0,2023-04-01
SHIP09861,CUST6336,Electronics,A,Ship,Delhi-Bangalore,6,4,3407.64,3,39.5,3725,5,4,1,2023-10-02
SHIP09862,CUST1813,Sporting Goods,D,Road,Delhi-Mumbai,4,5,3669.8,7,20.0,5112,9,13,0,2023-06-28
SHIP09863,CUST1137,Electronics,D,Ship,Kolkata-Delhi,6,3,4527.86,3,19.0,6012,8,9,0,2023-06-24
SHIP09864,CUST7294,Books,F,Ship,Kolkata-Delhi,4,4,4839.96,4,22.4,6724,7,12,0,2023-12-02
SHIP09865,CUST4601,Electronics,D,Road,Delhi-Bangalore,4,3,583.2,2,44.8,6567,4,9,0,2023-09-19
SHIP09866,CUST6004,Home & Garden,D,Road,Delhi-Bangalore,6,3,1839.3,3,22.5,3627,7,10,0,2023-06-21
SHIP09867,CUST5639,Fashion,A,Flight,Delhi-Bangalore,7,1,4480.34,6,41.7,2995,8,11,0,2023-03-21
SHIP09868,CUST4694,Fashion,F,Road,Kolkata-Delhi,7,2,512.85,1,22.0,4393,6,11,0,2023-08-18
SHIP09869,CUST4343,Home & Garden,C,Flight,Mumbai-Chennai,4,1,3492.7,3,54.3,6505,4,9,0,2023-06-25
SHIP09870,CUST6311,Fashion,B,Ship,Mumbai-Chennai,2,2,1583.83,1,15.5,1206,10,10,1,2023-01-07
SHIP09871,CUST3947,Cosmetics,B,Ship,Hyderabad-Pune,2,1,4919.05,0,25.7,2514,8,10,0,2023-12-03
SHIP09872,CUST1306,Cosmetics,F,Ship,Kolkata-Delhi,7,1,491.25,0,47.8,6331,3,7,0,2023-01-29
SHIP09873,CUST8680,Electronics,B,Road,Mumbai-Chennai,2,1,729.97,1,56.4,5969,7,10,0,2023-04-22
SHIP09874,CUST5543,Cosmetics,C,Flight,Hyderabad-Pune,2,4,2127.49,4,60.8,1145,5,9,0,2023-02-11
SHIP09875,CUST3402,Sporting Goods,B,Road,Delhi-Bangalore,5,2,1433.81,8,21.5,1937,6,5,1,2023-04-30
SHIP09876,CUST7348,Home & Garden,F,Ship,Delhi-Bangalore,7,3,1463.56,4,39.1,4106,7,7,1,2023-02-16
SHIP09877,CUST9240,Cosmetics,F,Road,Hyderabad-Pune,4,4,2545.88,3,19.0,4019,6,7,0,2023-02-28
SHIP09878,CUST6158,Cosmetics,C,Ship,Bangalore-Chennai,2,3,2295.33,8,32.1,6280,5,8,0,2023-01-28
SHIP09879,CUST2620,Home & Garden,F,Ship,Bangalore-Chennai,6,4,1978.88,2,51.5,6177,6,9,0,2023-12-11
SHIP09880,CUST8101,Cosmetics,D,Ship,Kolkata-Delhi,7,2,769.7,2,26.8,3161,7,9,0,2023-05-08
SHIP09881,CUST1109,Books,F,Flight,Bangalore-Chennai,1,4,4791.86,2,42.1,5745,9,12,0,2023-04-20
SHIP09882,CUST2800,Fashion,B,Flight,Mumbai-Chennai,2,5,2866.32,4,33.3,1009,3,2,1,2023-02-12
SHIP09883,CUST2624,Electronics,F,Flight,Hyderabad-Pune,4,1,1492.18,8,41.1,4070,5,9,0,2023-11-30
SHIP09884,CUST4131,Fashion,B,Road,Kolkata-Delhi,3,4,3079.33,1,42.3,5720,9,13,0,2023-07-22
SHIP09885,CUST2504,Home & Garden,F,Flight,Delhi-Bangalore,3,4,420.65,4,9.7,5892,6,5,1,2023-04-20
SHIP09886,CUST2839,Electronics,C,Road,Bangalore-Chennai,2,3,2418.93,1,21.1,5312,6,9,0,2023-04-29
SHIP09887,CUST8407,Fashion,F,Flight,Bangalore-Chennai,6,3,3829.99,7,60.7,5959,3,7,0,2023-11-30
SHIP09888,CUST8889,Cosmetics,B,Road,Kolkata-Delhi,1,2,154.49,6,42.6,4223,7,6,1,2023-01-13
SHIP09889,CUST2947,Fashion,D,Flight,Mumbai-Chennai,7,5,3032.36,8,10.0,2287,9,11,0,2023-12-22
SHIP09890,CUST2307,Cosmetics,A,Road,Kolkata-Delhi,4,4,4943.93,6,54.8,3782,10,15,0,2023-11-18
SHIP09891,CUST7765,Fashion,F,Road,Hyderabad-Pune,7,1,2624.58,5,63.6,5494,7,10,0,2023-07-23
SHIP09892,CUST3345,Home & Garden,B,Road,Bangalore-Chennai,2,3,2987.38,1,3.3,6848,5,7,0,2023-11-05
SHIP09893,CUST8776,Cosmetics,D,Flight,Mumbai-Chennai,7,4,2931.45,3,43.3,6508,3,6,0,2023-04-16
SHIP09894,CUST4870,Electronics,F,Ship,Delhi-Bangalore,3,2,945.17,6,6.7,1501,9,12,0,2023-04-25
SHIP09895,CUST8693,Books,C,Road,Delhi-Bangalore,2,4,1090.64,8,46.5,6621,4,8,0,2023-12-21
SHIP09896,CUST9504,Fashion,D,Flight,Mumbai-Chennai,7,1,4343.03,2,32.3,5160,6,5,1,2023-11-29
SHIP09897,CUST8464,Books,C,Road,Delhi-Bangalore,1,5,4366.56,8,57.6,3728,4,8,0,2023-06-13
SHIP09898,CUST9073,Sporting Goods,A,Ship,Delhi-Bangalore,2,5,3863.62,1,9.2,1681,5,4,1,2023-04-06
SHIP09899,CUST7673,Cosmetics,A,Road,Kolkata-Delhi,1,5,3035.33,0,31.0,5605,3,3,1,2023-02-07
SHIP09900,CUST9844,Home & Garden,F,Road,Kolkata-Delhi,6,4,470.14,4,23.5,1306,10,12,0,2023-02-23
SHIP09901,CUST6131,Electronics,A,Flight,Kolkata-Delhi,3,4,2596.91,4,41.1,4171,8,11,0,2023-06-16
SHIP09902,CUST4598,Books,D,Road,Kolkata-Delhi,2,5,2352.11,8,56.3,5125,10,13,0,2023-11-21
SHIP09903,CUST5829,Fashion,A,Flight,Delhi-Mumbai,6,5,2882.45,0,21.7,4966,10,11,0,2023-07-15
SHIP09904,CUST8545,Electronics,F,Flight,Delhi-Mumbai,3,1,1224.47,3,23.7,3238,9,10,0,2023-09-04
SHIP09905,CUST7640,Books,B,Flight,Mumbai-Chennai,2,5,4446.57,7,54.3,2531,9,11,0,2023-07-11
SHIP09906,CUST5532,Cosmetics,B,Ship,Kolkata-Delhi,3,2,1846.44,4,53.5,1694,10,13,0,2023-09-05
SHIP09907,CUST2494,Books,C,Ship,Bangalore-Chennai,1,2,1606.91,3,22.8,2887,6,8,0,2023-12-18
SHIP09908,CUST9071,Electronics,C,Ship,Bangalore-Chennai,3,5,3112.4,3,5.3,5394,4,5,0,2023-12-30
SHIP09909,CUST4584,Fashion,F,Ship,Mumbai-Chennai,5,1,3994.92,0,27.6,5461,3,2,1,2023-02-25
SHIP09910,CUST9757,Electronics,A,Flight,Hyderabad-Pune,1,4,4485.51,2,2.2,5829,7,8,0,2023-12-25
SHIP09911,CUST6784,Sporting Goods,D,Ship,Delhi-Bangalore,3,3,380.24,8,39.5,3912,5,7,0,2023-11-20
SHIP09912,CUST9395,Electronics,B,Flight,Bangalore-Chennai,3,2,4157.04,3,64.1,4955,5,4,1,2023-08-15
SHIP09913,CUST2317,Home & Garden,D,Road,Delhi-Bangalore,2,1,3737.64,3,58.2,6976,3,4,0,2023-02-21
SHIP09914,CUST8502,Electronics,C,Road,Delhi-Mumbai,1,1,2187.39,4,5.0,5490,5,8,0,2023-01-12
SHIP09915,CUST1164,Books,B,Road,Bangalore-Chennai,2,2,292.53,3,30.7,4511,8,12,0,2023-10-20
SHIP09916,CUST5776,Fashion,A,Road,Delhi-Mumbai,4,4,3554.12,4,45.1,6161,6,5,1,2023-02-27
SHIP09917,CUST6423,Home & Garden,A,Road,Hyderabad-Pune,1,4,606.98,2,18.0,1089,7,11,0,2023-11-13
SHIP09918,CUST8261,Books,C,Flight,Bangalore-Chennai,1,1,2337.02,5,59.7,5670,8,7,1,2023-05-10
SHIP09919,CUST9360,Cosmetics,A,Flight,Mumbai-Chennai,2,4,2360.95,6,8.8,1475,5,4,1,2023-07-29
SHIP09920,CUST5013,Cosmetics,D,Road,Bangalore-Chennai,1,2,2423.51,4,41.6,4176,3,8,0,2023-02-01
SHIP09921,CUST2158,Sporting Goods,D,Flight,Delhi-Bangalore,4,3,3855.74,6,6.2,6226,7,8,0,2023-10-21
SHIP09922,CUST5309,Books,D,Ship,Kolkata-Delhi,7,4,1961.98,8,48.9,4172,6,9,0,2023-05-10
SHIP09923,CUST2314,Fashion,A,Flight,Bangalore-Chennai,6,3,2338.18,5,10.5,1462,6,9,0,2023-03-03
SHIP09924,CUST5914,Books,D,Ship,Delhi-Bangalore,2,3,720.03,4,46.6,3289,7,9,0,2023-12-03
SHIP09925,CUST7180,Home & Garden,D,Flight,Hyderabad-Pune,2,4,765.95,6,52.0,3486,10,14,0,2023-08-06
SHIP09926,CUST2047,Fashion,C,Flight,Kolkata-Delhi,4,3,4742.21,5,34.8,2690,4,9,0,2023-06-07
SHIP09927,CUST7102,Books,C,Ship,Mumbai-Chennai,2,4,2813.01,4,12.0,4593,3,7,0,2023-03-19
SHIP09928,CUST8486,Sporting Goods,B,Flight,Delhi-Bangalore,4,4,1417.17,5,57.6,3988,9,8,1,2023-05-16
SHIP09929,CUST2920,Sporting Goods,B,Road,Mumbai-Chennai,2,3,3820.37,8,42.7,3982,6,8,0,2023-05-08
SHIP09930,CUST2213,Electronics,C,Ship,Bangalore-Chennai,7,2,3047.58,2,64.0,3604,8,8,1,2023-08-07
SHIP09931,CUST1565,Cosmetics,A,Flight,Hyderabad-Pune,4,2,1699.15,2,54.9,4800,8,8,1,2023-12-04
SHIP09932,CUST1496,Electronics,F,Flight,Mumbai-Chennai,1,3,381.58,1,14.2,1869,6,11,0,2023-05-11
SHIP09933,CUST2264,Fashion,F,Road,Delhi-Mumbai,3,3,1990.71,5,18.0,2473,5,4,1,2023-09-26
SHIP09934,CUST8606,Home & Garden,D,Road,Bangalore-Chennai,3,4,4292.73,6,17.8,3587,9,12,0,2023-06-29
SHIP09935,CUST6498,Fashion,F,Flight,Delhi-Bangalore,4,4,1148.82,7,20.9,4745,3,2,1,2023-10-02
SHIP09936,CUST3637,Cosmetics,F,Flight,Delhi-Mumbai,5,4,4023.22,0,39.6,1159,6,10,0,2023-06-30
SHIP09937,CUST9039,Home & Garden,C,Ship,Mumbai-Chennai,7,3,1319.21,7,57.0,4659,6,8,0,2023-03-28
SHIP09938,CUST6901,Sporting Goods,F,Ship,Delhi-Bangalore,6,4,4746.94,2,25.5,5713,10,13,0,2023-10-16
SHIP09939,CUST8721,Sporting Goods,A,Flight,Kolkata-Delhi,7,2,2305.43,0,29.6,6464,7,9,0,2023-10-28
SHIP09940,CUST7047,Electronics,D,Ship,Hyderabad-Pune,2,1,4151.21,0,34.6,2028,6,11,0,2023-02-05
SHIP09941,CUST8429,Cosmetics,D,Road,Bangalore-Chennai,1,1,2394.9,7,4.6,6727,7,12,0,2023-03-19
SHIP09942,CUST4876,Sporting Goods,A,Road,Delhi-Mumbai,5,1,1435.96,1,40.4,5791,5,5,1,2023-09-30
SHIP09943,CUST1979,Home & Garden,B,Road,Kolkata-Delhi,4,3,989.41,7,17.8,6629,3,4,0,2024-01-01
SHIP09944,CUST3123,Fashion,F,Road,Mumbai-Chennai,4,2,410.02,6,3.3,5193,5,4,1,2023-06-28
SHIP09945,CUST2735,Sporting Goods,A,Ship,Mumbai-Chennai,3,5,3924.32,3,47.5,4356,3,3,1,2023-02-18
SHIP09946,CUST2619,Sporting Goods,D,Flight,Delhi-Bangalore,7,3,3106.13,3,52.1,5918,6,5,1,2023-12-17
SHIP09947,CUST8786,Home & Garden,D,Ship,Bangalore-Chennai,4,3,1528.68,6,33.9,3302,7,7,1,2023-09-10
SHIP09948,CUST7089,Home & Garden,C,Flight,Mumbai-Chennai,7,1,1566.05,8,9.3,5175,9,9,1,2023-05-12
SHIP09949,CUST6644,Books,B,Ship,Bangalore-Chennai,3,3,3641.61,1,11.8,5064,9,10,0,2023-09-29
SHIP09950,CUST2630,Sporting Goods,F,Ship,Kolkata-Delhi,6,1,2733.07,6,56.5,6318,10,13,0,2023-03-02
SHIP09951,CUST8289,Cosmetics,A,Flight,Mumbai-Chennai,1,5,1686.97,8,58.8,3609,3,3,1,2023-06-20
SHIP09952,CUST2357,Home & Garden,C,Ship,Kolkata-Delhi,2,1,2817.71,4,12.6,2795,7,6,1,2023-10-15
SHIP09953,CUST3169,Electronics,A,Flight,Mumbai-Chennai,3,4,2724.22,6,54.1,2432,7,8,0,2023-05-12
SHIP09954,CUST2067,Books,B,Flight,Mumbai-Chennai,4,5,1764.48,5,13.0,1946,9,9,1,2023-04-23
SHIP09955,CUST1058,Electronics,A,Ship,Kolkata-Delhi,1,3,4167.21,8,31.2,6116,5,10,0,2023-06-06
SHIP09956,CUST8138,Electronics,F,Road,Delhi-Bangalore,4,4,1658.8,8,33.4,3527,5,10,0,2023-08-14
SHIP09957,CUST2846,Fashion,F,Road,Hyderabad-Pune,2,4,2285.31,6,43.5,5938,5,5,1,2023-05-05
SHIP09958,CUST7355,Fashion,D,Road,Delhi-Mumbai,3,1,657.53,2,62.9,4585,10,10,1,2023-02-25
SHIP09959,CUST1612,Books,C,Flight,Kolkata-Delhi,6,5,1745.76,5,27.2,2710,7,12,0,2023-02-23
SHIP09960,CUST6691,Electronics,F,Ship,Delhi-Bangalore,2,2,1961.62,4,11.1,1404,4,9,0,2023-04-20
SHIP09961,CUST5640,Electronics,D,Flight,Hyderabad-Pune,7,4,2081.02,4,50.8,4912,10,14,0,2023-03-19
SHIP09962,CUST2931,Cosmetics,A,Ship,Mumbai-Chennai,1,5,649.96,1,38.7,5588,6,10,0,2023-03-02
SHIP09963,CUST9860,Sporting Goods,F,Ship,Hyderabad-Pune,4,2,3650.99,4,15.3,2549,10,14,0,2023-08-09
SHIP09964,CUST2561,Cosmetics,D,Flight,Delhi-Mumbai,3,1,3520.45,2,44.0,1538,10,15,0,2023-03-29
SHIP09965,CUST4278,Books,F,Ship,Hyderabad-Pune,3,3,1016.59,3,44.1,6059,3,2,1,2023-10-22
SHIP09966,CUST2736,Home & Garden,B,Flight,Mumbai-Chennai,4,1,3290.54,6,60.5,4146,9,14,0,2023-08-30
SHIP09967,CUST9660,Cosmetics,F,Ship,Delhi-Mumbai,6,1,4172.55,0,29.0,4824,3,8,0,2023-10-15
SHIP09968,CUST2151,Fashion,C,Flight,Bangalore-Chennai,5,4,3480.58,8,11.1,5320,9,10,0,2023-10-28
SHIP09969,CUST8557,Sporting Goods,C,Flight,Delhi-Bangalore,7,2,3161.95,0,22.3,5332,9,9,1,2023-10-01
SHIP09970,CUST2833,Home & Garden,F,Ship,Bangalore-Chennai,7,2,1454.8,8,5.9,1697,4,4,1,2023-02-06
SHIP09971,CUST3771,Books,F,Road,Mumbai-Chennai,4,2,108.13,2,1.0,6417,7,8,0,2023-02-13
SHIP09972,CUST8889,Home & Garden,C,Flight,Bangalore-Chennai,4,2,2169.86,2,17.2,3543,5,6,0,2023-02-14
SHIP09973,CUST9181,Sporting Goods,F,Road,Mumbai-Chennai,3,2,3488.44,8,14.3,3498,8,8,1,2023-07-28
SHIP09974,CUST4840,Fashion,A,Flight,Delhi-Mumbai,4,5,2588.5,1,0.7,6946,5,5,1,2023-06-23
SHIP09975,CUST1042,Home & Garden,B,Road,Hyderabad-Pune,3,4,3039.4,8,11.1,5527,5,6,0,2023-10-23
SHIP09976,CUST6028,Home & Garden,D,Road,Bangalore-Chennai,4,3,945.49,8,1.5,6616,9,12,0,2023-11-26
SHIP09977,CUST2593,Fashion,D,Ship,Hyderabad-Pune,2,2,2872.86,0,57.4,4935,7,12,0,2023-10-08
SHIP09978,CUST8184,Sporting Goods,D,Ship,Bangalore-Chennai,7,2,694.95,8,51.0,4272,5,4,1,2023-04-15
SHIP09979,CUST5015,Home & Garden,A,Road,Delhi-Mumbai,6,3,3854.22,4,33.6,3175,10,10,1,2023-05-13
SHIP09980,CUST8162,Books,C,Ship,Delhi-Mumbai,5,2,1753.15,1,43.1,2528,4,9,0,2023-09-27
SHIP09981,CUST9465,Electronics,F,Flight,Hyderabad-Pune,3,1,4156.32,6,1.5,5256,5,5,1,2023-07-23
SHIP09982,CUST4808,Home & Garden,F,Road,Hyderabad-Pune,6,2,3908.17,3,51.1,3591,9,10,0,2023-04-02
SHIP09983,CUST7838,Home & Garden,C,Ship,Delhi-Mumbai,3,1,4882.18,1,37.5,6996,9,11,0,2023-12-05
SHIP09984,CUST7155,Cosmetics,D,Flight,Delhi-Mumbai,2,4,2406.91,2,27.1,5370,9,11,0,2023-09-08
SHIP09985,CUST4588,Books,B,Flight,Delhi-Bangalore,7,3,295.36,6,21.3,6642,5,10,0,2023-10-19
SHIP09986,CUST9049,Fashion,D,Flight,Hyderabad-Pune,1,5,962.98,2,38.4,3923,8,11,0,2023-07-27
SHIP09987,CUST1520,Sporting Goods,F,Road,Delhi-Bangalore,4,5,2548.2,5,17.4,6615,7,7,1,2023-10-13
SHIP09988,CUST3560,Fashion,B,Ship,Bangalore-Chennai,4,2,2155.45,0,19.6,6652,8,7,1,2023-11-05
SHIP09989,CUST3725,Books,A,Ship,Mumbai-Chennai,2,3,2459.6,2,41.6,2830,7,12,0,2023-06-05
SHIP09990,CUST4468,Sporting Goods,B,Ship,Hyderabad-Pune,4,2,2785.69,5,34.8,2825,9,13,0,2023-11-28
SHIP09991,CUST5894,Sporting Goods,C,Ship,Delhi-Bangalore,3,2,2973.94,6,17.9,1684,7,10,0,2023-12-27
SHIP09992,CUST6005,Electronics,A,Road,Delhi-Mumbai,7,3,1992.83,8,26.0,1918,7,9,0,2023-08-26
SHIP09993,CUST6035,Books,C,Road,Bangalore-Chennai,1,3,1280.12,7,59.2,6034,8,12,0,2023-04-16
SHIP09994,CUST8227,Cosmetics,F,Flight,Delhi-Mumbai,2,4,495.97,1,45.5,6266,6,7,0,2023-07-14
SHIP09995,CUST1340,Cosmetics,B,Flight,Hyderabad-Pune,4,2,1192.95,8,34.0,5035,10,13,0,2023-12-21
SHIP09996,CUST1965,Cosmetics,A,Ship,Bangalore-Chennai,2,5,3633.41,8,11.7,1556,3,8,0,2023-06-02
SHIP09997,CUST8084,Sporting Goods,C,Flight,Mumbai-Chennai,6,3,3497.22,3,53.7,4647,10,12,0,2023-09-05
SHIP09998,CUST4817,Home & Garden,D,Road,Bangalore-Chennai,4,1,2112.18,4,62.0,3142,3,8,0,2023-07-19
SHIP09999,CUST4530,Cosmetics,C,Road,Hyderabad-Pune,1,3,3127.14,0,30.9,6421,4,9,0,2023-06-29
SHIP10000,CUST3574,Home & Garden,A,Road,Bangalore-Chennai,5,4,657.86,4,39.0,4825,4,5,0,2023-06-05
